Date,BAC_JPM,GS_MS,CVX_XOM,BAC_MS,JPM_MS,GS_JPM,BAC_GS,AXP_JPM,AXP_BAC,BLK_MS
2015-03-31,0.8263747075710335,0.876767556916729,0.8915042799780614,0.7448958406885663,0.8078854697243882,0.8671240117556765,0.7303930487405623,0.35018767736140305,0.2181406639961235,0.8122320072529882
2015-04-01,0.8167599434978052,0.8621372033255598,0.8820733660284509,0.731914150074205,0.7896159104437969,0.8310616762237368,0.706361685461314,0.3106892396155592,0.1878196745722059,0.7869919058196302
2015-04-02,0.808242476756185,0.8546670797201513,0.8816899664506371,0.71680017312973,0.7762367363529953,0.8171927573269931,0.6881156724794965,0.2906339797018938,0.16516447235731274,0.7795057651969753
2015-04-06,0.8087378924841065,0.8509851808964817,0.8897410567321176,0.7169917178683498,0.7810598229066471,0.8229016455655975,0.688493460970315,0.29421206899125507,0.15918614698433148,0.7755229664072045
2015-04-07,0.8003989948067197,0.8481584633931767,0.8863204031785369,0.7107431047056103,0.7763663639048313,0.8182069293337235,0.6804168033693654,0.26664171689790145,0.13972501064014678,0.7723756464670934
2015-04-08,0.7954580761629985,0.842543858760425,0.9010724653928511,0.7075603507538175,0.770731814010909,0.8134599164724288,0.6719043994777136,0.25791573305452964,0.13455261691589035,0.7671956951618757
2015-04-09,0.7946023319544628,0.8415908647823791,0.8958397855571426,0.7041044959099514,0.7695019333060421,0.8120738089719169,0.6677811588533027,0.25644364153730675,0.13055796476396225,0.7653836946806468
2015-04-10,0.7982534762884493,0.8361970065787253,0.8937591571670489,0.6970874133995838,0.7651046266161958,0.8122338219572508,0.6698148136847729,0.25746459551521317,0.13077967509075386,0.7710586869809224
2015-04-13,0.7931968366435095,0.8280420563410303,0.8936241885137189,0.6840025218948733,0.7551316481504186,0.7953083280129856,0.6517279148018851,0.20765875709808473,0.09562152118806815,0.7738205611375452
2015-04-14,0.7550111708376059,0.8276454532633142,0.8958243482716312,0.684683011167694,0.7572583588450614,0.8121486230092244,0.6730217256726074,0.18674608935266393,0.0554201328489355,0.773139272894833
2015-04-15,0.7189046936058583,0.8421804508004662,0.8925063620625494,0.660182554980995,0.7614696005948852,0.8430764989189014,0.6606990259451677,0.1886180080372818,0.04850242137934819,0.7739817368976154
2015-04-16,0.7047307754061977,0.8423638768903124,0.8973365550852472,0.6553693958199007,0.7592871665062743,0.8435166831305165,0.6490632006840134,0.18477870611652067,0.06930300743356138,0.768542835036391
2015-04-17,0.7129793338731768,0.8492102914523322,0.897480065507896,0.666288292458632,0.7661098480234261,0.8491173351757393,0.6548203252347689,0.2329020696520001,0.10813529201183998,0.7782821787743754
2015-04-20,0.6806917508527397,0.8429349176630435,0.8980955795416131,0.6535081514301607,0.7564291466041808,0.8377280963523629,0.6242549040462976,0.34628363672485224,0.2534579091850324,0.7691918295408334
2015-04-21,0.6636104169645254,0.8417842535426499,0.8951631335910928,0.6507263711697545,0.7515468268111694,0.8361030729681098,0.6208553767135815,0.3417026688079175,0.2560794706074339,0.7677621001573464
2015-04-22,0.6688845164373647,0.8419873110087293,0.8897032121409739,0.6587796136330809,0.7538173667374622,0.8367864803314738,0.625164803209323,0.3499068762174753,0.2784106273924479,0.7706199490989
2015-04-23,0.6633347769183179,0.8433069949131073,0.8896003064361285,0.6508834104198202,0.7471161536413993,0.8348425819650472,0.6137987928688634,0.34390728185409264,0.27094812934696516,0.7666648064598559
2015-04-24,0.6322386183644993,0.8326437958147002,0.8704145850345095,0.6285883372953591,0.7310130977837533,0.8254537327911262,0.5880965773866582,0.34201814015629256,0.26506310050682746,0.7543534409191214
2015-04-27,0.6243027907448281,0.8301439207677288,0.869835124937373,0.6214490443918925,0.725971289395411,0.8217289858600959,0.5797029379470939,0.34332480323953735,0.26507668328069356,0.75708010886974
2015-04-28,0.6053623464036081,0.8256801908232988,0.8717345473229372,0.6088349623493878,0.7180348088031194,0.8090237125789033,0.559411252148242,0.32238542233010337,0.24649930245633367,0.742500205197967
2015-04-29,0.5966804831522643,0.8198882940494155,0.8590912254911558,0.601162387095564,0.7131558629734644,0.7997064337130146,0.5373978065324891,0.2937032623193029,0.20922799981606752,0.6529917174318022
2015-04-30,0.5674517593948016,0.8167018216598005,0.8413683895140524,0.5883432909986922,0.7055525596054414,0.7874106682433675,0.49559233335279584,0.2580348857335247,0.16632074720760479,0.6457938633925276
2015-05-01,0.5649459993522601,0.8155006525275196,0.7563037051505815,0.5857385078681063,0.7035515766070299,0.7854923726617717,0.4932661043699767,0.26027499764337775,0.16969308917417172,0.6426871810254311
2015-05-04,0.5802985624457467,0.8188427595505828,0.7478346797969293,0.5896783785462378,0.7049347812922383,0.7846478216689224,0.4915408695915352,0.2645455769381387,0.16944115144304353,0.6547900747712383
2015-05-05,0.5549822798045644,0.8177614564885347,0.7489166703289807,0.5624353365711044,0.6930119565996647,0.7803717725310543,0.4761440693683147,0.2642921472346778,0.16803437317469433,0.6571688579820585
2015-05-06,0.5550877754813225,0.8186894338790978,0.749391124387281,0.5615439743247417,0.6964876450817435,0.7822232923942388,0.4726911526447995,0.2615069751695521,0.1690581616018583,0.6592139305165408
2015-05-07,0.5477660163176713,0.8145404002196918,0.7498747274568259,0.5516539563746328,0.6948514856071211,0.7795432881199353,0.46778059404010436,0.2581689093172315,0.16166432247825366,0.6558979887224825
2015-05-08,0.5580186745068504,0.8197334266209744,0.7523208671295424,0.5594184258918261,0.7003841616402686,0.8075353611566447,0.49787392245778306,0.2675015227670947,0.17181244862147008,0.6611142187301203
2015-05-11,0.53348651129399,0.8174597469113515,0.7452495419321625,0.5482492503098514,0.6884098930816529,0.8030368904054868,0.4871630738823694,0.48968357457213635,0.37101923880255827,0.6438622310439319
2015-05-12,0.534706460409695,0.8180958820830594,0.7386728068436799,0.5474851060805611,0.6868430689407927,0.8043831860306024,0.4873237679223775,0.5176609563341322,0.3796307430683988,0.6489851159500312
2015-05-13,0.5350339121053348,0.817646716260589,0.7358973679186267,0.5473747375995814,0.6866533951184094,0.8034986924148676,0.48784503260170425,0.5123512784868433,0.3820391104053263,0.6510085045631061
2015-05-14,0.5165585400177694,0.8166012819119965,0.7256571209958298,0.53300801225404,0.6804081602159139,0.8031206947564814,0.4813081038481747,0.5439058553498466,0.4201710778271431,0.6511341094399671
2015-05-15,0.5169749154186997,0.8137412087789643,0.7129452585013664,0.5375531564527812,0.6817907889363158,0.8034321885485836,0.47865786879516514,0.5465505454597286,0.4206486033319811,0.6502241793397203
2015-05-18,0.5153875850396089,0.813096151668333,0.7143557932777631,0.5380224514583863,0.6811123068347315,0.8027374788012306,0.4746405146097281,0.5377343943066625,0.40288437914787706,0.6520609208371702
2015-05-19,0.5125869981259226,0.8108262618197534,0.6969849399069105,0.5334387237653561,0.6781482910951178,0.7999981554319738,0.4654188656364356,0.5558022342956781,0.43471657046387907,0.6563120046555361
2015-05-20,0.5001107216100954,0.8072647974708789,0.6979125424250214,0.5262568315871524,0.6816682416394634,0.8052764844561378,0.4586142979167309,0.5610271262755424,0.43043392382568213,0.6543087034167944
2015-05-21,0.498180839547478,0.8057099415271347,0.697817481659247,0.531323974501225,0.6821489914210522,0.8088040272810678,0.4642087774182694,0.5616141537968194,0.4247614758232542,0.6548969117697845
2015-05-22,0.5596118870338844,0.8187446760558034,0.6923627560424512,0.5161483363430381,0.7012688361192012,0.7889759838364974,0.5110255366416386,0.5516813305707895,0.5152777809232433,0.6587588854213513
2015-05-26,0.5708360805395456,0.8210871160808546,0.7019162416564344,0.5198860967847722,0.703496139738829,0.790866574782612,0.5017871403161944,0.5604834280115923,0.5072935883278423,0.6592086189430978
2015-05-27,0.5755915252985678,0.8223017385474305,0.700318965427452,0.5292270883510648,0.7067053134212075,0.7928253660841955,0.5058673915215324,0.5521632650512932,0.4945191189888533,0.6594760821708154
2015-05-28,0.5773674562290281,0.8231379411345995,0.6990135305717399,0.5332779707919424,0.7130266019102695,0.7943796591447053,0.5071245586814046,0.551320379568832,0.4937310057675199,0.656577921610028
2015-05-29,0.5902548443525049,0.8265910897528864,0.6998059600481248,0.5318870490757368,0.7377839973897601,0.8044068643330992,0.5100248280444304,0.5662107031774185,0.48381683728374575,0.663972025333032
2015-06-01,0.6009632646220872,0.8316291528499408,0.6988428067082376,0.5262174746056107,0.7476218196236317,0.8057342491840148,0.5135649460754517,0.5693785913403747,0.47750363320223477,0.6581935881971785
2015-06-02,0.6664700337062998,0.8489222489259857,0.6926733176741917,0.5277549882432048,0.769972886058219,0.7929609194922682,0.554185473587922,0.5559636829886576,0.5147258694227188,0.6632895252421229
2015-06-03,0.6828794071265072,0.8502440258525503,0.6993543051094528,0.5380661135181941,0.7754623106157756,0.7956075727441755,0.5623264502010475,0.561056210828172,0.5228552532728329,0.6650408547198174
2015-06-04,0.6464821094524029,0.8393636208397269,0.6973800328473057,0.5076844438066157,0.763366367818002,0.7583844523717661,0.4979006562976955,0.5385367249254197,0.5032641420083063,0.6442659419532903
2015-06-05,0.6763712718819841,0.8414967603760451,0.7028094971714294,0.5363690558793706,0.7684896772194255,0.7547668177194473,0.4926735380038067,0.5271672030813537,0.4843345974194311,0.6385496431684429
2015-06-08,0.7077050176804385,0.8250834034131816,0.691190338689415,0.6883457730392206,0.801439375029558,0.7410830038310121,0.5501442871513945,0.4960643980199405,0.5265724394741464,0.5793776364706734
2015-06-09,0.7069477201879921,0.8360059527987777,0.6888772276423687,0.7004791723966107,0.8051752136267541,0.7338311803398985,0.5293267022886727,0.48923487415535494,0.5323824231183949,0.5940671865521089
2015-06-10,0.7264008125169328,0.8430569041932147,0.6851565563837727,0.7158755543503333,0.8114365440351766,0.7389865331813711,0.5555369352718751,0.49362530451660935,0.5506226667807449,0.5932582391197041
2015-06-11,0.7195958954745549,0.8410091777445028,0.6900949572258785,0.7140871750488988,0.8088621580858092,0.737186359343747,0.5491791514297497,0.4911267893623275,0.5448965571775124,0.594224824582153
2015-06-12,0.7234515898742429,0.8430217104318763,0.6546504439685984,0.7218779454539129,0.8108629189151574,0.7423678803424455,0.566084574205997,0.4992071525160923,0.5649645579103215,0.5985750196714413
2015-06-15,0.7207866863273209,0.8345765707998786,0.6342936310321134,0.7028305118042182,0.8067069935568588,0.7370253377079151,0.540996895212318,0.4999452024779843,0.5831968866410476,0.5669938670857739
2015-06-16,0.7180655407474583,0.8338184335189427,0.6607518895436189,0.69805913248368,0.8049229181247554,0.7364818359375672,0.5245104904623522,0.49240004358311723,0.5694140686428537,0.5631478588916692
2015-06-17,0.713138784298392,0.8332728127208223,0.6942127853901385,0.6957875538680367,0.805898993213703,0.7337752974454447,0.5205035899929187,0.4679532966953572,0.5239928192794696,0.556051937595521
2015-06-18,0.702154202282895,0.8332365267695522,0.6859037183311112,0.6943366874203372,0.8129827647661604,0.7369346133376963,0.5127005441592234,0.45944310381383613,0.5136286843218085,0.5585602252468331
2015-06-19,0.6985620354568968,0.8176848912301476,0.6902926091300766,0.6882646411245992,0.8057590632980154,0.7229851629165939,0.4942387219964131,0.4397790378806586,0.4994585119073842,0.5358951083535739
2015-06-22,0.7074555802213012,0.8243280426493217,0.6833529043921308,0.6968700535109812,0.8137390641719384,0.7302189543062879,0.5151095465868607,0.45763241779667735,0.5318660099961473,0.5340021429024383
2015-06-23,0.71370519879648,0.8258752530133663,0.6782270201157847,0.71362947075098,0.8191452453730523,0.7348719778692665,0.52862689364894,0.4537973170660273,0.5231645185948884,0.5374569444040653
2015-06-24,0.7182477576415917,0.8291648814572481,0.6320728551449701,0.7164655444868089,0.8284193517679281,0.7342510070307692,0.5340613606195841,0.4859308135979753,0.5370510976605474,0.5396908204244423
2015-06-25,0.7170794094208373,0.8212506069073979,0.6327635543244318,0.7156365863344782,0.831462944800422,0.7365765389546032,0.5284405369867844,0.505740596915118,0.5585657896016717,0.5513066167156736
2015-06-26,0.7189910624630991,0.8369069186339595,0.6332570649615754,0.7173269512526308,0.8455588767532024,0.8084603156030933,0.5594706111553862,0.524992515774515,0.5651687830398753,0.5712700609872433
2015-06-29,0.7612171908122624,0.8668433240916461,0.657039121780139,0.7638768462541148,0.8730685214716535,0.8538858089043823,0.6413588406176131,0.5812509446173946,0.6189062779987513,0.6396321498094351
2015-06-30,0.7624411939075303,0.8683814067795126,0.6417343740808039,0.7644457256189483,0.8737612533492265,0.8556086411152803,0.6443348654814053,0.5821577123045343,0.61994488319889,0.6454822789108471
2015-07-01,0.7728189924733395,0.8651591551920584,0.6321521391367588,0.7695821045174115,0.8780306529989634,0.855924609052471,0.6470345794274712,0.6155447727257717,0.6273906908855701,0.6487265703488511
2015-07-02,0.7796454937228237,0.8693907097610958,0.5930156755044793,0.7719280217753668,0.8821528460606199,0.8558329923061263,0.6527565988775043,0.6137295066622159,0.6225854901126913,0.6491201952578
2015-07-06,0.7797168791155411,0.8680558694137864,0.5978625760720334,0.7723433027380388,0.8823930799399402,0.8576451313925302,0.6551706190287179,0.6135541430906767,0.6239013688733281,0.6478439854603746
2015-07-07,0.7842612054717583,0.881351094137216,0.6078876620027331,0.778976900491178,0.8974000368740916,0.850733379372808,0.6443814140489538,0.608347371534914,0.6147982185689099,0.6440989770730502
2015-07-08,0.803213002371698,0.8907225475631168,0.6235626398133551,0.7973193916110779,0.9064657784719049,0.8664762507422891,0.6791249109275646,0.6424310990952748,0.6490662242389211,0.6728355086777347
2015-07-09,0.8204364579771614,0.887735210161407,0.5774622945577758,0.8084472209456232,0.9041658079445856,0.8614984354134957,0.6829311043404631,0.6494499228393878,0.651522102441507,0.667340840789917
2015-07-10,0.8889604435749363,0.8878816403712633,0.5495679697938068,0.8561456715805356,0.9049345069975298,0.8574598106564966,0.7483641723856274,0.6673664943525571,0.6730982803988046,0.6668045397033251
2015-07-13,0.9102597190316271,0.893159472379297,0.552636123819417,0.8672908445596464,0.9111387919889307,0.8618842418701236,0.7697296223243368,0.7127605925549539,0.6832778686037081,0.6834279543952843
2015-07-14,0.9025470904136977,0.8894380239746276,0.5593620070250765,0.8622811880117813,0.9067109909760673,0.8569437492626972,0.760797147781461,0.7299954904304459,0.7173503770330467,0.6593700309207561
2015-07-15,0.8603395235780178,0.8879326048812914,0.5582610289553431,0.8130425085129097,0.9061410508863763,0.8566077926540462,0.7331261149187757,0.7297051601943048,0.649293419978831,0.6496199995166562
2015-07-16,0.8659246537109605,0.8711890907312574,0.558434388929748,0.8098346093510806,0.9139824794703569,0.8428888236444761,0.6986973166981921,0.7505835267858947,0.6528979830675247,0.632814034749998
2015-07-17,0.8522756296121607,0.8709873515755275,0.5622211582133642,0.8072592474888935,0.8996122144544574,0.8289935183115239,0.6970488312786474,0.7388349226288343,0.6454920411865954,0.6296559940326594
2015-07-20,0.8518261305291661,0.8701481729927474,0.5526989826694719,0.8112145460263288,0.9031158602373545,0.8345581074995991,0.7027591507768006,0.7376962691226344,0.6439259010430809,0.6298363528017343
2015-07-21,0.8516369644664272,0.8710706443718612,0.5457049027848659,0.8107167845281931,0.9027023326652139,0.8346076147265991,0.7025528248532259,0.7384410685486489,0.6444927521695186,0.631323352058364
2015-07-22,0.8551173160574397,0.8705839581989001,0.5435306752944441,0.8117617564991163,0.9031492304188974,0.834431296883168,0.7029871195068451,0.7262303378579655,0.6307222115040978,0.6207502464963134
2015-07-23,0.8562029483709476,0.8744873928122093,0.5245327353128216,0.8181851854655489,0.9027812741820416,0.8358698133135976,0.7115758785093026,0.7147093569989106,0.6443136936383322,0.6362183066950625
2015-07-24,0.8565593659041268,0.869690789691697,0.5626359738844697,0.8170312192721934,0.901730393077292,0.8415897363772301,0.7260729708486201,0.743493047270589,0.682132118231085,0.7472362717262273
2015-07-27,0.8600584762055143,0.8734044851147509,0.5713048167745485,0.819109856653392,0.9005651753384486,0.8460256400462501,0.7349940750261146,0.7616172519746843,0.6954453347376688,0.7493086094795617
2015-07-28,0.8543244840280718,0.8700880830022311,0.7958740273233385,0.8135179032502714,0.900273319407886,0.8426134509102868,0.7351707216728719,0.7599030090761048,0.6948770641646859,0.7528407769965686
2015-07-29,0.8516750750908225,0.8683917945617935,0.8058717887836581,0.809275872746454,0.8975499871297883,0.8369461315979975,0.7280607142589665,0.7618714626477693,0.6951593608760287,0.7497109670129695
2015-07-30,0.8501012847300153,0.8650658273580629,0.8072311115986234,0.8092878409833237,0.8983873706196865,0.8367204715847346,0.7260604633432318,0.7581538174849626,0.6877921197721444,0.7442097553249868
2015-07-31,0.8529809516381608,0.8678825278808507,0.8667241342829286,0.8152341288085329,0.8982181271761183,0.8380205054660047,0.7319386272208812,0.7597573268527078,0.6812720415303976,0.7438193904650876
2015-08-03,0.8626399115007632,0.8693584838171948,0.863276606045169,0.8322139668235927,0.8972647290966594,0.8373002550387607,0.7380774581715517,0.7569381454868094,0.6898115399904002,0.7409402461032366
2015-08-04,0.8618297138153034,0.8714117504727174,0.8560634785473017,0.8294743640184091,0.8965532208199148,0.8289985117987093,0.7345980726982326,0.7553863831964445,0.685341461909504,0.7322796891786553
2015-08-05,0.8623431719774582,0.8706248849882507,0.8497689289404368,0.8334283771414006,0.9043732741134446,0.8338475019250547,0.7364126895255582,0.7642941832936152,0.689721969356166,0.7423891595811201
2015-08-06,0.8614288533781146,0.8718264995988496,0.8539474234475484,0.8385821366526275,0.910817220511688,0.8341156705717667,0.7363419004198003,0.7677937705128228,0.6895287217827262,0.7426254033920914
2015-08-07,0.8618039239900663,0.8744547347417757,0.8611628291164164,0.837489319355062,0.909393684577208,0.8335348653069693,0.7367043458538288,0.5461662352139013,0.4900474999333966,0.7406756546445862
2015-08-10,0.8679688859326705,0.876913156098639,0.8730032704216186,0.8446894422786211,0.910609820042646,0.836879205081814,0.7445025570491848,0.5550048733619513,0.5064830669444775,0.7486139669885468
2015-08-11,0.8725493183200371,0.8930580433943851,0.8690873523881567,0.8347863115757826,0.8946597672288253,0.8366464079817684,0.757634639534631,0.5468593647554938,0.4951816147923203,0.7622804328324723
2015-08-12,0.8752868813669258,0.8899349125597598,0.8722599897214537,0.8356137945370131,0.8917054235097998,0.8239251530117611,0.750488446801615,0.5483274370151832,0.4982287423724896,0.7699181908924094
2015-08-13,0.873881732323833,0.8877148428546423,0.881327684978035,0.8338164938134575,0.8906658073355266,0.8215255953313444,0.7498188094139974,0.5373153121744524,0.4840139292449182,0.7677762416755918
2015-08-14,0.8766592324743193,0.8919837220448509,0.8786269809593261,0.8351088786745244,0.8895880330333333,0.8256610551375049,0.7494975688157761,0.5355968098572564,0.4837206069027702,0.7741778587359164
2015-08-17,0.8777204554580635,0.8950506813058532,0.8511512633972785,0.8372141951138596,0.8961540527004763,0.8263655579584394,0.7497713852400483,0.5368626743941628,0.48360116762881256,0.7733361045787752
2015-08-18,0.8758652323033761,0.9057117299406016,0.8386646014194948,0.8379499641256942,0.8928022896025782,0.845758373829812,0.7643265174674457,0.5415753235574311,0.48174044352694945,0.7696760759776126
2015-08-19,0.8748560953028931,0.8999690935333918,0.8453023034293323,0.8382522059551301,0.8932739652367421,0.8397507348400199,0.7565226115345268,0.5311683007846646,0.47003970074921153,0.7702431163753591
2015-08-20,0.8861378777239727,0.9028445818500499,0.8497137936027928,0.8631708195257674,0.9067541619727453,0.8494113562561005,0.7712633618083066,0.5817652069940065,0.533659760755708,0.7748998629803454
2015-08-21,0.8976864836243509,0.9294279500908578,0.866579145182263,0.8712816314224757,0.9259119681047904,0.8796172366362808,0.795121563672379,0.6082457031875181,0.5648060614457375,0.8036580630959681
2015-08-24,0.9111134023396155,0.9432827442609266,0.8854269666374163,0.8935442113632888,0.9430354083660932,0.9037433708104057,0.8308821541809908,0.6487669146732993,0.6129097443215833,0.8111291399402248
2015-08-25,0.9106286244776908,0.9411792531118887,0.8623886524994782,0.8910605055860812,0.9420609174290685,0.9042771872380878,0.8317475005673426,0.6504106701155042,0.6091588771850985,0.8193660355944967
2015-08-26,0.9273543180170613,0.9498958841810824,0.8810219361614041,0.9100714703571772,0.9502891761846155,0.9154604936199159,0.8617396273186153,0.6827457074463457,0.6436850204070993,0.8432253074891491
2015-08-27,0.9286953715305453,0.952377798946569,0.8805236259691949,0.9107822096964124,0.9523890215446364,0.9188612974295031,0.8635276043635143,0.6902043763774595,0.6508669531492849,0.8456046236754908
2015-08-28,0.9286872846550679,0.956016965010579,0.8600589828305766,0.9107705679678213,0.9523683581773641,0.9224248063565982,0.8687301785803785,0.6913628876057101,0.6498653446431433,0.8517235246512453
2015-08-31,0.9272788389398625,0.95568438023445,0.8597964091616742,0.9043743458681528,0.9463994459686377,0.9215975717722915,0.8689653905137228,0.6978948517979755,0.6595720212877715,0.8157999597755057
2015-09-01,0.9355695500051988,0.9589518258577112,0.869721640171965,0.9112794823849557,0.9492576537440726,0.9295577732720245,0.8816794955220811,0.7289850679759884,0.6940878472210141,0.8275026981143706
2015-09-02,0.9385104625919345,0.9602628427329097,0.8638549333290801,0.9161372745885095,0.9507007021074759,0.9325190877143373,0.8904544297704231,0.7329091994939225,0.698865481741058,0.8322969300796859
2015-09-03,0.9372949831638788,0.9593814281172616,0.8635233916488836,0.9146479021111228,0.949715530325804,0.9317936638096297,0.8902477865752693,0.7285854541555985,0.6949887688225853,0.829383330416064
2015-09-04,0.9405743865827507,0.9566718228933545,0.8654120518694146,0.9167577421966354,0.9503228405858194,0.9319249033430015,0.8928018132270378,0.7334510356069518,0.7006668501119341,0.831923247669174
2015-09-08,0.9441467101207667,0.9591234420715716,0.8629382193495082,0.9221083562788872,0.9529026703827607,0.9348303492263066,0.8989730641719242,0.7433554479347024,0.7140410320984129,0.8425227805515036
2015-09-09,0.9449509216449637,0.9549478388278206,0.8654216508560264,0.9227666774003841,0.9533663447375966,0.9275217708291296,0.8938561338476394,0.7419056950087032,0.7137189389517937,0.8459326642309275
2015-09-10,0.9451955048066579,0.9553133643040655,0.865342890091924,0.9225756137420974,0.9529601943810138,0.9270595422722299,0.8940579837758781,0.74196187520874,0.7136413137110849,0.8402267140758034
2015-09-11,0.9460414559297574,0.9539524656867239,0.8655532505944156,0.9232353126564674,0.9519992737789277,0.9270726598010343,0.8952134428779512,0.7481684946485159,0.7263282924245488,0.8406302641298808
2015-09-14,0.9484614154901531,0.9540408005411677,0.8647831406696312,0.9240314606112996,0.9522101986089602,0.9261357236507974,0.8976172182570537,0.7471518526153264,0.7270556361633174,0.8410855663468499
2015-09-15,0.9494651120163857,0.955563290875226,0.8627608357555603,0.9257353850980409,0.9533781914413189,0.928479301301394,0.9005703562844445,0.7529289638025702,0.7329658463109557,0.8465799329297502
2015-09-16,0.946985023638696,0.9550414235338849,0.8680171904331435,0.9250844649352422,0.9515545581799958,0.9284192675086363,0.897572614126648,0.7514346949505958,0.7267991100813989,0.8395726201492411
2015-09-17,0.9482695794475445,0.9549897375495379,0.8680098336783549,0.9221911634576857,0.9494084085799862,0.9244986076378965,0.8929273279119828,0.7456901988630752,0.7190871828889651,0.8381120550399132
2015-09-18,0.9458934017507802,0.9570587601419231,0.8691539269114282,0.9212523144007205,0.9510664179292194,0.928847163836485,0.8916172723001059,0.7480018601744964,0.7219800445206227,0.8314935168205576
2015-09-21,0.9461522358367289,0.9563314644107809,0.8690445888957133,0.9216940769488022,0.951642739155357,0.9282372417612256,0.8908594303861342,0.75045680058622,0.7238050416987597,0.8324511872186632
2015-09-22,0.9463759283279568,0.9575688191183989,0.8696582631671427,0.9160353552641628,0.9460873288456524,0.9249079893069947,0.8869781893456344,0.7513631802494012,0.7237265966029696,0.8367700856034836
2015-09-23,0.9399337498094918,0.9559167247782051,0.8685115576314186,0.90990126837558,0.9440376680067439,0.9217604482170997,0.880513111039676,0.7412263218288433,0.7093888565532459,0.8302209832489337
2015-09-24,0.939677515016017,0.9557013596331608,0.8694583560237226,0.9105333753524959,0.943966564620047,0.9202605289008051,0.8803490287698222,0.7412375809408964,0.710712776917272,0.8308285362558963
2015-09-25,0.9406827920804977,0.9534955032790016,0.8712480765832703,0.9077229636469358,0.9390165254785463,0.9223019840086771,0.8827692703814273,0.7362130193363693,0.7073172387348385,0.8324633660254502
2015-09-28,0.9423676028242364,0.9540969769180577,0.8712479698079569,0.9102210826547696,0.9404851192079507,0.920859479381804,0.8835146842571947,0.745322173188464,0.717440904788014,0.8405453618824612
2015-09-29,0.9418177500500422,0.9536107139494365,0.8714092245911731,0.9093463970252543,0.9404456445548104,0.920620810967606,0.8835398899435671,0.7461714223722706,0.7174903006372811,0.8412962458835255
2015-09-30,0.9423323769000441,0.9552086196248123,0.8728360734742733,0.9127281359617893,0.9417234749147249,0.9239907613289086,0.8917201939858014,0.7517875096713549,0.7244091219746314,0.8445224036617651
2015-10-01,0.9385543126280087,0.9495281742763568,0.872347934334207,0.9114466324074251,0.9399967469635782,0.9214993231378962,0.8817581216454324,0.7421565764268598,0.7158543747970417,0.8417407469098961
2015-10-02,0.9366566625423749,0.9481357139409747,0.8771877284770014,0.9084847753116138,0.9394935906838816,0.9191564081865289,0.8741758869071534,0.7391649614576403,0.7077933970524637,0.8199979230184591
2015-10-05,0.9374222746144307,0.9491725713917122,0.8753737541180663,0.908545089099445,0.9397747828645897,0.9202907287843659,0.8754656510811173,0.7397659405934813,0.7067345447770123,0.8265203669710522
2015-10-06,0.9363360755923108,0.9477561480257017,0.8736215091541877,0.9064737752388343,0.9385510929842634,0.9188885389416959,0.8732432226846177,0.7341343413643584,0.7005588699539798,0.8224827367746441
2015-10-07,0.9379668726071717,0.9474852633359591,0.8735365773011337,0.9021101455182132,0.9320364332118298,0.9152960585911177,0.8718377582272399,0.73413722082289,0.7001747073918778,0.8311639104671185
2015-10-08,0.9565111393270458,0.9459539975236699,0.8746418296647988,0.9217813702951474,0.9318963584169623,0.9144707917144353,0.8837226853594227,0.7363845292348866,0.7294945211527369,0.8307865723657989
2015-10-09,0.9571397231213128,0.9508201076236148,0.8738235939887454,0.9229718106646496,0.9314668162530148,0.9182254895344496,0.8971116034316108,0.7354551963095823,0.7277692419201949,0.8363397091327902
2015-10-12,0.9621054114885856,0.9503196463512384,0.8735046742348921,0.9214208163644496,0.9346822333052864,0.9194914397051775,0.8938144392929533,0.7369133072172631,0.7276563784737784,0.8335982343492231
2015-10-13,0.961793990761512,0.9481772368456532,0.8749476600860988,0.9212710671077143,0.9349278034567443,0.9177256324814281,0.8933155199206603,0.7354342862326773,0.7243035427314675,0.8335420458488725
2015-10-14,0.9305220869544715,0.9477497178439777,0.8779568032432277,0.9198390627527463,0.9183810470672783,0.9095856688048038,0.8871894098149453,0.7305787157355229,0.7192206886438886,0.8193884307780139
2015-10-15,0.9341367628624679,0.9503990327776095,0.8781222087197403,0.9248341232640752,0.922397732146839,0.914961583527079,0.8951942166018291,0.7268843609127649,0.71841986668839,0.8215253462145025
2015-10-16,0.9310766798760497,0.9487280988809422,0.8775663225756762,0.919468299130494,0.9236827402922999,0.9141066585487619,0.8940505563817385,0.7372996200102633,0.7166889923557356,0.8215252555673762
2015-10-19,0.9304626967441766,0.8982252591014118,0.876456614395113,0.873976620197803,0.887109566507509,0.9135649749648047,0.8930888412739485,0.7363949913495637,0.712713410793633,0.8050233331338811
2015-10-20,0.9300796860283812,0.8986441241279849,0.8761111236031991,0.8741105617465376,0.8872990325726688,0.9122314480963517,0.8919884923018256,0.7327406679259942,0.70969474578857,0.806857349537624
2015-10-21,0.9307692254920422,0.8978429904121484,0.871568051639814,0.8780054700188041,0.8847011748599263,0.8985991205755295,0.8893081962915637,0.7332916497804167,0.7115187948006078,0.8099080483437173
2015-10-22,0.9310503325854445,0.9010221898145169,0.8722838382274338,0.880416730492974,0.8876686547331616,0.9024945013330619,0.8932093404267908,0.5977361132827997,0.587711013643518,0.8139761814180132
2015-10-23,0.9296462530723836,0.9014178412745144,0.871861098407593,0.8782145793013199,0.8881831244456351,0.9032571102619166,0.8928801965547732,0.6002006419873118,0.6020476457683075,0.8154637136963327
2015-10-26,0.9300575095787739,0.8991230324267602,0.863164725939797,0.87809952034537,0.8879118057035726,0.9015153362975855,0.8904920406983443,0.5997582197915904,0.6033048438479977,0.811411225176982
2015-10-27,0.9308394598303972,0.8989351990252944,0.8621018568926216,0.8789891712224231,0.8878348896885042,0.9015927136616284,0.890793147672399,0.5999542642415003,0.6035705395489139,0.8124715371557683
2015-10-28,0.927831932880604,0.9026179956698499,0.8644758267585497,0.8870468776078045,0.893911321730261,0.9061903181528487,0.8889783115893434,0.5955119983287074,0.5830588204275317,0.8274183351254027
2015-10-29,0.9271434691719096,0.899624974413035,0.8671141469501855,0.8822744847385771,0.8921563288046553,0.906076529227609,0.8890289416051534,0.5964936812106397,0.5836618099025325,0.8271609352886129
2015-10-30,0.9282356794580632,0.9004565933405002,0.8664563959875295,0.8833249305807237,0.8941096251715307,0.9071400281358176,0.8896420428417209,0.5994329397157085,0.5881708971218129,0.8212012247967538
2015-11-02,0.9287445218701808,0.901226284371386,0.8708655078815442,0.8848102081957828,0.8951158835318439,0.907490456748849,0.8910276292472818,0.688999046064588,0.6767901598750626,0.8203786322443268
2015-11-03,0.9280920918241493,0.8982888291445403,0.869798397874846,0.8816240935824269,0.8930721207420127,0.9066722450494308,0.8901588574767045,0.6865306679385003,0.6722685728311842,0.8156245380889926
2015-11-04,0.925495100111496,0.8960811174503301,0.8713963752230941,0.8788311413547282,0.896308960166687,0.9083198430315016,0.8854065797879686,0.6895968119748852,0.6743409090398927,0.8086222625146322
2015-11-05,0.9242698029746662,0.893949659287756,0.8734242199440828,0.8806420180272512,0.8976319626167764,0.9108397966702168,0.8843416446239591,0.6892923486714226,0.6705069282569329,0.8051532306745026
2015-11-06,0.9276791926309954,0.9022543418759859,0.8745005100392663,0.8869442023270304,0.9018895028554336,0.9153224580662104,0.8915410949195707,0.6852610256201209,0.665580067670919,0.7726908008406039
2015-11-09,0.9282829091525029,0.9015883982585691,0.8762086737572359,0.8862872715236706,0.9001622055295815,0.9157166382624131,0.8923990479373072,0.6879735244980967,0.668189800922213,0.7684819223310285
2015-11-10,0.9280059425241569,0.9015963094124577,0.887145166356446,0.8860189077392644,0.90021101016389,0.915742329353432,0.8924437231920402,0.6877464003328321,0.6672783879629867,0.7682456033792562
2015-11-11,0.9289959044333876,0.9013347686052195,0.8913671891075146,0.8860560435184021,0.9017867816469833,0.9173517485679149,0.8922622269539846,0.6881927997509188,0.6696884989448679,0.7679514807789737
2015-11-12,0.9301324818474109,0.9035292301475591,0.8908160002322218,0.8878388067710816,0.9031124849824544,0.9204077236433986,0.8967522929192628,0.6920380388115425,0.6743895905868702,0.7720817195318499
2015-11-13,0.9315792194246976,0.9015638229941118,0.8895040508257003,0.8848542889553981,0.9001939731962177,0.9184589828821667,0.9006251263950545,0.6815570441568828,0.6565346468465187,0.7662839509438328
2015-11-16,0.9273753474174131,0.8891821929446677,0.8883992279908577,0.8766518786183085,0.8909982987058586,0.9137920998408682,0.8958958007502452,0.6699499131326432,0.6437801703648874,0.7398227020815773
2015-11-17,0.9164369671984581,0.8744049717373709,0.8754948223318408,0.8563765518054487,0.8731371945538051,0.9026492476527337,0.8806069790296231,0.6379619158221792,0.608641259228484,0.7220223792317362
2015-11-18,0.9183757449752367,0.8761917441433476,0.8905742280406606,0.8608306259424041,0.8754172695914051,0.903615623859214,0.8824680011856664,0.6439209570497086,0.618344830123091,0.7224788769585575
2015-11-19,0.903411887360604,0.8667238592655047,0.8913983455089901,0.8442166796307514,0.8611863905768343,0.8992595744820907,0.8741635321390425,0.6084313059534489,0.5726506884150784,0.7097151137735314
2015-11-20,0.900948774200069,0.8613609997187951,0.8847290724604211,0.8396384873002268,0.8551280565941413,0.8941993760931031,0.8701453464480732,0.596023119185831,0.5615024337676608,0.6893925757199595
2015-11-23,0.9014977365851283,0.861089257399189,0.9041229025844996,0.8396759084318625,0.8549087156864079,0.8950619769828754,0.8709642056081417,0.5947308988826594,0.5604658612452772,0.6879038946513167
2015-11-24,0.9014585274981282,0.8615768690848262,0.9035521284847282,0.8443064085316484,0.8589085401302304,0.8961662509589452,0.8722699734779675,0.5948443082894802,0.560125206761641,0.7128308670950233
2015-11-25,0.8855794713001715,0.8493390775351066,0.901123970199703,0.830086364788015,0.8472080226400918,0.8871749808829533,0.8591412446229271,0.5363713757329012,0.4973165034508576,0.6900027191343279
2015-11-27,0.8826171652640301,0.8477525361844457,0.91204798265622,0.8259066846674048,0.8438556438511784,0.886205180708221,0.8565303860890966,0.5270459076150279,0.4870139598622642,0.6809101446418466
2015-11-30,0.8824158260708049,0.8431294607222529,0.913270603445182,0.8166374957986577,0.8269436126981053,0.8830863064372084,0.8557651266421816,0.5274953744434879,0.48660455324967733,0.6845806541797211
2015-12-01,0.8804837536088505,0.8437579651406331,0.9090507660895283,0.8178730213541662,0.8246338985443616,0.8802148804518374,0.8549902545121718,0.5178988189175298,0.4791369828771246,0.6579981061766006
2015-12-02,0.87251607198206,0.8351407211791705,0.916952926287815,0.8084849433209276,0.8152681681100011,0.8751325818665872,0.8455920494309924,0.5042487860628334,0.4577990337387871,0.6468009981227022
2015-12-03,0.8720650062588775,0.834958550039096,0.9151150782997434,0.8068444768237958,0.8144178240068704,0.8837178138890299,0.8564840694700951,0.5114063563339978,0.46561936976184687,0.6443273622698329
2015-12-04,0.8776454831942148,0.840863024803189,0.9150256764345279,0.8141208633869442,0.8199021945898012,0.8900306728376106,0.8642231296628821,0.5178946001610597,0.47463873022324815,0.6577700091342177
2015-12-07,0.8798463373473896,0.8447984019897888,0.9189119822383128,0.8180370215763375,0.8243313620132501,0.8907815988908426,0.8656579635429018,0.5220447530102906,0.4785806079799121,0.6647184168063699
2015-12-08,0.882719274516819,0.8468673947836763,0.9073022709021099,0.8212638720633287,0.8275012756088205,0.8921183899366181,0.8666543868933111,0.5271065608734978,0.48427884591919723,0.6715402939480248
2015-12-09,0.8795892735027352,0.8440453189464071,0.90962667236659,0.8137686402720946,0.8226241941122515,0.8898275240559034,0.8627143984874276,0.5091426244630255,0.46629996800463214,0.6682094167035462
2015-12-10,0.881747572476894,0.8437048822327772,0.9013703116054983,0.8136499212999171,0.8241765826723969,0.8883438170147043,0.8639925988575107,0.505088012035345,0.4709382750527526,0.6730149922992015
2015-12-11,0.8816540538280957,0.8527327538693813,0.9020949900455517,0.8259606845672923,0.834074211051684,0.8995228984264206,0.8783053914421681,0.531926801333849,0.5005052362812255,0.6984983833082998
2015-12-14,0.8812799979575868,0.844819316453019,0.903766814915783,0.8188880755666805,0.8239839751647444,0.8927121567444929,0.8758897698055154,0.5195211397433986,0.4896756554158186,0.7012465046173899
2015-12-15,0.8887120372278573,0.851929434205724,0.9062691034500674,0.8270318485073215,0.8318527573327752,0.8996767781628782,0.8848950437325058,0.5417129062291481,0.5158256415969896,0.7134174312864335
2015-12-16,0.8894244009868638,0.8517103961354411,0.9034168657388716,0.8330045263628698,0.8375562874661541,0.9036138858243007,0.8880874894807407,0.5423527152395291,0.5171809504942259,0.6961520116753355
2015-12-17,0.8995782819606359,0.8536913980967568,0.903247401912259,0.8445255945536004,0.8429633464548422,0.9067897413855015,0.8934884330680767,0.5561905696224222,0.5330248795953978,0.6794515574573017
2015-12-18,0.9054645934428082,0.8605761384328735,0.9036254455435682,0.8522859872203656,0.8510450576447964,0.9133085359562764,0.898886280601435,0.5803433790660546,0.5554747017245415,0.6925692742991439
2015-12-21,0.9026798083749825,0.8635609927691383,0.9024723781229135,0.8569921903534651,0.8565226937720091,0.9126197093174843,0.8979349039083433,0.5830994985288616,0.556032594140657,0.693978181532464
2015-12-22,0.8974356313464805,0.8570926961875607,0.90573391874601,0.8480346049125072,0.8436907902166706,0.9049372046518723,0.893717944311172,0.5590600920148149,0.5346894294864973,0.6802376852885743
2015-12-23,0.8987951061162643,0.8578737471714721,0.9106139131142569,0.8497252063512936,0.8439694101671538,0.9064307828892977,0.8944289756581612,0.567672328697253,0.5412026117463432,0.6803228982962958
2015-12-24,0.8986212163367562,0.8570235113046112,0.9102059700629017,0.8483076271593923,0.8427795035549022,0.9077270813686485,0.8937561135237306,0.5557188859418812,0.5324437255842537,0.6780539956368186
2015-12-28,0.9015855699258312,0.8616831312487806,0.9089341049095848,0.8493164140285708,0.844352862804373,0.9083605083585911,0.9010858298304297,0.5589075445128567,0.5337099797679673,0.6681885139300149
2015-12-29,0.9028881913208943,0.8641252229601403,0.9065445734643097,0.8521046007824633,0.8453498590409815,0.9119393371188119,0.9102561049944695,0.5680988077316815,0.5476854498790193,0.6792263617298595
2015-12-30,0.9011225653729786,0.860838840924909,0.9098945228537233,0.849325643327697,0.8415407282858597,0.9099824199352268,0.9082188298891205,0.5569250816767826,0.5432139220990562,0.6670609930160138
2015-12-31,0.9018338753800131,0.8623349013710554,0.9139617218994246,0.8509337095825156,0.8429747043106817,0.9106583066365334,0.9086612738477896,0.5601827338081742,0.5469964913040911,0.6687343498347198
2016-01-04,0.9035674639405069,0.8606342546463527,0.9138478058336648,0.8506144826042082,0.833361572211416,0.908255378024117,0.9116023617398568,0.5968672226595225,0.5694311978455713,0.6625913505300761
2016-01-05,0.9034407620406043,0.8592717391827915,0.9142366237723292,0.850424582960768,0.8324937078615599,0.8992425972476024,0.9047466405881287,0.5897966016332156,0.5649454951613141,0.6636138092765473
2016-01-06,0.9060081259233673,0.8632258783967492,0.897932676545556,0.8544498534544971,0.8354369168249807,0.9007779121356112,0.9068731148114928,0.6009793031530085,0.5878629773729029,0.6670843355018102
2016-01-07,0.9118448242841056,0.8697977733527895,0.8978460007273876,0.8669452837049105,0.8544254601636865,0.9060897466391538,0.9153096001867514,0.5866269099567856,0.5832859437622502,0.7045510773262627
2016-01-08,0.9134351011582016,0.867782692644156,0.8949939248945948,0.8692949832123433,0.856037703917959,0.8967237149954097,0.9099287390875479,0.5776800342667684,0.5792206517081878,0.7096704141787358
2016-01-11,0.944410127281459,0.8676524311117748,0.8947992102735253,0.8707175415905448,0.8735741756036698,0.9014305083516156,0.915215886853795,0.580766729668645,0.5836012953161612,0.7197175464588953
2016-01-12,0.9404337184046277,0.8603024995503876,0.8962348945252829,0.8633888908066655,0.8664932080487491,0.8949738730579758,0.909786206344081,0.576019760227598,0.5770911057100085,0.7195362448427475
2016-01-13,0.9475762168001339,0.8746597392982671,0.8912270073011804,0.8675598973403832,0.8699269113895959,0.900479841395708,0.910294412408081,0.5931257798867594,0.5987630698188354,0.7286656365033759
2016-01-14,0.9455128961383721,0.9254194402034993,0.9024828602834417,0.9106630719885181,0.9023979567119548,0.9038243157924449,0.9082939407764897,0.5985904732223744,0.6001624971386574,0.7468621138458292
2016-01-15,0.9437607927151086,0.9300936901569035,0.9041399222925982,0.916503942110207,0.9020093554388621,0.9041417025914887,0.9140422241593152,0.5951324318655243,0.5885179959878208,0.7654104766554213
2016-01-19,0.940776040093133,0.9317894092306349,0.9048293369524479,0.8988615288679283,0.901351673547736,0.9135660018506846,0.902084189681876,0.5947061961204777,0.5882055897269122,0.7544399907704691
2016-01-20,0.9417449253284201,0.9270815097921711,0.9022901774358117,0.9035889746753305,0.9030570569106255,0.9109036697903798,0.8966472664014423,0.7562463958347793,0.7122193325738092,0.7320216848089703
2016-01-21,0.9355557033040319,0.9272300092135856,0.9027772659325639,0.9059984027714887,0.9006804842829444,0.908495937130355,0.8962967040699572,0.7741824739552383,0.7056028141639572,0.7299822368639077
2016-01-22,0.9293004028027201,0.9329018551999166,0.9035321708412313,0.903853946789431,0.9059832637285508,0.9162163800696556,0.8919369816830971,0.19181223381248408,0.2752608529598963,0.7476207605845907
2016-01-25,0.9264155037889669,0.9290604460103947,0.9080615279048633,0.8968244941499298,0.9073727085520064,0.9167228190676576,0.8985988823184221,0.18494958299432127,0.25740135392966434,0.7507141174165266
2016-01-26,0.9319015677220944,0.9285656920984631,0.9122244439019328,0.8918266407676257,0.90285200993766,0.9154675437503854,0.9067525285535698,0.17770578410612686,0.25170113473948363,0.7421892322645331
2016-01-27,0.931414844461968,0.9303440498157247,0.9108191163114944,0.8960678155532583,0.9045921747981797,0.9152799246144568,0.9049096745720885,0.17743938262660425,0.2500869292907983,0.7417079007836586
2016-01-28,0.9291118795501345,0.9122042507162021,0.9128868451809572,0.8870417439781082,0.9017560024517942,0.9088070845842041,0.9050264254185599,0.16246742754784738,0.2222539243223302,0.7496262235665339
2016-01-29,0.9346786167462595,0.9149549824911645,0.9086801252709037,0.8859088292064942,0.901395528686096,0.91145330743781,0.9057838319242204,0.17505897363547634,0.23531885336647482,0.7585228020373511
2016-02-01,0.935130017729603,0.9159290181486984,0.907754302370283,0.8876677030482908,0.9012539959087776,0.9117272425165114,0.9058736798087855,0.1580168545636846,0.21771914979046422,0.7618981254473347
2016-02-02,0.9369020551720282,0.9211418210422094,0.9032113055110469,0.8988061858291111,0.9062677896871061,0.9139494996111401,0.9192451392844809,0.1728685537022807,0.23629267758292102,0.7755157204347831
2016-02-03,0.9287855231334571,0.9206904211135515,0.9064770963191146,0.8960734229160786,0.902937272810416,0.9150225157197006,0.91472893226349,0.17649721887454536,0.22813132291193547,0.7744221229146862
2016-02-04,0.9257912951015211,0.9177591597811775,0.9026998922568865,0.8893173786475932,0.8987358328700418,0.9112762577499838,0.9097540494970002,0.17344697274768006,0.22562166784296103,0.8178387419046846
2016-02-05,0.9252919705728608,0.9075001865284213,0.8928430904228801,0.8918224736045838,0.9008773008201181,0.9078204251778521,0.9002748831051055,0.17063020335483614,0.22362370595992442,0.8232391762594884
2016-02-08,0.9164794107879243,0.9122441251763644,0.8881945094826339,0.9012980573782668,0.8805238256102224,0.9022777968807268,0.9081664304551982,0.18740455743201412,0.25588885250209575,0.835579254083752
2016-02-09,0.9163134894539962,0.905874469425355,0.8767431060686789,0.8966847051846717,0.8731950872329246,0.9027244062889134,0.9081133860550183,0.18544409495428643,0.2555939436724876,0.8344461568385114
2016-02-10,0.9162599276503166,0.9053323336873638,0.8722841101158987,0.8945143977543312,0.8713983768756357,0.8998865082756599,0.9058322457205022,0.1809806246220515,0.25228003382820435,0.8281918108839861
2016-02-11,0.9232861378323104,0.9102579225906458,0.8720558888956593,0.890627410580415,0.8759598052368768,0.9065286195238244,0.908186916922202,0.2043640231297505,0.27362730054032997,0.822429864422641
2016-02-12,0.9304036627514691,0.9134734215280051,0.8663621499513923,0.9061157351562452,0.8864334876004704,0.883232256334143,0.9069780455261367,0.2777051036350829,0.32680236241354954,0.8362011794289698
2016-02-16,0.9313111231136793,0.9152751002887248,0.8675431714839759,0.9108101911508636,0.8866832181121947,0.8842879328937739,0.9102988964865588,0.2843553767379179,0.33663228642579274,0.8422968747185201
2016-02-17,0.9255961886563792,0.9145660708389236,0.8573186542899923,0.9110872908885566,0.8827903178774505,0.8823025107941879,0.9089580298416245,0.2758804252116638,0.3318847778802805,0.8417055926458243
2016-02-18,0.9272088627893614,0.9122600298311326,0.8501935020461896,0.9091465569415161,0.8815358560423059,0.8835858538926015,0.9101017711177987,0.2638163258247277,0.32123523365120743,0.8419957159715421
2016-02-19,0.926836201618664,0.9113753297485855,0.8509492475354354,0.9082555886445595,0.8815064217210842,0.883653290023957,0.9109497941467887,0.2641736922074802,0.318434159720285,0.8430237135922981
2016-02-22,0.923065256427417,0.9123686855585433,0.8402832485443646,0.9091089208384325,0.8825621083645524,0.8844809900586422,0.9082675667720549,0.2738464235581142,0.3356924917616708,0.8414972818683413
2016-02-23,0.919345272609254,0.9140011766906799,0.8350516914578804,0.9106285594001704,0.8823678657467492,0.8825393199298557,0.9099698431101619,0.2733916314946245,0.33779257445983574,0.8484454125370123
2016-02-24,0.9193324231439592,0.9138052991543072,0.8353104176257261,0.9106051850694385,0.8823268823729479,0.882180996319745,0.9096085902455306,0.27221472851009765,0.33672166227819555,0.8477177095137635
2016-02-25,0.9201349243699706,0.9129732528981691,0.8350963625451667,0.9074674031543306,0.8798844947802352,0.8834800980402768,0.9106650578456625,0.279590797546718,0.34351926548935174,0.8497316231267678
2016-02-26,0.9164803465045528,0.9157370747846506,0.834851727450931,0.9116216371413486,0.8870294963239284,0.8854772639373423,0.9096219564601659,0.2809138622824831,0.3422619403487382,0.8434457228138976
2016-02-29,0.9141229305881439,0.9116868518072198,0.8342224391223342,0.9100722352856633,0.8867565744264368,0.8759242343868013,0.9063394360963616,0.2681492125151932,0.33349868046156256,0.8516047325554768
2016-03-01,0.9222897885224068,0.9152398087231007,0.8324124339327602,0.917165502213352,0.8967990073108149,0.8800534678468714,0.9111134006286538,0.29643394780262855,0.35951931477852606,0.8563580731693714
2016-03-02,0.9210926470130892,0.9190593305614873,0.8314580426332395,0.9135396302723844,0.896385920890663,0.8796578277630298,0.9062570250938992,0.29690310200899034,0.3611874947252158,0.8564780891369073
2016-03-03,0.9189953382358251,0.917092226448147,0.829971466244081,0.9115672028982438,0.8947579600842709,0.8757732227935733,0.9040604296045415,0.2894702050022707,0.3577109519133035,0.852708387971659
2016-03-04,0.9187779903819682,0.916829209257399,0.8253520200705873,0.9113435176674887,0.894351873510115,0.8750458793713454,0.9054732597222147,0.2891884915854827,0.35804501466199196,0.8521022097597503
2016-03-07,0.9181186858861725,0.9150556364199065,0.8375273048598834,0.9109923470582223,0.8938101652072902,0.8738030546541865,0.9035178567446731,0.285651147364978,0.35611813917422674,0.8509137672609883
2016-03-08,0.9188121609044588,0.9156029671217499,0.8388834045531574,0.9152127974554297,0.8937498189054802,0.8751794306908139,0.9062179071880384,0.27798050923369244,0.3426050769343453,0.850599789802485
2016-03-09,0.9191929111563432,0.9161466565336617,0.8147524954841783,0.9100957438469094,0.8893194192129664,0.8718064072674411,0.9013568815488919,0.2761052122622726,0.3397553187320999,0.8335115784697413
2016-03-10,0.9123885849235834,0.9134514758759785,0.8078004926339905,0.9094310134552095,0.8852047292323476,0.8646867629027387,0.9011022220466242,0.26796013757058845,0.3311105673782549,0.838221524245682
2016-03-11,0.9071533152331244,0.9076396072972591,0.8027838053689419,0.9132194001141786,0.8728004720680569,0.8651782163981951,0.9015259963922917,0.27281608323450657,0.3403485031156019,0.8498201133566192
2016-03-14,0.9039875523560293,0.9057289467680841,0.7951516036853495,0.9106475577412758,0.8694243309684266,0.8606788775869046,0.8972595900073405,0.25607937386397445,0.32324066077549896,0.8453086759715277
2016-03-15,0.9025704684738152,0.9040651974308609,0.7968235967126808,0.9076840503487614,0.8636123865291703,0.8561492422500478,0.8958508904418168,0.24961277271313928,0.31871432839516073,0.8501866928995342
2016-03-16,0.9002494168276667,0.9040871188069243,0.7922830853741339,0.9067954117211439,0.8628107710197397,0.8545661901940066,0.8946176342247002,0.24183323774880436,0.30678102546047487,0.8579030571841876
2016-03-17,0.8967056557637733,0.9051139496739716,0.793094790879336,0.9017419691984397,0.8492873424832741,0.8444061062757393,0.8942344800298795,0.22394295701526154,0.29570970695054977,0.857332570405265
2016-03-18,0.8990205325601711,0.9012633366180797,0.7927186036929715,0.900762645676376,0.8478171039058113,0.848521853097226,0.8960562625766232,0.2365516882346456,0.3062602909106394,0.8533358611046499
2016-03-21,0.8989148141472973,0.9005427550599391,0.7936025863911567,0.898250984122279,0.8487602370498457,0.8495687748312803,0.8939660756130228,0.23590952355926356,0.3047130255730952,0.8518741959381883
2016-03-22,0.8980374261994091,0.8984760691271831,0.7801562994030883,0.8976717599795265,0.8479460406136392,0.8466953879428836,0.8917211742925012,0.22734105234794247,0.2978305085460253,0.8529061278217149
2016-03-23,0.8980507875172936,0.8938932504194,0.7771736974793416,0.8965242569472137,0.8463108202138402,0.8462085488446306,0.8908411483484644,0.22710076420116054,0.29731031357336185,0.8518683511303538
2016-03-24,0.8953228920442109,0.8939248753298451,0.7752476647473315,0.8930726200178212,0.846603340422754,0.8462973749831755,0.888781308103764,0.22687413539238005,0.2966891700470407,0.8576819254863622
2016-03-28,0.8949061401429009,0.8908985462885569,0.7747097736197378,0.8925588016709685,0.8455158867533402,0.8444194723969529,0.8870910833917939,0.2220782170184128,0.2931613879709884,0.8566052121005909
2016-03-29,0.8946682202558969,0.8905994610984236,0.7733332711215501,0.8891544756320995,0.8438057366790684,0.8404934750353728,0.8804400363438531,0.22004391704121756,0.2893794186347943,0.8565622157265974
2016-03-30,0.8941203992149453,0.8909868372382951,0.7733323520759477,0.8887435425640242,0.8444563410138174,0.8411241570578324,0.8800644070251933,0.21669969412396123,0.2871633698050603,0.8557126079147036
2016-03-31,0.8922938886570057,0.8921385181010594,0.7688986502205473,0.890296495726183,0.8515979003457724,0.8388859518183226,0.8790634986246965,0.1865264408270995,0.27737784478330135,0.8594199704185985
2016-04-01,0.8916492058428583,0.8965779712530307,0.7695680419800279,0.8879138675669417,0.8525921538989236,0.8451693132101246,0.8816218926749058,0.18665003056384188,0.2789833957337339,0.8573076535521854
2016-04-04,0.8907625437855496,0.8963371853954868,0.7738880859149477,0.8845781796017428,0.8502323160918817,0.8438699024260515,0.879283364895166,0.1763801489329911,0.26856084387343293,0.8574764720581362
2016-04-05,0.8901251415164049,0.8933437635892902,0.7708346548998615,0.8831486920467927,0.84262014760133,0.8391895853657286,0.8766622045955748,0.1718983228536309,0.2665507588283717,0.8495703662605834
2016-04-06,0.8904726488300293,0.8950181586863808,0.7732072861525416,0.8821620274543206,0.8416448617135859,0.8439103672287213,0.8774524403105315,0.1715505117898729,0.26622115512713884,0.8500789080303086
2016-04-07,0.8944413636799713,0.8967334252959974,0.7680086460415781,0.8842523057659141,0.8449659765447013,0.8514022438920601,0.8799321087455568,0.18526382981834924,0.2750164957102037,0.8526732494768888
2016-04-08,0.8943284259872379,0.8966277281832269,0.7677447148872777,0.884276662538053,0.8447638919206342,0.8506302682499505,0.879743364589112,0.18765504302046662,0.2757498385651754,0.8552264572565703
2016-04-11,0.893651014724948,0.890254494243072,0.7703453539021166,0.8897037706224629,0.8408660400813863,0.8464189975852692,0.883611434894569,0.16791744253025417,0.26407312099669367,0.8482393614762815
2016-04-12,0.895932139476962,0.8915107565122907,0.7514484431433784,0.8908072823733024,0.8424479220325105,0.8464444493786878,0.885635415806903,0.1735199624935269,0.27127821353269377,0.8499895864424301
2016-04-13,0.8978105683451708,0.8921153169630495,0.7447413310793756,0.8914819328272673,0.8510459712555718,0.8544577336771451,0.8874916460058346,0.2013310889491392,0.2907852337992613,0.8448868476571351
2016-04-14,0.8988957635474117,0.891996171144938,0.7382432964965431,0.897679305416082,0.8535399655750883,0.8560450935330197,0.8915232823112212,0.20291790916865723,0.2916654106171943,0.8527138409949172
2016-04-15,0.895389905058775,0.8918468405923133,0.7281238306506627,0.8936995885114587,0.8494736827780437,0.8547212210172672,0.8900160907579522,0.21548434970787897,0.3064217268008459,0.8524929150404309
2016-04-18,0.8977338488813977,0.8906022664401451,0.7268756639585999,0.8908832171855777,0.8494450656060574,0.8552750596707575,0.8885259449209149,0.215168376453032,0.30599889089165727,0.8517107495482585
2016-04-19,0.9028158996102156,0.8901655701451348,0.7169176971089001,0.8940234174825117,0.8462802534119543,0.8510992475042924,0.8967927732566899,0.6262734933641579,0.622200278801044,0.8492252350999523
2016-04-20,0.9001867690312391,0.8965257041768325,0.6990620633729607,0.89850718130255,0.8418227874489382,0.8473913636385586,0.893271986118598,0.6299400208643566,0.6429395199827641,0.8432267887643183
2016-04-21,0.8972528586200681,0.8954712527096382,0.6784519820205576,0.8977281806913778,0.8404516797306474,0.845278786641865,0.8903008892434857,0.6313319765661098,0.6474057835385832,0.8447649796421336
2016-04-22,0.8971366488770665,0.896289713206729,0.6776440391667179,0.8981591770372321,0.839855572090505,0.8453376061310859,0.891693373153936,0.6352920435165513,0.6547313703336156,0.8435673767308597
2016-04-25,0.8980392288716992,0.9118881969406231,0.6655189509125569,0.9030719717577469,0.8418020037672154,0.8517141820466414,0.8943217871889071,0.6851570246217414,0.7222402607629606,0.8439722870941503
2016-04-26,0.892705886752809,0.9106309817024864,0.6666771674231148,0.9028775786228433,0.841115765236759,0.8461150751480471,0.8903759510947347,0.686512896080473,0.7235894712575085,0.8549382857790849
2016-04-27,0.8913528195240091,0.9112035557678354,0.6652537318262178,0.9019987267416564,0.8413636307775946,0.8446841730866578,0.8873808258577709,0.7205598369181483,0.7573611269375595,0.8549434495177561
2016-04-28,0.8865565945694639,0.9080200255314216,0.6326738238343232,0.8953529804282712,0.8330929675216713,0.8405607455359507,0.8779933035001413,0.7057142647472388,0.7410963240739833,0.8376030699979443
2016-04-29,0.8938400318282279,0.9113122130540153,0.6038037729195318,0.894945541081843,0.8364026714519563,0.8399362908059244,0.8834818377159835,0.7060977376183574,0.7535776406394664,0.8421112672645454
2016-05-02,0.8934727870906539,0.9086338347832768,0.6222982963962166,0.8947804670961818,0.8344868811222899,0.8392198781606182,0.886203122516592,0.7074234136030194,0.7532769302212553,0.8391380859991421
2016-05-03,0.8955464738304253,0.9169648225842197,0.6506577511415466,0.8911254366778214,0.8342750975390436,0.8449895517408348,0.8956139552523247,0.7118412650517921,0.756490585027436,0.8351763506869089
2016-05-04,0.9026879586416108,0.9064176595212211,0.6387009080798478,0.8817698350422258,0.8532313720710242,0.8576404237277879,0.8850713047250478,0.7192123770609707,0.7308441204202893,0.807304784248248
2016-05-05,0.9026806062894448,0.9126705673941659,0.6451539738805434,0.8863956956897056,0.8583726426104377,0.8574172587625228,0.885005602193075,0.7210134543773565,0.7322009178726392,0.8083251779245388
2016-05-06,0.9016838780498094,0.9112605764552761,0.6500909414425923,0.8864042724710444,0.8574047916721498,0.8545541348564873,0.8841408358653342,0.7179695631317576,0.7271848938405088,0.8185204002314289
2016-05-09,0.8922508884306825,0.9057549226067049,0.6463487718835487,0.8838456291408693,0.8449758961362247,0.8364641925156714,0.8655552460175333,0.6849427628740116,0.6898571561851915,0.8176194636445488
2016-05-10,0.879945939066006,0.8949148227388098,0.6237232417024409,0.8675853970135288,0.8374419750594831,0.8461400159297167,0.8545330951437397,0.6426201297730293,0.6491537553312723,0.7951216994422386
2016-05-11,0.8783082872953245,0.892535728348926,0.6237917254476707,0.8650883135772011,0.8350136658853479,0.8421447646156122,0.8510820916878358,0.6398896027429195,0.6479906589051766,0.7876708395283667
2016-05-12,0.8816215555943504,0.8910576965720527,0.6239744971793845,0.8630881374899766,0.835813640791035,0.8404919475018895,0.8499583244212607,0.6371014902452924,0.6478836484524814,0.7817604818263678
2016-05-13,0.8790470940485766,0.8947272109239292,0.6544793155264121,0.8672484034503115,0.8374225804615005,0.8367048834273775,0.8476130179801161,0.6649625063783058,0.6847792390015192,0.7772286463584978
2016-05-16,0.8802653121208229,0.8936599079931812,0.6593855370199151,0.868612471588755,0.838028408807597,0.8359129868556691,0.8470300175677876,0.6646523061419406,0.6971127766399794,0.780142137247454
2016-05-17,0.8829436414337699,0.8923611038645946,0.6836297985299777,0.8669829538639222,0.8360739236227575,0.8335622137751453,0.8469010961641845,0.6326924491304251,0.6444263952211253,0.7801385287263003
2016-05-18,0.8957910370667792,0.8934192664146235,0.6664948224700928,0.8680395767540812,0.8434240201981469,0.842813661868105,0.8512912332255106,0.6325337090425175,0.6365968335440491,0.7667788519349883
2016-05-19,0.8970184284601852,0.8917351053813003,0.6576147523047369,0.8685829806088882,0.8452236911308614,0.835358059395068,0.841661674548431,0.6426353565790981,0.6420910483417442,0.7701566132084933
2016-05-20,0.8961358126723684,0.8905773596479649,0.6606498583660325,0.8737480260652157,0.8457461875495538,0.8325366034869849,0.8410044805089492,0.6222043543433606,0.618999976158647,0.76462249211061
2016-05-23,0.9023399878630589,0.8886458254078518,0.659721751782674,0.8713769219338204,0.8456282936951457,0.8297607637350662,0.8375959417340553,0.6254746960854557,0.6388969357692388,0.7723084593734529
2016-05-24,0.9042692205468247,0.8963141241027252,0.6545832551753072,0.8699556673950536,0.8473235066939581,0.85004350638038,0.8437699661424122,0.6528057351209245,0.6462422998475927,0.7753829195191111
2016-05-25,0.8923131158331206,0.8849722037345793,0.6408468779796457,0.8524413720567976,0.8254225678987667,0.8482073817695028,0.830643301319424,0.6292419713679781,0.6196781054975896,0.752907393359253
2016-05-26,0.8936307732856233,0.886488902921915,0.6422537280026435,0.8627734736908056,0.8298129829412341,0.8551715769001734,0.8460325030309293,0.6293138269388026,0.6206683905644479,0.7572636282607484
2016-05-27,0.8936362703299141,0.8877003363992937,0.6462206271898556,0.8620681674540346,0.8298215535664325,0.8559946642179631,0.8459108105384388,0.6377138524430973,0.6249416370933568,0.75873382156538
2016-05-31,0.8938172151643136,0.8905017379788303,0.655334918277885,0.8625698660822729,0.8301654779503779,0.8582048355031051,0.846643647932699,0.6363042352187267,0.6224972320336953,0.7593366224101016
2016-06-01,0.894157043886985,0.8924879784062669,0.614961472504524,0.8624000714384443,0.8301297062542456,0.8586970085057007,0.8482134226502381,0.6463617837219572,0.6297836943988669,0.7623249756006155
2016-06-02,0.8888937597453723,0.8889933087823711,0.5843535381011521,0.8456813728241632,0.819489128032515,0.8508471250869631,0.83828592593356,0.6782671928337427,0.6796024009909885,0.7508485199788467
2016-06-03,0.8921191270457697,0.8924785884194683,0.7039811176884282,0.8630856972662823,0.839482209212332,0.866570306018584,0.852878824407284,0.7006182853112726,0.7036216418443024,0.8008118114918401
2016-06-06,0.9055044903077576,0.8944194598699836,0.718120908177422,0.8646855222336972,0.8454578974319414,0.8799786434110471,0.8524057782679295,0.6992552730016917,0.7142770651642271,0.8076195566380174
2016-06-07,0.9170402056936343,0.91248606674511,0.7378010113464266,0.85426562769911,0.8724320450200876,0.8783725155826497,0.8542380150291451,0.6954647532208382,0.7117160173006822,0.7747358270510455
2016-06-08,0.9169941005729347,0.9118954560212607,0.740112350661127,0.855077634266635,0.8724772795728297,0.8776715961683859,0.8535791052175078,0.6963120694612918,0.715372601829078,0.7747202292100692
2016-06-09,0.9181811350695801,0.9123203893669105,0.743340291456341,0.8610772024555643,0.8824477529393869,0.8814400800631002,0.8539591157173925,0.7028375791900076,0.7201951674728965,0.7719937370819892
2016-06-10,0.9230742035175534,0.9140846572991214,0.7556068650110485,0.8653397750358797,0.8850626382251678,0.8842538833332644,0.8596669926858675,0.7197760864970089,0.753278179750069,0.7729366990446539
2016-06-13,0.9279062495197579,0.9144530122273865,0.7432409532794727,0.8754335270854477,0.9151976691230509,0.8995688417074731,0.8615688014573171,0.7229477607434418,0.7545209097889097,0.7632013852295779
2016-06-14,0.9280386683061146,0.9208013151271471,0.747038320948933,0.880337081806474,0.9268236624133435,0.8924266383899494,0.8562078507249851,0.7057202942240164,0.7331129163010627,0.7738880080182459
2016-06-15,0.9261262358142481,0.9201574131205259,0.7424443382370856,0.8879726127055304,0.9278198289822736,0.8932223683220991,0.8597776491555237,0.7025832961604677,0.7344210287778558,0.774606341144444
2016-06-16,0.9248363937724066,0.9210586744347162,0.7570257926887648,0.8808074519003349,0.9254940256996043,0.8948627617958091,0.8601158739091256,0.7027207987376153,0.7308823400146685,0.7694335408290752
2016-06-17,0.9233494927305941,0.9267406568606948,0.748128517159265,0.8834176531052579,0.9280737964675861,0.895072278167998,0.8572302208664297,0.7037473599324662,0.730765737243113,0.7767074882483628
2016-06-20,0.928185557410753,0.9284501349802811,0.7538987451672373,0.8908525018594243,0.9145688162679044,0.8878810442189492,0.8615721014015679,0.7023697144546863,0.7345555549798793,0.7814693506217654
2016-06-21,0.9277029931250369,0.9354004948672376,0.7566531224956077,0.8910743106899341,0.9160183609103728,0.89015270246493,0.8653383233141672,0.6987794464627903,0.732989540925262,0.7867856455818009
2016-06-22,0.9269038544738122,0.9358533005614487,0.7588760886000777,0.8971145204070585,0.9149160365953134,0.9000645175561044,0.8823569449134566,0.7069326785250752,0.744163423345852,0.7873415658456888
2016-06-23,0.9323891161727471,0.9392613678310273,0.755963920450874,0.9036129570385755,0.9182078553937221,0.9031668099711065,0.8902589272257622,0.7322139225392107,0.7610534010131194,0.8005793285225524
2016-06-24,0.9514049955056784,0.9536604355063311,0.7980967394923281,0.9255321446058865,0.9499148943203815,0.9355702523031669,0.9194134538378811,0.8334785525784406,0.8302484311684124,0.8741753281138988
2016-06-27,0.9507027504598372,0.9488318571499157,0.7957523832626896,0.9195800342792713,0.9510301838231344,0.925208882602064,0.8899299153748507,0.8531749834783114,0.85557813132045,0.879076935325141
2016-06-28,0.9539606298830073,0.9480754752033523,0.795988704865948,0.9278776190625225,0.9563801136372366,0.9253183316847295,0.8924443852495082,0.8355914892673266,0.8386650825023834,0.8749190166873474
2016-06-29,0.9555771334541101,0.9492453028848064,0.8019264615474738,0.9253371549574577,0.9550973741273802,0.9261285472203145,0.8938911709675941,0.842152985205316,0.8476844301551233,0.8687034687066794
2016-06-30,0.9531477013993593,0.9504932201720259,0.8002267853984215,0.919141115434393,0.9558051639262375,0.9276910564145006,0.8885190504380847,0.845181178885421,0.8426049879872956,0.8718817592943165
2016-07-01,0.9514789538121744,0.9499128188889028,0.8099903470254611,0.9153481815163502,0.9542042560410722,0.9235671752102098,0.8825504974155199,0.8408252284651306,0.8371483711520078,0.8679489917862437
2016-07-05,0.95209326139297,0.9515602622057749,0.8068029268267277,0.9173550719273,0.9572666413382598,0.9272248064880929,0.8859612141605483,0.8485607013103248,0.8437892426547483,0.8703519373074147
2016-07-06,0.9520726448182625,0.9509307558285434,0.8168762100147514,0.9175193904657727,0.9563524181406822,0.9278398923121276,0.8872037771137988,0.8484648162997869,0.8438959648627461,0.8707007842283561
2016-07-07,0.9510726342380094,0.9501525149582786,0.8220897069536124,0.916605689729659,0.9542619863351987,0.9270671770039747,0.8865819036851295,0.8462682755967855,0.8416414211814388,0.8611527559333937
2016-07-08,0.9486681246719147,0.9474062805145137,0.8200634969789835,0.9111959942732633,0.9515121242326486,0.9241700139814207,0.8773603689808795,0.8445696997356701,0.8262151277905934,0.8571301924299012
2016-07-11,0.9488713498078665,0.944528894777639,0.8206959557801186,0.914456091962507,0.9513225579435158,0.9244167568393792,0.8788371180657502,0.8452469978562368,0.828203481188589,0.858622638850102
2016-07-12,0.9495397119629098,0.9456778944377194,0.8220504005674165,0.9165713319121171,0.9495151957568905,0.9201395199358188,0.8810745960190781,0.8472468555245513,0.8299284422013471,0.8748206441477293
2016-07-13,0.9492735355836025,0.9418894089873616,0.8198676818413719,0.9203804656760936,0.9504917613495469,0.9189308512093716,0.8785851889469168,0.8466957778728398,0.8281283861844347,0.8738014463256961
2016-07-14,0.9489083376652376,0.9417005537022177,0.8284941661187516,0.9185231074101828,0.9495918424285966,0.91599296715579,0.8742051351037475,0.8442298786909626,0.8261175340236186,0.8500928654437053
2016-07-15,0.9518031176301566,0.9388904988223776,0.8277726318701827,0.9151584747851604,0.9516638223922939,0.91600650164339,0.8681415390546606,0.8434052983922207,0.8191505454052194,0.8568464504587943
2016-07-18,0.9287402772536113,0.9387621221819009,0.8282548479918657,0.9036400599505411,0.9504405665563989,0.9102191869145284,0.8651151591877893,0.8538375651270413,0.8111830121164616,0.8568139746501298
2016-07-19,0.9261158671752088,0.9359842309253131,0.8264096784558744,0.9002186214740978,0.9511163141689366,0.9080351031909802,0.8538144345031143,0.8528129308575757,0.810812475564498,0.8577268135348489
2016-07-20,0.9245436071679487,0.9321110693725281,0.8261987137427034,0.8996716021475057,0.9456634485948064,0.9079019629680114,0.8526627631150757,0.8522281799610448,0.811256728604507,0.8578365736454298
2016-07-21,0.9244443942403143,0.9291109064933906,0.827153070358911,0.8992886347797366,0.9455172368941498,0.9071497050289615,0.8528495069671191,0.8480157510820293,0.808810631448991,0.8587853525857123
2016-07-22,0.9255640095558443,0.92931737686411,0.8244840480727074,0.8993509614048552,0.944812647127674,0.907274042041505,0.8551325494228853,0.8464752719147364,0.8085736795199024,0.8565703677194522
2016-07-25,0.9251844485309982,0.9293415272068523,0.8417419649962191,0.8983448051001515,0.9429218037481364,0.9071437254159215,0.8538505380522378,0.8456663464158977,0.8084455906911875,0.8583438962213814
2016-07-26,0.9250663596587009,0.9298101560027041,0.8436185085058916,0.8978113959026546,0.9427188751984557,0.9082065260917959,0.8567800603971678,0.8450606981226393,0.8068589253816228,0.8580995745480373
2016-07-27,0.9245932739696342,0.93119235255647,0.8410840759782956,0.8975184629766368,0.9427494030203392,0.907437780262956,0.8546477560659568,0.845369666588858,0.807610994659283,0.8594263227900669
2016-07-28,0.9212030571354662,0.9313511586277939,0.8357479271643541,0.8978728621930255,0.9447623678190082,0.9057624588199813,0.8512575839318705,0.8422130942600394,0.8057725871008976,0.858168209161073
2016-07-29,0.9190483879536746,0.9292576073635757,0.7987281285948603,0.8962679380721965,0.9436769776538413,0.9026601536958677,0.8506881741744319,0.8418039529496891,0.8045359219021064,0.853884711330868
2016-08-01,0.9183013779032888,0.9290238817929707,0.8360829811877802,0.8964455623257447,0.9434713125239294,0.9029289465165357,0.8501779579997627,0.8415192886011739,0.8045863954957627,0.8500309208093909
2016-08-02,0.916761136081111,0.9305028933395875,0.8316117959224493,0.897301108406397,0.9407757497955331,0.9032624059381203,0.8528269762940197,0.8402479027968129,0.8069072987319902,0.8502049047744272
2016-08-03,0.9177145343562466,0.930709214104935,0.8468215658444153,0.8961542349900963,0.9404108759643636,0.904070706659375,0.8539886271949182,0.83834805752612,0.8038073641832391,0.8488239731537175
2016-08-04,0.9168156035658935,0.931747120116698,0.8470971838726267,0.8944371718903499,0.9396828865182483,0.9051179595869233,0.8515552989937628,0.8358904928544953,0.8007704623508464,0.8472129398205597
2016-08-05,0.9203811284188361,0.932269980772667,0.8477578201945208,0.89387602376601,0.9392951715761246,0.9095279061329846,0.8573498548550599,0.8426614228043261,0.8096578763870301,0.8516025074685655
2016-08-08,0.9187520013529852,0.9323146620783073,0.8452957789882705,0.8937118818031355,0.9384819229424234,0.9085849549587848,0.8576494305297194,0.8404089781970261,0.8095662789448613,0.8507620153601134
2016-08-09,0.9170486583077919,0.9326411083864977,0.8417025498060587,0.8930458631782684,0.9356346410601148,0.9068637537318612,0.855467076875121,0.8413073668552822,0.8093586560375711,0.8484405945537065
2016-08-10,0.916010876011179,0.9347388019874171,0.8412872189015017,0.8901490717744946,0.9354638547116366,0.9085819853782784,0.8531660379695825,0.8440262231091819,0.8101277823926666,0.8487055480026049
2016-08-11,0.9166370618222179,0.9346871704155603,0.839445689928588,0.8912423271719165,0.9351927297059925,0.907692539663649,0.8546407905717481,0.8537113087137492,0.8269527222052814,0.8494955110138732
2016-08-12,0.9088175986818565,0.9311690849508166,0.8406151139722581,0.8839903663758711,0.9335060280846599,0.9020067147427017,0.8437692841925151,0.8684728408176976,0.8364074094652761,0.8523930042028718
2016-08-15,0.9085991874920167,0.9356121502098506,0.8473645652034306,0.8848758335272698,0.9335077327365578,0.9125034397531665,0.8562048038610561,0.8672971898236489,0.8359115418250237,0.8540747457808681
2016-08-16,0.9068330680844636,0.930924947308802,0.8469794420973746,0.8850632065545804,0.9277459073377652,0.9129116791926339,0.8545445347975009,0.8756615175744593,0.8422792870186722,0.8377188691817963
2016-08-17,0.9064498565480065,0.9314300652751331,0.8469976927231618,0.8851170848266883,0.9278213383620367,0.9138563490315296,0.8565009093899421,0.8759098598477524,0.8407384039840666,0.8367999723577201
2016-08-18,0.9066481585927534,0.9306782127448084,0.8516556101765055,0.8841373373102505,0.9267655886066383,0.9133042157525729,0.8553241702493373,0.8733218303417533,0.8414984750864286,0.8346885043781774
2016-08-19,0.9052272417048441,0.9353329155911208,0.8570383307919763,0.8832466069621244,0.9276906888774713,0.9124070882646934,0.8553785599920133,0.8744804703489253,0.840642696915704,0.8334516249731322
2016-08-22,0.9049688346703315,0.9348930338822548,0.8541380387719923,0.8821316110460073,0.9274289835811222,0.9125187364097297,0.8538427598255672,0.8756600964508613,0.8434954359402913,0.8345730682864004
2016-08-23,0.9024184562404942,0.9349643424092124,0.854351720535128,0.882419260445957,0.9279147646479062,0.9123296772980163,0.8508209018552532,0.874425651596477,0.8437554155632703,0.8348706508743993
2016-08-24,0.9025019784426497,0.9334312432935167,0.8521810399421014,0.8822137397438201,0.928123126566591,0.910430125139167,0.8496565985536471,0.8719827724703398,0.8429307315919152,0.8303836009139007
2016-08-25,0.9018038344534772,0.9331258288567932,0.8521889795186377,0.8815412071923884,0.9287114367991105,0.9108139391577086,0.8497508034729153,0.8717446997312107,0.8408861329223997,0.8302555105770631
2016-08-26,0.899075158344897,0.9328314503125655,0.850622101478339,0.8828586948829079,0.9312444856540809,0.9120252865384854,0.8476113932089733,0.872033991401187,0.8342577538281655,0.8300923700366281
2016-08-29,0.8948438881479813,0.9305810758885917,0.8521796377368511,0.8788646474888837,0.927980961924794,0.9087183805086645,0.8409263387630889,0.8712746520058282,0.8314589394859909,0.8365909922452844
2016-08-30,0.8946306447025041,0.93160699074602,0.8541655233223809,0.8808170192838205,0.9267492570717744,0.9064309056737291,0.8437979914948726,0.8682644690406689,0.8232512701696434,0.8339115711287394
2016-08-31,0.8954868676044514,0.9304356404719468,0.845792677011989,0.8791115477329356,0.9274344545233747,0.9086540659393796,0.8425052970095629,0.8683390304471589,0.825667876891687,0.8329505285684237
2016-09-01,0.8953314306296472,0.9308407245871098,0.8468826048276592,0.8798897752430115,0.9281513199183767,0.91050742905592,0.844960768360485,0.867967673015729,0.8268672423385537,0.8334804874754062
2016-09-02,0.8948017785315269,0.9296507320162207,0.8483286991521168,0.877925834802362,0.9273376079301611,0.9100533589200767,0.8433049654583453,0.8673305395197978,0.8251779708691069,0.8325351129426263
2016-09-06,0.8898633608277153,0.9278537653093142,0.8515656159902387,0.8743068411350579,0.9255156444383356,0.9095449566464021,0.8340778527105454,0.8621914375047012,0.8097013890300865,0.8323927295733589
2016-09-07,0.8894456451897178,0.9267383784078406,0.8497743173104626,0.8734947853867276,0.9249715048837007,0.9079003425114431,0.8318000944759285,0.8592150876060001,0.8019740272105905,0.8293157715961668
2016-09-08,0.8846311763515183,0.9244541069016665,0.8548214515935827,0.8692176606590943,0.9215510571280948,0.9025521738948807,0.8271769330240256,0.8703607288235059,0.8052137046846639,0.8230413890217639
2016-09-09,0.8862628633420373,0.924626262180936,0.8694644590816529,0.8694856703985071,0.9226373386161533,0.9010077657600065,0.825521707637384,0.8718099109849178,0.8029995244171191,0.8209782414358764
2016-09-12,0.8880854270280195,0.9267738584909618,0.8734701684944716,0.8731181113737619,0.9219760577338775,0.9000083107733637,0.825836424595147,0.8714227592706747,0.8074494612809548,0.8253493099827108
2016-09-13,0.8892666254073668,0.9344351209688787,0.8893370510233074,0.8722595442695016,0.9198002211865645,0.8958481543697849,0.8275645014456792,0.864272262950901,0.8048412260239761,0.8304183800317314
2016-09-14,0.8901830674085335,0.9323005838124708,0.890052012419351,0.872313821719783,0.9258290371130303,0.8998887619362504,0.8282268850216115,0.861451522211544,0.8032125969671147,0.8277112116025697
2016-09-15,0.8909171284866008,0.9328185980493409,0.8897132249485679,0.8712307617710557,0.9254088170077194,0.9000206041935054,0.8257626553091947,0.8640451320722422,0.8027094890928074,0.8296882563264646
2016-09-16,0.891886532914929,0.934476751857813,0.8927471194446036,0.8732013461395627,0.9279677430958003,0.9014091593866006,0.8272618518661753,0.8607593396035421,0.801998170330069,0.8268201734499334
2016-09-19,0.8881076440578242,0.9323694221339431,0.8983748846624023,0.8675255538335176,0.9237702897175749,0.8972880428407168,0.8195353430475839,0.8561250609718626,0.7946447729252762,0.8185441192784024
2016-09-20,0.8441284795326521,0.8844035008352105,0.8818679842947935,0.8169776021471908,0.8596277303099764,0.8232243342793539,0.7368278301653044,0.8071209108356825,0.7213813652630071,0.6918987319695863
2016-09-21,0.8018061281653509,0.887178010489988,0.8848498668130971,0.7903227909166893,0.8355082563938966,0.830734660696738,0.7574056094714342,0.7591745845849251,0.6305311439977167,0.631603646188665
2016-09-22,0.7587332046584783,0.8898815049326139,0.8901488363570813,0.7551126532397862,0.8119025799853563,0.8378519407547802,0.745841117216488,0.8200325514458624,0.6601096229099784,0.6304158692613983
2016-09-23,0.7237282421453979,0.8858785648685752,0.8813452839967238,0.7477803868442365,0.8103995735434187,0.8286044134124056,0.7314291211473982,0.7850747812347257,0.6098114222134656,0.6239927676460054
2016-09-26,0.7624432029305206,0.889202272371484,0.8779561689350351,0.7867583043271993,0.8207244268098897,0.8338350057032962,0.7621606702704203,0.7554907129320179,0.6166774835411466,0.6229589271269302
2016-09-27,0.7616466346704502,0.8895800756555698,0.8833687953830107,0.7900787955581994,0.821815405564062,0.8363706772786063,0.7673088563152116,0.7614708445400682,0.6262082663749592,0.6218241598294557
2016-09-28,0.7319216648466284,0.8753101853571674,0.8919573902641013,0.7624517630684717,0.7865950007324886,0.8208503604276883,0.7423498232738306,0.7173698434715573,0.5784856003620882,0.5947763741942327
2016-09-29,0.7417858276240787,0.8859659147202112,0.8900945293508611,0.7716095839768791,0.8092817808043389,0.8382920366594624,0.7485717221237664,0.7312048262027738,0.592342469180915,0.611327692864095
2016-09-30,0.7525261203882158,0.8828788972431796,0.8892195687315054,0.7898659463886726,0.8188062309228981,0.8401341248167514,0.7480877494294544,0.7350079493846334,0.5975727833064438,0.6448388182320999
2016-10-03,0.7645181256428272,0.8759852667012181,0.8919222348976542,0.7927958007720852,0.809032826284775,0.8304717040317251,0.7505342936676882,0.7034688048893475,0.6094490174590688,0.6230579974642573
2016-10-04,0.7698031654017939,0.8798505391103189,0.8923402907540114,0.7898747889028698,0.8059852760817924,0.828906537318107,0.7574722607867804,0.6962641275305147,0.615728110735388,0.6178897114888077
2016-10-05,0.7651152888736762,0.862244192939812,0.8913697755582086,0.7828416391138616,0.7956982056869396,0.8323106459439329,0.7512074705980688,0.6942904264666448,0.610589959700286,0.5738812409117249
2016-10-06,0.7666106050049172,0.8689488597142834,0.8912921420619903,0.7732366169036816,0.7923013276957859,0.8363606092744263,0.7641238093431841,0.5912475929361517,0.5150331592460325,0.579953309716587
2016-10-07,0.7566235925133533,0.8297070534275559,0.8905563354249325,0.7765482578100169,0.7743931582973412,0.8198909636564828,0.7381381184017121,0.5832890821036286,0.5089646308892092,0.6362735518493386
2016-10-10,0.7584093561399531,0.8311559719948454,0.8943775392242569,0.7772415206402173,0.7747482721299994,0.8229406437859851,0.7403008909555268,0.5837933595672559,0.511290030818379,0.6405507053170876
2016-10-11,0.8274228808724085,0.8358011304145364,0.8970435963994011,0.8061066128934775,0.7848655965415448,0.8420343340179133,0.7516603104395534,0.5960224683408267,0.5363462941077524,0.6506595818991787
2016-10-12,0.8368727365161079,0.8341558949782514,0.8976569648987375,0.8138132705688353,0.7852843542155853,0.8429559903825644,0.7742442222409007,0.5995675127230125,0.5352792545449865,0.6488002624079588
2016-10-13,0.8423119096805382,0.8487728009108623,0.8953359594488915,0.8168597815495596,0.8037831547999007,0.8454482261108294,0.7805450474218121,0.6020815672985165,0.5326730820106766,0.6433950158049603
2016-10-14,0.8281834367462682,0.8567600721737089,0.8952238486611844,0.8258355505620357,0.7945747697014439,0.8091356082166504,0.7765113099956338,0.6006981838366076,0.516418217992915,0.6464105947176936
2016-10-17,0.8214768452008337,0.8587947778031243,0.8949362596357513,0.820390289514287,0.7993608910705511,0.8127617186644889,0.7702457143732966,0.5993101480020803,0.5139160708167867,0.649165576083033
2016-10-18,0.8240190618595156,0.8635553738530213,0.8909798545212123,0.8264622719966852,0.8088784813486877,0.8134354159194944,0.771447408178133,0.6035171061837453,0.5170439138220853,0.6571375673290609
2016-10-19,0.826544811179676,0.8640717650883724,0.89138019490948,0.8305085402477853,0.8134162637572877,0.8156909592807638,0.7751441602204264,0.6135061035203954,0.5260709344364715,0.6142057176284903
2016-10-20,0.8237232046615958,0.8639329382891724,0.8896801083839998,0.8310694196148672,0.8151995961247551,0.8172360236004048,0.7766826628554953,0.3794531534941448,0.37734700382414055,0.6155522124207514
2016-10-21,0.8277238497373681,0.8534840536247041,0.8900851248323871,0.8320021552929246,0.8099353702871342,0.8161131933528627,0.777167780255099,0.3837560146244464,0.3791121413691723,0.5874942505742687
2016-10-24,0.8310891606627974,0.8524683331241105,0.9095921748225023,0.830130015610794,0.8031860036136731,0.8163637125910131,0.7719268200307486,0.3778452540948521,0.3742600869013027,0.6028351607200646
2016-10-25,0.832319257852229,0.8513861117987379,0.8925349961684907,0.8279593580372451,0.8027799587837113,0.8145376824265065,0.7703643076157173,0.3770313622168362,0.3732807079334688,0.6198286049863065
2016-10-26,0.8370540380454212,0.8462421955529686,0.8980342683952502,0.8217389672934284,0.810487327025805,0.8185661536525783,0.7637873578755469,0.37283375466251467,0.36272208627959457,0.625803953204411
2016-10-27,0.8271007771149107,0.8406241505606508,0.891305002891648,0.8159912712034972,0.8053312810051427,0.8158719031912663,0.7585406688170643,0.37433060876089724,0.36366779795552784,0.6234010899827568
2016-10-28,0.8216249311591997,0.8402411187345948,0.6419612463393295,0.8200253090924403,0.8039720954203736,0.8160240332920458,0.7558375593867745,0.3773440762299062,0.3696473995660648,0.6177211909982151
2016-10-31,0.7699719771976409,0.8268953700575843,0.6078227127395079,0.8051720216378493,0.7987701973743314,0.8046142785445853,0.7145088092521849,0.32610652030499093,0.31731138067882997,0.5832511742837181
2016-11-01,0.7652468943532329,0.8257589236222108,0.6061554355521978,0.7941972351587315,0.8040749447598421,0.8089744760968981,0.7104521193140557,0.3309462718840962,0.31394791592841254,0.5838529536774343
2016-11-02,0.7730694580458383,0.8283313372780374,0.6039617980515977,0.7967989085993189,0.8141115934490653,0.816374137968197,0.7140971104085527,0.33466518266913453,0.3246966029251946,0.596524643475427
2016-11-03,0.7640344195869994,0.8265561469066872,0.5930083319706789,0.8091699654305842,0.813322236771208,0.8144657737228963,0.721336922630259,0.32501310184547527,0.3142416956417837,0.5812175375215299
2016-11-04,0.7437635492284086,0.8255890420431491,0.5908693082386138,0.8076176228521045,0.8044206317683574,0.8073970578441465,0.7202269468692105,0.3127713358216167,0.31286175516675724,0.5610295289975104
2016-11-07,0.7675480613019917,0.8463912207399222,0.6098603081521669,0.8313651715258888,0.8291254747595762,0.828010599157163,0.750349791193502,0.3616273287142561,0.3511638392458765,0.6273061971655839
2016-11-08,0.7654580390412508,0.84311930999423,0.6110512887254653,0.8322636118344431,0.82883965586429,0.8275542251667571,0.7498609432303972,0.3606434305506478,0.3498129949855986,0.6124114701030118
2016-11-09,0.8427353541193117,0.9030628643507344,0.6094730381437741,0.8841257732345507,0.8990918004641126,0.8812407391400768,0.8265395457699551,0.40445362506607024,0.4031747307481674,0.7028904012604626
2016-11-10,0.8650268928874788,0.9127024487074699,0.6059398911556623,0.8960060728348999,0.8935860827581301,0.8916359674946664,0.8497027967713262,0.42418400190741395,0.4303924555306245,0.734374254183467
2016-11-11,0.8585194102559541,0.9130205306422249,0.6082266808919896,0.8974096126202803,0.8900557184883975,0.8835382385469858,0.8512782297765151,0.42268532520411517,0.43137181758649257,0.7194250594017139
2016-11-14,0.8790266463861535,0.914470855225252,0.6002510276475244,0.8663350964174846,0.8740504840559099,0.8784544802790561,0.8384643967996787,0.4602074907554199,0.4704970552552698,0.7228355457345254
2016-11-15,0.8777862956684733,0.913830954146951,0.6214749584070751,0.8620074142270719,0.8630937882776354,0.8730327759943993,0.8370666337197931,0.4591061089907655,0.46949867042512883,0.7133501358702735
2016-11-16,0.886005402202821,0.9178725381044829,0.6096160998168354,0.8692453356891695,0.8675295667045658,0.880417249463271,0.8492998344513129,0.46831987571470085,0.47770557935731117,0.7202540335537279
2016-11-17,0.8856079289314572,0.922598662037798,0.6095267548856593,0.8709524421634204,0.8663860012659823,0.8821272891676579,0.852604727589253,0.46887928656129013,0.4757949522527213,0.7288723950068485
2016-11-18,0.8870853145881694,0.9209978718308749,0.6067774568060454,0.8649501667389303,0.858900055219356,0.880262077291656,0.8514745258952421,0.4724503821609825,0.4809218703713988,0.7292382273678996
2016-11-21,0.889367000544031,0.9219209222435462,0.6099052284337664,0.8628008748535891,0.8587420615832733,0.8803244589553556,0.8547712836284752,0.4727492441247791,0.48976995060697154,0.7288945252643974
2016-11-22,0.8901918489341032,0.922108122387883,0.6084733037714936,0.8636643491941728,0.8572503934819733,0.8803458360335313,0.8551276405905247,0.46921140771419617,0.4910896899142487,0.729663453024424
2016-11-23,0.8916637211379616,0.9199225401504139,0.6078551805877449,0.8610637936289937,0.8598352921914982,0.8818610250964805,0.8512725434506749,0.46989338279609444,0.5037198292143851,0.7286904303409119
2016-11-25,0.885066645225877,0.9194729863423579,0.6066396526153288,0.8564105422337877,0.8602492375605932,0.8813770236225181,0.8397970615856721,0.4703548853066341,0.5004267158840093,0.7280254646920931
2016-11-28,0.8762248749637261,0.9164989420276984,0.6080150441673228,0.8582414784346101,0.8597676862148099,0.8813655906007025,0.8279697239273235,0.47145826356151765,0.5003852529990401,0.7350533555563878
2016-11-29,0.8732827638059552,0.9159109318795459,0.6092215016331834,0.8577007027606479,0.8598537861894757,0.8817567932397915,0.8246461087259699,0.46446051787937603,0.5022243000820396,0.738466420716204
2016-11-30,0.8689090429066978,0.9086554828430212,0.615202809491348,0.846862830154364,0.8618636905501941,0.8782393351068628,0.8426663695145917,0.4695440950596867,0.5067849827676529,0.7385305763127739
2016-12-01,0.868059533465565,0.9048790134017747,0.6097289862873991,0.8481874236047621,0.8628480597616853,0.8824230206853872,0.8397190492200071,0.474085826859499,0.5131794456722177,0.7472423318666924
2016-12-02,0.8680139666648928,0.9046150594625334,0.6055439144223485,0.8493696221743355,0.865180685860362,0.8820270426978569,0.8427814166191742,0.4765291627754473,0.5190082295603385,0.7526747903461305
2016-12-05,0.8705962831721479,0.8942526179264539,0.5663669586127291,0.8368678250642468,0.8524907568786465,0.8835418440574017,0.8469356813651179,0.4608145191557135,0.505442843191463,0.7485463841079792
2016-12-06,0.8693411999950909,0.8942944501465546,0.5624460228177055,0.839668044269172,0.8561828830471705,0.8838348177788499,0.8478927912036833,0.46071998502286476,0.5045586386272534,0.7425953697017019
2016-12-07,0.8639029537409828,0.8813356446912245,0.5186402625267913,0.8339774098866685,0.85791010346492,0.8830681728970962,0.8498388875364191,0.44042117922932933,0.4990349074794236,0.7147455854607343
2016-12-08,0.8644225833117071,0.8858905054482712,0.5125530017536369,0.8365273153643438,0.8590974824400517,0.8820817194355317,0.8479838949121322,0.4387777636652432,0.4948161880725017,0.7112998660831947
2016-12-09,0.8646274521816054,0.8855350852177164,0.5107898122495418,0.8398757091789897,0.86073203185625,0.8825935709558018,0.8500329408971238,0.4386960695076185,0.4955991038624036,0.710560284853144
2016-12-12,0.863373752615372,0.8874074475312407,0.4994179853128681,0.8427769818155881,0.8604656590207036,0.8804221559752599,0.8535957690465907,0.4496100076588839,0.510051275580703,0.6982710633529161
2016-12-13,0.8636779435257899,0.8809671646812067,0.48832134345684375,0.8421039364255091,0.8595937971630458,0.8810757613840173,0.8534062931363047,0.448720990969224,0.5092535154627011,0.6889643458464474
2016-12-14,0.864422284057546,0.8809536679219633,0.5084123808197893,0.8414595097885824,0.8579149297604417,0.8808137991689473,0.8529352630109672,0.44884359299426857,0.5076937902872823,0.6860495853140876
2016-12-15,0.8667751877897645,0.8796136705408071,0.5027629645608461,0.8352882278409258,0.851394946242452,0.8808727081141718,0.8522374238587622,0.45287643495874796,0.5134505239731515,0.6855174952914139
2016-12-16,0.8763754423153785,0.8788257390800667,0.5026937803965382,0.8388603542792777,0.8513909413712588,0.8851562323145207,0.8598514958767949,0.44855659118430824,0.5082817926374263,0.685468900437985
2016-12-19,0.8691993635863581,0.8778122571241784,0.5074545462774182,0.8348331716428518,0.851325440037894,0.8895620384256784,0.8615570919357015,0.44282096094176987,0.5069827377087434,0.6801322288600704
2016-12-20,0.8585255660945336,0.8708891856765809,0.5042608078104716,0.8217520076607638,0.8410065873022995,0.883377466209913,0.8516660740828498,0.4400540926749039,0.5056341972918322,0.668454713008665
2016-12-21,0.8571221166031828,0.8713209600663441,0.5051948935493441,0.8224432280810638,0.8399336447397989,0.8801477505165677,0.8527657115415418,0.4381479926634757,0.5019139261339474,0.6699044544924398
2016-12-22,0.856504227260209,0.8759374013274859,0.41068435004460035,0.8244138711066367,0.8355095049940396,0.8788723421421133,0.8539273266180427,0.4391771491951919,0.5059491933179107,0.6819722712796082
2016-12-23,0.8529808628032371,0.8676163855739905,0.4057895739131909,0.8195575111416005,0.8262631135597525,0.8737046202579621,0.8549935368976811,0.4233775579756858,0.49454891893528496,0.6722222518134156
2016-12-27,0.854198018867851,0.8780042979889433,0.39376046074949367,0.8118896255131112,0.8296658859150315,0.8735833269835102,0.8606259579065425,0.42035247905605316,0.4928431907321549,0.6618904226859603
2016-12-28,0.8561715933424924,0.8777730403259845,0.39476949460588945,0.8151159769050805,0.8318944744998057,0.8740378812798673,0.8607957525268993,0.42480715993892315,0.4971928605792779,0.6684910399485824
2016-12-29,0.8580673243404572,0.8804410869626131,0.37900113566239507,0.8202966156604329,0.836258199496633,0.8765406765017363,0.8643272068602418,0.4300750178093809,0.5017141116718424,0.6737797256268209
2016-12-30,0.8562169053935839,0.8802659079443313,0.37347696089862464,0.8183565817140933,0.8342331527259281,0.8744021235447913,0.8633125265906633,0.42470398564349715,0.4976197245157114,0.6716402412419129
2017-01-03,0.8570940642918895,0.8783867241489786,0.37076416102867615,0.8244971241372242,0.8364140515918161,0.8735732287926046,0.8609737563768666,0.450661590167382,0.5395181019941188,0.6760510123907184
2017-01-04,0.8530059039307754,0.8869522220020744,0.3711905370194712,0.824635394925338,0.8336510802426363,0.877051605819054,0.8709807946292704,0.44524612038037464,0.5425424049306893,0.6749246946617126
2017-01-05,0.8555207954317903,0.8885888101959604,0.3494020243825483,0.8273248838620084,0.8362718181742168,0.8791358343654311,0.873098728900811,0.4566345095224613,0.5516753981731133,0.6796960716295846
2017-01-06,0.8547075868890872,0.8868169121199351,0.3377701321544011,0.8170357328185448,0.8285601192725573,0.8728441021573576,0.8639958637212897,0.4494926771864803,0.5415508852513887,0.6715695718820859
2017-01-09,0.8531664738122793,0.8838125888934534,0.3502505613725096,0.8071065483695745,0.8075440988398862,0.8697815423544083,0.8651715790538717,0.44657343100515395,0.5363071910774925,0.6762167435336128
2017-01-10,0.8473282702099537,0.8800084564869097,0.3560191820850907,0.8047240827446039,0.8051546822807839,0.8675932843827843,0.8515754819723849,0.44093877960417766,0.5345708153502474,0.6734598990840414
2017-01-11,0.852615811496183,0.8815568820726515,0.36290555923154766,0.8019280744540724,0.8120546788142614,0.8839313690962108,0.8514523608484488,0.4371326154617345,0.5389469653011179,0.6736331196159311
2017-01-12,0.8558351257595722,0.8782876236961639,0.3624021599420956,0.8052749456558039,0.8076532305730101,0.88471520726021,0.8577023817041253,0.43395131612476,0.5398425095451328,0.676880170306164
2017-01-13,0.8553088948965709,0.8771564911388777,0.36184758666909883,0.804958842285766,0.8080518507090916,0.887244191091987,0.8593916059152843,0.4329241275986698,0.540986605500714,0.6758176400363022
2017-01-17,0.8734806719876704,0.8931773124613601,0.3493963871900511,0.8285426934586145,0.833263627642195,0.9010783351189033,0.8758790481721568,0.4087643119236575,0.5184393731737845,0.701695532871596
2017-01-18,0.8664609065201146,0.875563288704824,0.35759498482981983,0.8308159896546562,0.8299704471515721,0.8958211916337345,0.8492849439449142,0.6601359524490303,0.7745652610129579,0.7046758293113492
2017-01-19,0.8668251797207632,0.8846038389493995,0.35877183647656014,0.8341930286192624,0.8358330654554992,0.8973099435343478,0.8492170280806799,0.6673439069606649,0.7751234258881902,0.7255886692958111
2017-01-20,0.866836877631317,0.8848791722946047,0.35631695570057287,0.8354301102368217,0.8378120562659789,0.89781697159653,0.8494517161185857,0.6659692811781949,0.773474077564774,0.7210205515623119
2017-01-23,0.8663553671544525,0.87820459027489,0.3602506101452435,0.8334156841155708,0.8319891713608489,0.8980298231093985,0.8494834390861661,0.6656872892353073,0.7737611654908823,0.725068328374498
2017-01-24,0.867330887847589,0.8723535780677392,0.3599049877262802,0.8346019459590881,0.8332007059082859,0.8948022180385717,0.8460033696363575,0.6662434516961352,0.7723327815794253,0.7302657908012136
2017-01-25,0.8684096996458818,0.8735934314661922,0.3654911861510641,0.8379164297530052,0.8384222500187333,0.8955499235915527,0.8472378715520182,0.6436837168362503,0.7527845233630109,0.7411119320262557
2017-01-26,0.8687214405960427,0.8722370420564192,0.6353496459260852,0.8360243592469543,0.8375168993732184,0.8954580629647891,0.846156749529068,0.6410398815364308,0.7487649133970182,0.7167492088664821
2017-01-27,0.8721644397715782,0.8719357297523005,0.6369567112136767,0.8400945660419987,0.8367017992570963,0.8902157317643776,0.8528991493226211,0.6409944978695605,0.7506944090530595,0.7185155396032521
2017-01-30,0.8777509095132656,0.8742684765302057,0.6450291086802594,0.846347932562498,0.8385102039297747,0.8923420228597267,0.8574351017537376,0.6275794326374383,0.7355686337086719,0.714870598151728
2017-01-31,0.8787660985366609,0.875533441214465,0.6516335433071176,0.8481113054540946,0.8421615131183446,0.8958277130531851,0.8581869829880852,0.6393700773494481,0.7398631717315146,0.7110119054232154
2017-02-01,0.8784050138361663,0.8751466109943992,0.653566430999728,0.8474695855974747,0.841548095166925,0.8956028348090183,0.8577211826847742,0.6376456030491712,0.7396870113616537,0.716243067190045
2017-02-02,0.8846268135941627,0.8720581846324038,0.658254994654345,0.8488215540882474,0.8435625461788293,0.8972397923093248,0.858108916225341,0.6445166861471318,0.7414417777678368,0.7271580592222439
2017-02-03,0.8828076477457795,0.8795861380145126,0.6213662162036574,0.8317373037392111,0.8425792986229091,0.89882054951527,0.8470721195240473,0.6405910571350842,0.7400928577651665,0.7108454262081974
2017-02-06,0.8838249939727091,0.8775601790014438,0.6203482494000354,0.8288168253779961,0.8399046729249663,0.8992865774488034,0.8479327300099512,0.6424529071875513,0.7415117128106533,0.7159511244799556
2017-02-07,0.8643816361308716,0.8486747581505037,0.6226795855788237,0.7965933077880798,0.8059489524361423,0.8801480646596197,0.8231122847815433,0.6021204766678391,0.7145776532515664,0.6740992261251367
2017-02-08,0.8584367587036761,0.8297151275870361,0.6240749460152476,0.776836381854925,0.7866434007099959,0.8685663640553707,0.8069196640760706,0.567069033571317,0.6916805757982663,0.6373877613479279
2017-02-09,0.8652385020009669,0.8308893998748822,0.6121350401102028,0.7793983806089253,0.7954703717860124,0.8779191227266797,0.8083745227771801,0.5687987450689774,0.6898922622474345,0.6626993895048408
2017-02-10,0.8413112435863872,0.8232742355759836,0.6159979442641966,0.7878228269879742,0.8036224029291982,0.8824583289351751,0.8079931383070356,0.499643318625909,0.6389495463693299,0.6473117487220306
2017-02-13,0.8439937995583875,0.8248863701148393,0.5865343615995875,0.7941011261611562,0.8173256539449021,0.889279023112988,0.8107936691498382,0.502175267966669,0.6407946833202695,0.6638169936086347
2017-02-14,0.846778562479495,0.8185276035936965,0.6064462227711087,0.7889586412741215,0.815706777983493,0.8826069726831366,0.8007814310027817,0.47924829520524886,0.6266439353340818,0.6421568884930728
2017-02-15,0.848299850824789,0.8144937880639792,0.6035881427664127,0.7850951465950791,0.8168796207077968,0.8786582569008782,0.7908319780771734,0.4787739975400768,0.6253764601438949,0.6312640371953685
2017-02-16,0.8478212643131429,0.8177101340884747,0.6189263985563075,0.7929546315860582,0.8284672483206929,0.8820360968198281,0.792391590120399,0.47427986493307495,0.6266898963428087,0.6317308489742849
2017-02-17,0.8508418782007954,0.8175172102004515,0.6109466717348163,0.7963366907221862,0.8270935376018629,0.879107447155038,0.7951458854591915,0.4722312942466493,0.6221430576411844,0.6295946387664599
2017-02-21,0.8547500648322671,0.8171844866579543,0.6050455830565596,0.7969361740487998,0.8299318904238987,0.8805293517734702,0.7947715437003632,0.4724247213207316,0.623040709845194,0.6298841710651962
2017-02-22,0.8560297762081385,0.8185309253199439,0.6155814438053642,0.7956818089905486,0.8316312612085033,0.8805523330861054,0.795609445601744,0.4800051348203444,0.6230143768278141,0.6330296550185217
2017-02-23,0.8619336795295964,0.8194729755150021,0.6199576041889833,0.7970214425439007,0.8319107960150481,0.8805548909851315,0.8078035789215926,0.4790579712001406,0.6249454067416773,0.6331855178236785
2017-02-24,0.8696174005500095,0.8263649591600014,0.6228206557549218,0.7963930674075522,0.8325164503563001,0.8827574803351769,0.8222430333253127,0.47485753207934295,0.6119346259257327,0.6188654426107985
2017-02-27,0.8685796940331789,0.8274899230245326,0.6225225645673971,0.7971405894630115,0.8318211485221294,0.8802847455038237,0.8264274174105556,0.49264922809531825,0.6173455438735218,0.6199967402221774
2017-02-28,0.8763777592361034,0.8313148024014054,0.587912550672076,0.8028801779798004,0.8268542404556659,0.8819913203555858,0.8051661126886274,0.48549665764017014,0.6251820187364817,0.6194321307912222
2017-03-01,0.88636785500239,0.8384210466578832,0.6232008605551882,0.8071685901911093,0.8238664079373444,0.8656654832817691,0.8119660750363039,0.5420553694898478,0.6570379549524861,0.6286011564627688
2017-03-02,0.8873054280239201,0.8402610050624318,0.615829335874415,0.8086732704874996,0.8237379534576932,0.865267631505593,0.8095347667489532,0.570155499638076,0.6449191173773052,0.6316712707512042
2017-03-03,0.881928531999412,0.8530130751226889,0.6069048075697824,0.821835988846993,0.836236471986088,0.8591894534022657,0.8003955630149695,0.5756056193651387,0.6545285289874115,0.6226800167758956
2017-03-06,0.8839430178719223,0.8529852973373175,0.603569502762531,0.8217685836435119,0.8353800880634719,0.8588063702903364,0.7983694396382529,0.5799763113152402,0.6582422810210717,0.6279552783415351
2017-03-07,0.8880218390965635,0.8645076659003423,0.5970171264033618,0.8289461916910746,0.8360231244790481,0.866892857945043,0.7934969534950463,0.6086080562833623,0.6568642710677798,0.6372817260332825
2017-03-08,0.885072054698511,0.8600600143954108,0.6224681688582977,0.8254691409213389,0.8322276662123346,0.8693848835676447,0.7913558390215705,0.6030131528482089,0.6465993991919485,0.6271749128488133
2017-03-09,0.8848708240416133,0.858717827341549,0.6206744039214007,0.825329999456821,0.8324017016578895,0.8688132198167019,0.7912772238353052,0.6061597477554076,0.649743041888168,0.62858244545582
2017-03-10,0.8852803310157334,0.8547938522752505,0.6005475403905522,0.8201366654637345,0.8300927604625276,0.8697722644266238,0.7804127207603062,0.5986874920895622,0.6298671792566949,0.6471899297754669
2017-03-13,0.8851693731765444,0.8658233292554801,0.6045643441324866,0.8223417233457301,0.832132700690735,0.8718590680204225,0.7829176847038245,0.5989367173300607,0.6311301972634682,0.6591891748904224
2017-03-14,0.8854374212453865,0.8655462044494071,0.580337804260359,0.8230146917766286,0.8340608098736189,0.8742897853962569,0.7837961469318337,0.5984432189677669,0.6285182894684099,0.6671969037012303
2017-03-15,0.8788531685202706,0.8714051037907575,0.5975368960423016,0.8347619924698393,0.8387665834429839,0.8699007665552888,0.7795710112617563,0.5815853247397542,0.6189656187794835,0.6451968884937577
2017-03-16,0.8752495942854477,0.8769605511170229,0.5851984595375972,0.8389097877043036,0.8350613050493928,0.8621019539967252,0.7680231977566457,0.5839805775965334,0.6314806705921627,0.646316544068388
2017-03-17,0.8887016737064549,0.8820666178631417,0.585064244459037,0.8460599336786819,0.8362332251054182,0.8659254201649159,0.7782285252979028,0.6024060843451666,0.6343230984243506,0.6720299095168092
2017-03-20,0.8883842018597048,0.881670173658424,0.5849519763226534,0.8443183557267139,0.8346790297603074,0.863992043125103,0.7790754148113413,0.6016753104388178,0.6357143099494826,0.6710259346722117
2017-03-21,0.8974480605135987,0.8986362475242203,0.5828133516384749,0.861940567845959,0.8568214481993315,0.8860335855491873,0.8188002447482419,0.6375241723399421,0.6681578703358552,0.684120981742907
2017-03-22,0.8976499821880111,0.900197377189197,0.5753030583758101,0.8628092106816256,0.85914381386397,0.8837923479755463,0.8180154598899844,0.6490433203122355,0.6706837707525372,0.6764050500022092
2017-03-23,0.8956396927758958,0.8999258668616218,0.5718042260127639,0.8632029720814591,0.855386584795644,0.881986324362743,0.8184620367734325,0.6486274977998047,0.6713197430782086,0.6786003183521864
2017-03-24,0.8952597573158487,0.8931689198645691,0.5657060014937633,0.8625865534073776,0.8553939246988153,0.8743431929841832,0.8073283268127068,0.6465793126185256,0.6709231856939879,0.679578544551089
2017-03-27,0.8941587796434025,0.8960175709287418,0.5460588348778181,0.8547848418410755,0.8437136731913971,0.8698118113833087,0.8070068339523956,0.6385890504847466,0.664748624570001,0.6648769739857939
2017-03-28,0.8964544033221159,0.8984018978827506,0.5548667761292159,0.8575918320639266,0.8472301942309445,0.8728503865134087,0.8100663847738907,0.6473083590304635,0.6695327791076071,0.6743270668879718
2017-03-29,0.8967330954952041,0.8954804858995004,0.5564479304420387,0.851889278265196,0.8423879459063445,0.8726430858231794,0.8102878320645587,0.6483149095954769,0.6706102918799796,0.6701677567298404
2017-03-30,0.8940878795642153,0.8965532867710132,0.5210111703137215,0.8500077073162157,0.8414229973792752,0.8723654319150449,0.8122061477619881,0.6468473805540649,0.6714446050843581,0.6660904685259297
2017-03-31,0.901690191031836,0.8956845400957013,0.51800224651539,0.8501348967048924,0.8460367627265621,0.8703732886719859,0.8126306388180611,0.6590488585211428,0.6620621582972173,0.6628480376896821
2017-04-03,0.8999032484788803,0.8952424409061175,0.5206294435470967,0.8493116156112622,0.8453466120207025,0.870140330417426,0.8117121262740882,0.6546818044220869,0.654407517338502,0.6613350551056413
2017-04-04,0.895758842971095,0.8924070081032928,0.5247193354475094,0.8560359327248144,0.8492653349095837,0.8819278699077613,0.8202351492200533,0.6496284262165806,0.6561667395426264,0.6602098625505192
2017-04-05,0.8977980273420659,0.8968494169455589,0.5165292563639448,0.8664558028610122,0.8725463712101779,0.8824594306708772,0.820215893153614,0.6500699739734576,0.663573784938215,0.6435703436398548
2017-04-06,0.9027140932107315,0.899512425557681,0.5142165641135896,0.8668858979597314,0.8727145228431499,0.8831191607731336,0.828802951646056,0.6543011107707761,0.6562019382508648,0.6478388171304847
2017-04-07,0.9031793820611026,0.8981647342604216,0.504646517652327,0.8685028540108,0.8719198608076816,0.8833475990821217,0.8319955096602658,0.6536671761231454,0.6558842294232006,0.6470018610626885
2017-04-10,0.9040669485001915,0.898528213208839,0.512888444593471,0.8686891930100055,0.8764031775690476,0.8786631267497365,0.8258860380756513,0.6572527803163468,0.657461578842725,0.6503112332886206
2017-04-11,0.9041882094610615,0.8985474240513185,0.5140091832631091,0.8686176263704846,0.8757754693778507,0.8787304197500079,0.8259717601527425,0.6633315849103091,0.6615055502819333,0.6512940105598051
2017-04-12,0.888709117239365,0.8880047801305156,0.5232782210351723,0.8548192958114985,0.8639636100471447,0.8588521010160811,0.80145856901823,0.7301544163234761,0.7104269862303545,0.6412297872409236
2017-04-13,0.903359469830219,0.9089468076955177,0.5611692822997005,0.8530563261749642,0.8656555159982057,0.8667606182051731,0.8420357736715053,0.7414745137065891,0.7034733004898018,0.6376206461491809
2017-04-17,0.9081002686816287,0.9114856574919846,0.5756745449083549,0.8577803010099806,0.8690278646853127,0.8682222658671751,0.848572646771297,0.7488794743782005,0.7176817799987962,0.6484653908852201
2017-04-18,0.9063654576641788,0.8299418867436991,0.587849436747448,0.8578804114625506,0.8685270288047289,0.8126894883901745,0.7683597610369035,0.7614462041048847,0.7210305966164251,0.6508781904596009
2017-04-19,0.9007741664756976,0.8178697952438935,0.6006985622473967,0.8501294041292362,0.8402005364702678,0.8131841907143637,0.7684029596882803,0.7626142653803641,0.7191466551055304,0.5752171505822364
2017-04-20,0.9003011881708746,0.8196949975796829,0.6065857263512713,0.8478053905258921,0.8373892019550243,0.8198292628623568,0.7743430107624544,0.6468782537555395,0.5972196273068157,0.5725194363071774
2017-04-21,0.899495441298497,0.8119598510536699,0.6025681353002369,0.8467525498482233,0.8344398168839607,0.81102096895525,0.7658008957374809,0.6807182487695173,0.6262271686013082,0.5550482110082827
2017-04-24,0.9132833868349539,0.8301189776266744,0.6133992868208642,0.8643504112209903,0.8564151570200756,0.8249374243765878,0.7887596408062908,0.6725196303672006,0.6262620107542602,0.6451933731446571
2017-04-25,0.9152272140585962,0.8344103588157518,0.6477455776158263,0.866328788476439,0.8588822232107213,0.8319086209560808,0.7932218840723267,0.6717831813879843,0.6233429381034996,0.6499757276278529
2017-04-26,0.9126792524575421,0.8321615834415534,0.6441636602809495,0.864145014195647,0.8573180404239923,0.8291256619012408,0.7899264635806725,0.6844368655200057,0.6414144664927797,0.6529232218975036
2017-04-27,0.9136969645528876,0.8251822608555966,0.6463205420176071,0.8632588932724018,0.8579866361676153,0.8188972622823159,0.7843288889045839,0.6749721917906643,0.6352766312275294,0.6389974749545472
2017-04-28,0.9151186486184252,0.824598745061343,0.6539558346484311,0.8616034708482369,0.8570738057263066,0.8200022391743886,0.7851312008412152,0.6767952370732866,0.6405127438796121,0.6319066311665346
2017-05-01,0.911025184866382,0.8296605748127514,0.63546632799039,0.8619275474504552,0.8559606584216685,0.8199988778189187,0.7866950309966941,0.6759186123760589,0.6356531055592788,0.6231526601505937
2017-05-02,0.9132812900973062,0.7854626255938223,0.6415138612397907,0.8750908645305984,0.8364342049757957,0.7882693188207303,0.7892301460836433,0.646008182226082,0.6149729337649572,0.5887126102399791
2017-05-03,0.913384836224773,0.787942249402658,0.6486781790186287,0.8798433647178706,0.8409093058599999,0.7891249214847276,0.7903200391994737,0.6314077934562087,0.5980630558528907,0.5900071371490598
2017-05-04,0.9162022837942497,0.7877526291840705,0.6614174207000032,0.8874520663520266,0.8414566774499688,0.7891300172458477,0.7930186960276113,0.6282359122915344,0.5947327987571933,0.593071330365246
2017-05-05,0.9150694901441911,0.7886171572425991,0.6718115457593073,0.8899534060812355,0.8408927230603527,0.7871874144903214,0.7895788018225697,0.633256698793063,0.5979684573484796,0.5872379061196075
2017-05-08,0.9108211704793127,0.779260352358985,0.6761692686949926,0.8834769640656949,0.8352694303809796,0.777016162041684,0.7727710694013449,0.6331834882644313,0.5936046779936758,0.574734138569459
2017-05-09,0.9095340197130554,0.7831731109709648,0.676948770816743,0.8828006366331874,0.8353555713966497,0.7814637523627174,0.775026554298727,0.6318776544245962,0.5948793527069951,0.587949553403115
2017-05-10,0.9085762868609812,0.7803982945745804,0.6733553777168514,0.8815244222790788,0.8332900070570483,0.7763958335820124,0.7725027257393045,0.6306272916488508,0.593002856799996,0.5839662097314846
2017-05-11,0.9048505697681413,0.773143917404909,0.6632264735858302,0.879136684690887,0.8280226261011873,0.768832670734662,0.7656715974878756,0.6291807644321531,0.5930329782343653,0.5969686988453555
2017-05-12,0.9029246489821265,0.7712006501834547,0.6635837542309132,0.8805626382609281,0.8262391763887319,0.7689729363666975,0.7687277107938539,0.6321745157727442,0.5988266466842053,0.5925255686272575
2017-05-15,0.9022736364606964,0.7759121237261433,0.651384906875992,0.8746821768137802,0.8261557893693242,0.7698523399110633,0.7656342632932507,0.6342762902960825,0.5967692400534156,0.6032384132975016
2017-05-16,0.9000015005141013,0.7756150375230995,0.6466376838383391,0.8751201340686515,0.8265307668014727,0.7744018079526098,0.7664268776613156,0.6340822004208346,0.5981665488180705,0.6087579786688049
2017-05-17,0.9196389074773358,0.826378582810893,0.65938918100083,0.9028748146653193,0.8610464799534447,0.8214865035109712,0.8220690119656885,0.6647776861015087,0.6311234517884657,0.6506207418024644
2017-05-18,0.9146709670848004,0.8277578720383175,0.6428223408290853,0.903410993918466,0.8550059901658045,0.8152497903667192,0.8230932200134237,0.6645266079740464,0.6303226686380375,0.6530156276384141
2017-05-19,0.9191372977211848,0.8259759996230547,0.6347508992841794,0.9081683371081495,0.8569517795803452,0.8127107431651757,0.8224819180604672,0.6663891581208865,0.636433501127783,0.6590749855595504
2017-05-22,0.918502856851815,0.8213837599152065,0.6242894920479417,0.9084087379358396,0.8579370719675625,0.810088825336548,0.8192703010267276,0.6659324866747286,0.6364779704206434,0.655167938340528
2017-05-23,0.9239534933344081,0.8256279999297617,0.6218843635029886,0.9102671613369482,0.8621103262048392,0.8167500511358625,0.8206149653828154,0.6637959823963776,0.6337928935709638,0.6421124849323547
2017-05-24,0.9238674403185089,0.8190007159242446,0.6299683479175159,0.9108703308045483,0.8625198542336336,0.8025374774479728,0.805443446959824,0.6644932588282059,0.634837493318417,0.644853941259896
2017-05-25,0.9179731496692243,0.8103848058986927,0.6205620798584599,0.9074464036114853,0.8633008091648704,0.8052633437968766,0.7994348790558952,0.624622224798327,0.5982176297852628,0.5845208045742499
2017-05-26,0.9215934803581562,0.8110838968947269,0.6262570374165074,0.9059493366262784,0.8645806411798519,0.8108761910702628,0.7981748113476423,0.60834901928241,0.6008275876678149,0.5801899121101536
2017-05-30,0.9191134961781513,0.8109629710997109,0.6474366758662796,0.9064582322390582,0.8615488221864582,0.8149431811429021,0.7990764815390154,0.6129565360385935,0.6070985243381142,0.5915141746868731
2017-05-31,0.9185243474567474,0.8026377590010746,0.653770211694454,0.9066508039392583,0.8572852666516723,0.8293199503270441,0.8003747090345887,0.5983806163922387,0.602289833423768,0.5798458585975661
2017-06-01,0.9195064356950571,0.8092671072519986,0.6534195072611088,0.9051690520442024,0.8607400492094165,0.8339948179761209,0.8013349919745726,0.6119825908418335,0.6064119553844073,0.5971228972088274
2017-06-02,0.9204107207770802,0.8088625314438324,0.6312968092988814,0.9042345274559315,0.8606363071050067,0.8343439838910611,0.8022551602214156,0.6110241818131704,0.6084906663591161,0.5986966851365471
2017-06-05,0.9196359670923864,0.8097344804469707,0.6258734378482221,0.9009547340160273,0.8596894169058611,0.8352928180824567,0.8013729238574474,0.6109805157203242,0.6060936554249965,0.5964539376109629
2017-06-06,0.9156448691124073,0.8096387990026369,0.6400515472799524,0.8988897049954413,0.8595386923733844,0.8356776876750458,0.7982029171259101,0.6099140996322672,0.6061548574567237,0.5953024314851962
2017-06-07,0.9176919262381323,0.8115652597839703,0.6425607142006146,0.8982598927122011,0.8602755674198483,0.8347333874539394,0.7976313395519727,0.6199089909656444,0.6157722627199759,0.591988558925586
2017-06-08,0.9196039682736015,0.8155933835634444,0.6375588350093399,0.9009338210597659,0.8646046526254184,0.8385600323269485,0.8018453805259328,0.6144919680537713,0.6120020998018003,0.5902106952545275
2017-06-09,0.9273625558596434,0.8205861700323738,0.6609178406088609,0.9003969019083851,0.8678027585333045,0.8410731484543921,0.8062988902144766,0.6093112483417201,0.604359594760965,0.6139884410601104
2017-06-12,0.927127150904947,0.8197831705833007,0.6796849527391635,0.9010577842697889,0.871275004813568,0.8428748295954788,0.8057858455743443,0.6110063163351342,0.6029550984143109,0.612818290152742
2017-06-13,0.9254180494939699,0.8184071527879055,0.67949386824291,0.904878853205667,0.8751825294112463,0.8400623153864291,0.7992658805837413,0.608571756683657,0.5985288006790106,0.5848197750834863
2017-06-14,0.9259954145080815,0.8084272044331265,0.6917166101389193,0.9039240612702326,0.8741471086095173,0.8336090223477939,0.7965486573959247,0.6055271974830584,0.5958582655198118,0.5769909594823769
2017-06-15,0.9266707929703804,0.7821704216377519,0.6929498390564462,0.8893058509161493,0.8570370717880634,0.8136187868547619,0.7746347530624469,0.5796201032398463,0.5748720945217555,0.5377628228477315
2017-06-16,0.9283871916287637,0.7816722626213938,0.7135126162980304,0.8913300007248636,0.8646548475774316,0.8177159508571298,0.7750469429213319,0.5696974388387681,0.566769727088659,0.5405924334517758
2017-06-19,0.9310893934620834,0.7892279907912485,0.7204860286524774,0.8943432631455801,0.8763574793592079,0.8247240586739931,0.7818514403705783,0.564777241001647,0.5665517738754963,0.5725063645036282
2017-06-20,0.9286872760001389,0.7920299324252942,0.7319489801272008,0.8912473577708141,0.8768396510274058,0.8300591827839751,0.7860590178687126,0.5561691193041988,0.5429839932534017,0.5718935256752969
2017-06-21,0.9262133678686918,0.7927233049979537,0.7582093406048914,0.9044342592845108,0.8915098451351073,0.8346064035630799,0.790084675950234,0.5600945016096538,0.5445157290504353,0.5909478385682512
2017-06-22,0.9219989624000298,0.7880440348024728,0.7530978108555557,0.9018629805983452,0.8862572797494888,0.826536822942766,0.7857936225953047,0.5474376418056974,0.5306958606627646,0.5687273370123721
2017-06-23,0.9217189013466589,0.7919887007032088,0.7561621129531334,0.897137329138212,0.8777769601484948,0.8240578260354561,0.7851033228851239,0.5464446715704189,0.5293802453464818,0.5797684872873329
2017-06-26,0.9246917671876815,0.7882299057326073,0.8140842549868267,0.8967595007132599,0.8767908297177749,0.8202556829808282,0.7794861950266787,0.5418839628839963,0.516270493350379,0.5753396715489989
2017-06-27,0.9252524802951773,0.7884499708060809,0.8516885149253551,0.8905573952536067,0.8730767819044861,0.8184073518761558,0.769966241061743,0.5421181913138575,0.5113930824722615,0.5695076548550917
2017-06-28,0.9301594109865077,0.784042779940797,0.8512656817815757,0.8704828409828302,0.8531680942765657,0.8188154945464494,0.7721660869175908,0.5506348633813265,0.5247411408094372,0.5653353708427259
2017-06-29,0.9359399435842384,0.7863894086983176,0.839278016637746,0.8692726727999849,0.8553552873116397,0.8151627236106077,0.7719447988495446,0.5349151855601614,0.5045411385674334,0.5422736072345069
2017-06-30,0.9347886042983189,0.789870951029299,0.8395407607582618,0.8688538870966325,0.8489825703027818,0.811276617728502,0.7702047846346946,0.5349294884523604,0.4991430600450651,0.5482410754695125
2017-07-03,0.9340829109653941,0.7984808335668462,0.8493589671059344,0.8714999648265015,0.8558791187921708,0.8197639278200808,0.7750877390344373,0.5431670632427927,0.5068554714602653,0.5634751142789841
2017-07-05,0.9341625170691226,0.7971060884555868,0.8554081308934701,0.8719558239510181,0.8569149366890488,0.818318832772801,0.7745894160434273,0.5392501729976236,0.5042217157478951,0.5610002991043815
2017-07-06,0.9337789075885821,0.7987139237296805,0.8552116657382459,0.8709138000032448,0.8568939397897051,0.8229180365155223,0.7797849471878381,0.5371783949401532,0.5073806399091662,0.5574534636016346
2017-07-07,0.9337717811980741,0.7989242987913862,0.8532377617060698,0.8691627930582644,0.8551736061680539,0.8187294626015929,0.7762051917879115,0.5373365379421118,0.5067117743410888,0.5337490084134405
2017-07-10,0.9294521242443754,0.7969246548488689,0.8527490961815353,0.8665855931190427,0.854447700118797,0.8117034399452727,0.7748150318568102,0.5344787728445628,0.49965142358902653,0.5202171541976972
2017-07-11,0.9271879146961515,0.7834265393575531,0.8399339471068453,0.867051871112138,0.8527867781150945,0.8053330827239691,0.7615388631671984,0.5235934632974169,0.48948666272010305,0.5235143871019052
2017-07-12,0.9243719468760964,0.7726530120447156,0.8414368377183908,0.8648059920528458,0.8477100498829986,0.8008879603759591,0.7524946237631779,0.5067712903108623,0.46694007227867257,0.4964104135601727
2017-07-13,0.9256666550103435,0.8239553958208752,0.841031728336635,0.8656891112713778,0.846981919974098,0.8389692268608061,0.8125793522596471,0.4997093110455698,0.46840626055009105,0.4973448475379722
2017-07-14,0.932689730240471,0.8535735357156273,0.8393640117456739,0.8772874441047981,0.8855048714253202,0.8392011621715401,0.8156322516310345,0.4970941730268586,0.46969349387858567,0.5769683935009062
2017-07-17,0.9313065452514173,0.8540107693287914,0.8370485263302708,0.8723575847502726,0.8759148484942961,0.8270357061381444,0.8089275429426249,0.5911163957566006,0.5663672892171997,0.5009801056460422
2017-07-18,0.9299527601495228,0.8408784515756078,0.8398145439295288,0.8697264548500945,0.873008699816537,0.8144519523448086,0.795181289189909,0.5791800515771334,0.5547389982441508,0.48443611103361855
2017-07-19,0.9189430217650639,0.7823021107321039,0.8387754566061908,0.826268450355225,0.811768352545616,0.7993794447135589,0.7736827185282358,0.559978057710511,0.5344004127680586,0.3924129667483746
2017-07-20,0.917678446749301,0.7774610656625325,0.8365441841848462,0.8228957008951743,0.8095959138613957,0.7971956105240581,0.7689885230764673,0.5556017635251231,0.5371977188993264,0.39186952773354394
2017-07-21,0.9192526012168141,0.7737473318768935,0.8401487707727276,0.8222090233907999,0.8080346013829386,0.7979774867190551,0.7697072078958064,0.5542714678933508,0.5333813761530999,0.39197056835812366
2017-07-24,0.9188391150760602,0.7767141015774772,0.8398425550337837,0.820618686016999,0.804179918502105,0.7951688389340272,0.764922945806805,0.5373515502571854,0.5173653126771643,0.4028488269775215
2017-07-25,0.9214718089362661,0.7820524836914441,0.8402541354586268,0.8279792662380292,0.8107299554875083,0.7990679123033126,0.7695452476945688,0.5350164584717458,0.5073841429123066,0.4090356767884616
2017-07-26,0.9277076416648319,0.7744442319313876,0.855067849422396,0.8289589007298841,0.8149808965577708,0.7885972993216872,0.7610641882934744,0.5365192149198743,0.515360885287281,0.4145324720111693
2017-07-27,0.9290195294389552,0.779027945146167,0.8591010817786765,0.8286567454473803,0.8104684552827043,0.7935186338020284,0.7624220972761798,0.5334892614218283,0.501640172918835,0.4009795961454545
2017-07-28,0.9290994697434993,0.7616436078034668,0.7380622695618971,0.8294324434048388,0.8108752906794781,0.7834790626564473,0.7545355081023338,0.5357104205275434,0.514240141140282,0.4062977265412379
2017-07-31,0.9292233895379721,0.7638974420526501,0.7271183521789778,0.8331707683854291,0.8126570883388633,0.7844061001791245,0.754468193108028,0.5437279221709596,0.5250203703218355,0.4053491066201074
2017-08-01,0.930236290807519,0.7667543373297963,0.717631469240247,0.8315092998393652,0.8098302103514419,0.7848582613388322,0.7570842783618007,0.5328253111416567,0.5170280683572616,0.40776594899124946
2017-08-02,0.9320877265574622,0.7664469135418209,0.7051610030128396,0.8365515113903375,0.8100977884013069,0.7870749920696817,0.7658224316016442,0.5339725338631413,0.5240121777743246,0.39929705772583807
2017-08-03,0.9348779867167248,0.764593253715495,0.6966153091665189,0.8374480196231792,0.8081938386056423,0.7883841658560399,0.7692764533124979,0.5330013976012394,0.5198996745339362,0.39619043682380756
2017-08-04,0.9337423036534832,0.7694794731847342,0.6875766148326917,0.8404983194990209,0.8120923762177247,0.7911171322794397,0.7806713268530139,0.5359834156031122,0.5203974899519548,0.3890006757088896
2017-08-07,0.9329589089879096,0.7680556873823158,0.7041219459991324,0.8400101618685153,0.8116311252388344,0.7893122802978785,0.7737993321668438,0.5340818442306677,0.5242052697798396,0.38991215631617226
2017-08-08,0.9325911773009888,0.7672458118792465,0.7006443879006845,0.8383197864701128,0.8117492339625488,0.7892948614825768,0.7745272798522761,0.5326299149509881,0.5251843346873205,0.39165046697260053
2017-08-09,0.932640311425659,0.7657647172618307,0.7003897146775242,0.8451530806283268,0.8143466488345786,0.7896405351680715,0.7768802590155304,0.5345229076902487,0.533128635017852,0.37453278216535785
2017-08-10,0.9361707421363281,0.7800837343020207,0.7066810375324207,0.8537755951777862,0.8215112740480373,0.7980240272103101,0.7893347355973525,0.5605118924033992,0.5619457070405833,0.42873201875057726
2017-08-11,0.9170837021638655,0.6963312402356637,0.7087537409975782,0.7929499136209093,0.76301712361206,0.7330976155979463,0.7117355495383776,0.4399820151288406,0.42308972649784893,0.32791462765913176
2017-08-14,0.9250880431723429,0.7022458031260633,0.709332419598282,0.7998836921805266,0.7771202614078899,0.7460488130365146,0.7169932462070381,0.45540917459734626,0.45929732465810336,0.3338515413225937
2017-08-15,0.9241423144452074,0.7057050828089118,0.7128576809641877,0.7961445490238178,0.7731574258890366,0.7505418909836237,0.722799378731362,0.43868645553863994,0.44121646950378507,0.32333611790854083
2017-08-16,0.9253540179529884,0.711660842214528,0.7252434909933808,0.7998049439496697,0.7760799762597348,0.7547362506325923,0.7266781616269746,0.42316129697052596,0.42354202878211294,0.334333975558811
2017-08-17,0.9277765489429989,0.7161139280273228,0.7292055098784148,0.8061599286496045,0.78241419998129,0.7595747596183635,0.7325958234940237,0.46636155628985876,0.4683849257484011,0.3843001343280915
2017-08-18,0.9277208037924105,0.7230138650642662,0.7312154243738085,0.8054347024331356,0.782748469546117,0.7788296007993978,0.749531171578399,0.45785856643539724,0.462067648690763,0.37342614631830034
2017-08-21,0.9253507983744722,0.7222065786285491,0.7284001198270412,0.8073382372118355,0.7764854916055596,0.777834448876953,0.7498916830050876,0.46346458137730506,0.467375850516686,0.4026892137048437
2017-08-22,0.9250971558543503,0.7273971055909708,0.7301207590267744,0.8153672012521157,0.7809537735557319,0.78316970012509,0.7563076407395416,0.4558452771627348,0.4531874359649777,0.42568892900848176
2017-08-23,0.9271847093295095,0.7168049394354957,0.7273450658071506,0.8085840452735206,0.7757562268880694,0.7711373976642173,0.7504228723593175,0.442791304087753,0.44419296798845004,0.4199631703712619
2017-08-24,0.9273864054906167,0.7184392298478559,0.7148243130403538,0.8035975126996979,0.7732607156523732,0.7408029612546606,0.743399091023697,0.44508223517243456,0.4396273290504962,0.4344173288218892
2017-08-25,0.9249056294563632,0.707006862717575,0.7166679709944551,0.8056056699005142,0.7670151099355891,0.7331400040964802,0.7434124657221369,0.4275983482456171,0.4336961852909378,0.40627511346348605
2017-08-28,0.9235751147945322,0.7116568145950581,0.7066602438252004,0.8033554053074125,0.7688879510046426,0.7319774170644406,0.739079529936635,0.4338836300172401,0.43842526504249896,0.41344300199382306
2017-08-29,0.9238921393006343,0.7105371282657328,0.7146702069720217,0.8089564653205196,0.7709266423214048,0.7266637194090452,0.7377875825560198,0.4356990757083405,0.44349449507693256,0.4162366667695688
2017-08-30,0.9171336381541036,0.7116080173882995,0.7113780068791373,0.8102157621684988,0.7699555952949644,0.722266971832468,0.7479856701902409,0.4367694944823903,0.4400950493842781,0.4189109226379379
2017-08-31,0.9116897468850691,0.7051081126791042,0.7065067709563775,0.8099006766977374,0.7697306179849356,0.7123927652088798,0.747499833964286,0.4110613603894637,0.4205332803155385,0.4041284318724001
2017-09-01,0.9095959348846814,0.7006888262147984,0.7098326366281626,0.804278418050558,0.7660231621487961,0.7085157506962207,0.7430388869487778,0.41059757834218535,0.4218591781811377,0.41096929113333275
2017-09-05,0.9118710128433918,0.7241957619588798,0.674778307821148,0.8185797145468803,0.7844103735929607,0.7411328703737317,0.767400230052238,0.4539121592957506,0.461196461694841,0.44961475495233627
2017-09-06,0.9127944327140269,0.724676539757327,0.698160155575799,0.8207884731198368,0.7843223871474443,0.7420732358646417,0.7702803430254727,0.4486202136849704,0.4625476181443957,0.4467659930231444
2017-09-07,0.9154595167888758,0.7297638834609336,0.6958473792871127,0.8299020078563735,0.7967295038626427,0.747824592246235,0.7812103300030845,0.47564141857459147,0.48482560168122935,0.4160339996105521
2017-09-08,0.9160557900127757,0.7392159099773113,0.6805179372573611,0.8310030779196964,0.7964994729025217,0.7535890388912261,0.7817420002283719,0.47830614574691777,0.485949853620292,0.4201818569406615
2017-09-11,0.9189370026599025,0.7528618512263603,0.6884364776197249,0.8385517325685551,0.8060631083599477,0.7615906593025507,0.7890817565580223,0.506395122347612,0.5130315406322055,0.46086935662956824
2017-09-12,0.9187856587941396,0.7549455475495365,0.6598386733740698,0.8374442258614148,0.8089634181029907,0.7668271386785723,0.8002292754078609,0.537281059639726,0.5439014333445096,0.46842588690977444
2017-09-13,0.9126023536777901,0.7412409957843787,0.6514021032256305,0.8329979789207372,0.7914784314064511,0.7556454668347613,0.7870511227040666,0.5391931182365958,0.5346129976180631,0.41669311488907845
2017-09-14,0.9139318768080368,0.7403640602683687,0.6461459110670145,0.8348481298614892,0.7883881349417288,0.7542070368195939,0.7902810200264682,0.5593051989960293,0.570643559761607,0.41370475844874316
2017-09-15,0.9155660978308698,0.7299214484002862,0.626806049476511,0.8313987748024921,0.7869756373341428,0.7396453320114816,0.7786162828901142,0.5614970247378553,0.5667728237949405,0.4038698277487892
2017-09-18,0.9170332967502512,0.7319521698647775,0.6259988654171676,0.8328389423016281,0.7926855425125681,0.7455972304346723,0.7790146800435804,0.5745078329685238,0.5762301872155342,0.4101308782222235
2017-09-19,0.9141078472581511,0.7273899089482198,0.623705871427753,0.8430334593189098,0.8042581468950911,0.747066136310075,0.7800295085523745,0.5844588829111965,0.5732358714699475,0.4119116663906094
2017-09-20,0.9147157713531102,0.7286228469899406,0.6151775989079259,0.8436125463312041,0.8035501354548873,0.7502259536430501,0.7873995527811541,0.566838371933374,0.5613659965421374,0.4097792913215077
2017-09-21,0.9139138074851072,0.7309828520874165,0.6096249401403371,0.8477338646724933,0.805347105184924,0.7574252852023656,0.7987389155509695,0.5680330865492932,0.5659833020109603,0.412727234069328
2017-09-22,0.9080565980015558,0.7372874204423965,0.6118668975193537,0.8727069733385403,0.8331492571964706,0.7544906313932785,0.7959658822192271,0.5505831851407474,0.5486646882454848,0.41409014719848464
2017-09-25,0.9060514534777953,0.7357408403428559,0.6074733588228362,0.8764088114126312,0.8383421835441548,0.7594544750604435,0.7997125498120468,0.5848888701299564,0.5787086979092474,0.41912707406776134
2017-09-26,0.9039996261714044,0.7353328410380484,0.6067768062006065,0.8727279172764764,0.8428837488738024,0.7703860418492342,0.8025343525576852,0.5756959760449932,0.5855810286964934,0.42255927367004664
2017-09-27,0.9110028492333541,0.7222480235507748,0.5575209738800262,0.8670219290506638,0.8331382284663829,0.764569489102916,0.8079133840516532,0.5716107992745013,0.5855145972319586,0.4031832480025107
2017-09-28,0.9108742495147721,0.7239598404119998,0.49856104734858003,0.8657809038640732,0.8303739304853176,0.7686859426693038,0.8089092262915643,0.5759266620474368,0.5850298408630642,0.3982052468296816
2017-09-29,0.9090764643498469,0.7225644634778362,0.4821610610197049,0.8672827636214632,0.8306684724655639,0.7668076669141445,0.800557986073191,0.5833901944797896,0.580270899782475,0.39935446394529006
2017-10-02,0.9070414362294771,0.7295734126044032,0.48826702239852376,0.8710136430617361,0.8393607749969428,0.7831977736781124,0.810190809860517,0.5674762428733287,0.5752945143238608,0.42220892769676815
2017-10-03,0.9157430651610244,0.7304775446963508,0.4890764182125907,0.8724576717203762,0.8429407563893192,0.7902150537815237,0.8093825047358781,0.5705494875083444,0.5808104182110247,0.4284562014374121
2017-10-04,0.9135000894435639,0.7449547357685953,0.49390402592325977,0.8708782850086796,0.8417210755544263,0.7951357479999702,0.8234873600266363,0.5758041419408902,0.5820420128985289,0.39081715348948265
2017-10-05,0.9163096197965398,0.7544779276586511,0.49187825191559925,0.8708015405301692,0.8444777253541997,0.8049475028383959,0.8331854853627523,0.5912989128960094,0.607535718109062,0.42193184113442417
2017-10-06,0.9142373837366079,0.7504834986231744,0.4958781060086639,0.8693482930982184,0.8424648443860393,0.8037962688308307,0.8307450435708782,0.5846543996421603,0.6036795200189258,0.41673777067359197
2017-10-09,0.9117760438915818,0.7508811728587527,0.49871128709603946,0.8715285948387217,0.8428741366207552,0.8027712373338031,0.8349616620003356,0.5823906377715253,0.5985986495632791,0.41998497731758105
2017-10-10,0.9094546032732904,0.7504973119144308,0.49647065724192935,0.8769350082621742,0.8519332453860393,0.809749606023058,0.8402018040133559,0.5827692228871881,0.5983160397636371,0.48036652306340666
2017-10-11,0.9093242419454157,0.7683143565455024,0.4927641015810824,0.8766096262676809,0.85185129145952,0.8294750106404515,0.8621993403615145,0.5869920842269585,0.6025371300592541,0.44765998980398475
2017-10-12,0.9124736549281799,0.834102035285939,0.4925681326957769,0.914268161825778,0.9049847755772574,0.8337501695539643,0.8692399754724726,0.5926889223073609,0.6055868897354297,0.4514922325865177
2017-10-13,0.8992760884922036,0.8348283685724142,0.49270496807911235,0.89205952870161,0.9045690955280838,0.8337326145001208,0.8475232337770159,0.5742634961359065,0.6142605813472527,0.4567827668828558
2017-10-16,0.8948741956723911,0.8462273189766962,0.4670917007165812,0.8975670132430215,0.9021157705832082,0.8363531163575212,0.850627246342532,0.48933170454438657,0.5706015878364556,0.4584639662636313
2017-10-17,0.8948435326493038,0.8043478445617603,0.4633576447137012,0.8956583309452459,0.899183782766155,0.8224034117536382,0.8294423632896156,0.503314583910776,0.5821144076141689,0.45385388637920315
2017-10-18,0.8884108913393487,0.8099781480175977,0.4513171984090236,0.8857834823976937,0.8802285334507862,0.801267841661416,0.8195447152733826,0.5036577278244899,0.5855780753639361,0.44490111404722554
2017-10-19,0.8861380154056068,0.8181250618991085,0.45213604147768477,0.8783473014768549,0.8754204540367929,0.8088615557861749,0.821740252286577,0.5019400988205591,0.5825217463130345,0.4516313257238599
2017-10-20,0.8899194365284605,0.8266228953264261,0.44485429124491616,0.8856722645518582,0.8840592323782656,0.8150909671610959,0.828017329418737,0.49906301262501335,0.5867189312500608,0.4605243535985143
2017-10-23,0.8894860633249901,0.8414457782857576,0.6183660231189325,0.8866052014952669,0.8843755192631197,0.8234832704312223,0.8331095253146442,0.5190793811053002,0.6074621610290498,0.45587103838239773
2017-10-24,0.8935351313138898,0.8424991509273965,0.6123962514861966,0.8852166692219474,0.8799653504876106,0.8220811506549173,0.8348087521880233,0.5423017506067564,0.6226626569536733,0.4480331148337051
2017-10-25,0.8922636555918936,0.8448389331720229,0.6315859686903342,0.8829100490868136,0.8775793005538196,0.817163293983538,0.8311645528843261,0.5533735553644604,0.6309388653061604,0.45732045419397455
2017-10-26,0.8917353235766822,0.845316647081539,0.6428313246906594,0.8829541657736371,0.8775117034485249,0.813981552271973,0.8337963516056812,0.5425265604235056,0.5949193369283479,0.46910539003803425
2017-10-27,0.8900958779267659,0.8449178212163398,0.46311128068464524,0.8835171595283019,0.8768455726039908,0.8113990920918577,0.8314756099713433,0.5483278423474872,0.6005275346305,0.46937792439731685
2017-10-30,0.888950732744657,0.8395957790564701,0.46524539617474553,0.8811505142599877,0.8739354524402639,0.8078919514785946,0.8211562192826997,0.5506806991425212,0.6098055236829666,0.48562439758459736
2017-10-31,0.8914126569518607,0.8287169598984323,0.44258711511006404,0.8843971403749533,0.8753312542922328,0.7936378356726684,0.8204388646360048,0.5413804039628539,0.6010230536674691,0.4890592881968071
2017-11-01,0.891501905102871,0.8172015150578528,0.4443392826630134,0.8778401992293464,0.8686044857386418,0.7927215005090077,0.8200377684054236,0.5419926865589993,0.6011645947880611,0.4953909139492431
2017-11-02,0.892355983244134,0.8180962322804809,0.4479668319775135,0.8779610065009076,0.8668467044617306,0.7936021427493863,0.8214313998032449,0.5392668241286971,0.594843510162147,0.5148889863567025
2017-11-03,0.8864155092309046,0.8041222134554017,0.4408248803927648,0.8649963474280877,0.8597147761016497,0.779407889875944,0.8046223874378783,0.5055760910228086,0.5579956492555987,0.43948157511874497
2017-11-06,0.8828427207783518,0.8031763098137803,0.4420203178976811,0.8599207423999784,0.8487983552979748,0.7785184759266207,0.8045452886353139,0.5021744079660881,0.5538551143388087,0.4443524856036601
2017-11-07,0.8889482537133073,0.8056035070456588,0.44027201411148315,0.8589584920536834,0.847650710067976,0.7790990463052643,0.8079668704998562,0.5175526291272229,0.5552997284617694,0.44264327942823306
2017-11-08,0.8924945474581838,0.7959568551976811,0.44170138639272755,0.8590666360727418,0.8486875235903537,0.7563012031525452,0.784746344101811,0.5324023593513255,0.5750879616405455,0.44560098242551643
2017-11-09,0.8846119509363192,0.7934093989352861,0.43338351652205903,0.8558347696331124,0.845813762785645,0.7533192446500256,0.7784600894815451,0.5316925371527147,0.6076203877887244,0.44452860904003666
2017-11-10,0.8767321698512472,0.7818267731891408,0.4143987297478335,0.8455287479052734,0.8360373170436813,0.7398793685181112,0.7651100558306212,0.4977872684082514,0.5740006259087466,0.40320413370490854
2017-11-13,0.8722182575103938,0.7817780750609555,0.4120861009988164,0.8500504714714815,0.8350864411457172,0.7393943429402432,0.7652021501802427,0.5061127584708441,0.5730168912237293,0.42111599054737553
2017-11-14,0.8769910485832565,0.7842827655656807,0.404834090210889,0.8489804676916988,0.8472035997320437,0.7428998063456341,0.7651445204678845,0.5078092029670951,0.5743921357249588,0.39723313488723466
2017-11-15,0.8749796636531662,0.7785051137638742,0.4041071261410919,0.8023007574728074,0.8269075800939476,0.7337636827798811,0.7448859169746236,0.49284695912231263,0.5460685333232597,0.3704205487759019
2017-11-16,0.8746835450786423,0.7844780332793988,0.4200849976410083,0.7972407893939714,0.8248315988564894,0.7344540692978897,0.7392701548457403,0.4934379087314218,0.5436495450729425,0.39027648197823694
2017-11-17,0.8768421740860817,0.7817963538018715,0.43248231352222016,0.7936924043301973,0.8252413790836766,0.7364429311480857,0.7409978084906726,0.49253227246946757,0.5425031591856371,0.3977090809235469
2017-11-20,0.8785105596688642,0.7775877079686497,0.4250257073051838,0.7925491349559135,0.8290681377314381,0.7338486290892543,0.7399826381119523,0.4924574023630226,0.543248004487983,0.394728234053762
2017-11-21,0.8783967907228616,0.7715536196955411,0.42162286851721986,0.792042507222822,0.8267111079928491,0.7329959356521196,0.740769713642647,0.4880481601806101,0.5394901788940841,0.3867540567488499
2017-11-22,0.877706198561658,0.7748036901167077,0.42331235515746013,0.7919498258422019,0.8273308891533564,0.7383713802187265,0.7448571731105581,0.4908319601421714,0.5404479984924779,0.3918786932572435
2017-11-24,0.8890349008927567,0.7739725919712067,0.42461669421057374,0.7937847683664874,0.8279564450191536,0.7419511509676886,0.7414655353928314,0.4937903155542715,0.5455186317535503,0.3905175762603136
2017-11-27,0.8902190945177824,0.7803514962910755,0.4365649770537914,0.7947139891448991,0.8268920960892864,0.75168734548878,0.743262007005003,0.5024319380996612,0.5474735655261835,0.4056109252029276
2017-11-28,0.907121797740818,0.7855599746320205,0.44098668223086096,0.8199848288207459,0.8441117952503885,0.7460033123977539,0.7460522556281232,0.5691859545075724,0.6022645388690125,0.46250833242558714
2017-11-29,0.898535780061639,0.7508833782664371,0.4409744542065917,0.8005495812671504,0.829167256226434,0.7052775082539336,0.7035331711721896,0.5680004762617811,0.5986499602680118,0.4093063945828726
2017-11-30,0.8946773464122175,0.7316692784190022,0.3976934411807485,0.7981068147549127,0.829666924739609,0.6939290943180441,0.6660361339500045,0.5750894147329291,0.5873294690754405,0.411863293066648
2017-12-01,0.8856733101461786,0.7216318956071771,0.39997017178799266,0.7770073006537253,0.8128141472178985,0.6792827101103155,0.6465707257415519,0.5502249560320018,0.5649805074413067,0.44589207574354167
2017-12-04,0.8905596144642961,0.7252584350056861,0.3877401899033042,0.7739691123722444,0.8152034924465161,0.6762233863188548,0.6345490047653874,0.5508402382582991,0.5577071082386627,0.46599631009301445
2017-12-05,0.8839752203843433,0.7212111724795353,0.3804830874234634,0.7667138609851354,0.8215272115774537,0.6739680807959656,0.6261637967235346,0.5268419987882009,0.5382125242655561,0.4320560653349342
2017-12-06,0.8879879741440948,0.7190374624452129,0.3962036622163312,0.7653786666470661,0.8208976825253084,0.6744774830414483,0.6115644372267106,0.5270731903515006,0.5343938921541569,0.4253827388556688
2017-12-07,0.8921268361963227,0.7260219019881659,0.38964326470060445,0.7569863665998087,0.8040127239356033,0.6603376440053244,0.6142712810809271,0.5235756694962449,0.5433263019592861,0.44322729150945384
2017-12-08,0.8910139053778512,0.7278693452478522,0.38948688734664144,0.7629383921474342,0.8101751219827659,0.6629346500007924,0.617545463106342,0.5094972361901093,0.5342473305282776,0.4470641684668759
2017-12-11,0.891834249162892,0.7352522874416217,0.39234982496699355,0.7638041311977886,0.8113054535070475,0.67529938632902,0.6253857593823543,0.5017404868467225,0.5296679019116628,0.449821711169878
2017-12-12,0.892226140544463,0.7507753697994368,0.400589175261031,0.7607202965701465,0.8060575620285302,0.6697671393537659,0.6202918111321671,0.4896657369553085,0.5217277709440413,0.47450056265553936
2017-12-13,0.8986348927053359,0.753899378799237,0.4016364189965857,0.7699034207717909,0.8127090553929346,0.6753266216130631,0.6265309191481686,0.508508489941529,0.5538639750276042,0.4931624625102707
2017-12-14,0.8973170511723958,0.7482546372904232,0.4066991718444919,0.7691165526751119,0.8162682202906877,0.6726750841610699,0.6265099788533589,0.534569853295088,0.5726166052612938,0.5091991414431858
2017-12-15,0.8967503110649403,0.748190815897808,0.4188089122205814,0.7721559056894942,0.8172599677288436,0.6714171268409049,0.6280987772144948,0.5515806759037004,0.5773450430045652,0.52105169669208
2017-12-18,0.8961886376283198,0.7449289140147075,0.4221075716124459,0.7672526792857103,0.8157019765456993,0.6731458681869156,0.6328729367210887,0.5537869797626633,0.5859778031516298,0.517218806646399
2017-12-19,0.894056631120918,0.7478356227605459,0.4096535998441572,0.7617865922827404,0.8138289963873114,0.673799888458742,0.6287142487082757,0.5546439535899573,0.5831873315212524,0.5341944592145577
2017-12-20,0.8955250185252652,0.7500652463900465,0.41755500288546216,0.7609738593056907,0.8128810268770962,0.675518735094656,0.6283706566735253,0.5664630200509233,0.5817170731973322,0.5319418566455658
2017-12-21,0.8912370238741828,0.7377251437483777,0.495094327720843,0.7571686403032872,0.8059198126062086,0.6762248398780375,0.611736973265951,0.5423866373563596,0.5665994453472422,0.5184151951098157
2017-12-22,0.8894301790185357,0.7387122155783402,0.507510818081911,0.7562979654460429,0.8067326274043094,0.678509654907397,0.6093209021684743,0.5424243524744239,0.5704680647089935,0.5343528112466419
2017-12-26,0.8921245630227715,0.7428200313231019,0.5035646394517231,0.7588969595582727,0.8079770334985082,0.6823502414845688,0.6196275245602799,0.5450156993311421,0.5770534852674031,0.5315829811249708
2017-12-27,0.8912650768425453,0.7321974352153391,0.5058573936905194,0.7566169813919419,0.8026144191169191,0.6719077188883551,0.6163649751294806,0.5521434126742464,0.5749904119240464,0.529926759120234
2017-12-28,0.890283185644584,0.7322807715457524,0.5049898556558321,0.7550799581093082,0.8016928860593909,0.6712479760753828,0.6158823492812978,0.5531893563447811,0.5698655701201941,0.5311571183400092
2017-12-29,0.8925329716953746,0.731809926529477,0.5078350890969469,0.7531313253922773,0.8006000690462041,0.6731211756031785,0.6173403347833655,0.5514627521911877,0.570708636061363,0.565962333969794
2018-01-02,0.8910938065288898,0.7191913408393215,0.5453166295509508,0.728804696048601,0.7798556001411789,0.663010282044822,0.6039482022278839,0.5340603433318726,0.5509163773420235,0.5577095011394534
2018-01-03,0.8913710854229816,0.7117555645523298,0.5184264039621,0.7256445770691164,0.781516199824292,0.6600043245216826,0.6061454614450351,0.5349915231993134,0.5428723563173011,0.5585201389978155
2018-01-04,0.8941584091472653,0.7148372649631217,0.5151608378821027,0.7257967487617282,0.7856441133308187,0.6645648860316516,0.6013154120788745,0.5543045694286232,0.560903670940353,0.5708583524042888
2018-01-05,0.8877909048506467,0.7149053995704955,0.5151958269618517,0.7249515447360462,0.784173751540959,0.670001515198491,0.5983110955985761,0.5503959728129235,0.560956687176025,0.5663190221226112
2018-01-08,0.8826388144344488,0.7164209721596975,0.5155817601532717,0.7248363380520403,0.7816155236906768,0.6607765790193136,0.6050125361880359,0.5428385256864459,0.568729592265945,0.6026520303153884
2018-01-09,0.8806036865584043,0.7123735965364932,0.5196352287097282,0.7139699438509772,0.7762361319202817,0.6545713705328028,0.5952706600623195,0.5383573985947562,0.5648556619735052,0.6627471223450075
2018-01-10,0.8971469243903286,0.7047329073891233,0.49426364549977525,0.7407981897020349,0.7796120360780474,0.6498005056758265,0.6116928832919161,0.5647571383036805,0.5565177890102299,0.6353039186005092
2018-01-11,0.8967573678460549,0.6970149907830866,0.5187064592232463,0.7343638981486876,0.7748835402718788,0.6361393662660441,0.6013033980223831,0.6326238401723239,0.5988335045715506,0.6338943373921376
2018-01-12,0.8995223138604014,0.7437301914381752,0.5229991878409634,0.7451694819979094,0.7865291686056548,0.6532496809221903,0.6213364340460062,0.6218703779031403,0.5911810564878399,0.6529861015187371
2018-01-16,0.899886901200369,0.7057133840637834,0.5358119469934658,0.7432043904382757,0.8086942298825704,0.6698663963658877,0.622815441384925,0.6249495560668226,0.5866927919823757,0.6310474233707805
2018-01-17,0.8946367421283803,0.6290597990180434,0.5237960511517328,0.7301584399676567,0.8096351573741634,0.6372636307728945,0.6218635540978162,0.6260907911346011,0.584513076580338,0.6413348653933518
2018-01-18,0.8898407025051085,0.5854326627040188,0.53037607558316,0.7185287677650015,0.8005156253103033,0.6183453913410084,0.5798228540027366,0.6225564350200928,0.5716934234478236,0.6675408922718034
2018-01-19,0.8829449777743295,0.6178658775485559,0.5321606669772688,0.6931114857888098,0.7281030927462515,0.5828903698259402,0.5770510178067858,0.6115222013621053,0.5242757167853661,0.6845842095649145
2018-01-22,0.87686876518607,0.582329022012948,0.5381812011943453,0.6871019297098541,0.7133718412005666,0.5834069763763824,0.5627081269155084,0.5935068482442287,0.5021444393551571,0.693670887527028
2018-01-23,0.8775255095624482,0.5740661776188525,0.5271718513690263,0.6874618426551842,0.7196396028384668,0.5906988140863938,0.5637520959076142,0.5950177749115784,0.5014335850410321,0.6897402383041643
2018-01-24,0.8738123468760991,0.5693321553818718,0.5292454981698063,0.6878144309674864,0.7180689886578283,0.604408594029716,0.555697769651506,0.624130542013634,0.5257734259673458,0.6804704913585362
2018-01-25,0.874114365218882,0.5474147455166477,0.6697472958958409,0.6881517955851651,0.7197901596789157,0.5954145768239357,0.5468944784520192,0.6218416939239904,0.5230834616085928,0.6813796565881387
2018-01-26,0.8732452879407226,0.5280926324737646,0.6760390693304862,0.6764892580749943,0.7152829642812578,0.5892511670062889,0.5426177317765761,0.6170666152655172,0.5145286869607404,0.6850874178995044
2018-01-29,0.8701751488911446,0.5237881196924762,0.7199786258731992,0.6692497044475405,0.7099959034687323,0.5869250003866012,0.5467160824793241,0.6354867843246287,0.5281909453881771,0.6680698629947422
2018-01-30,0.8738955230744099,0.5511143445476653,0.7518960223703888,0.6887414780758818,0.7246910647503318,0.599043730586151,0.560677145919833,0.6431657568125185,0.5385521178309753,0.6764180717541647
2018-01-31,0.8745238923935782,0.5448449544683402,0.7455869692901477,0.6819407253362182,0.7246370531428928,0.5933450866076919,0.5528117417924189,0.6426518679409859,0.538157024861488,0.6726806985024795
2018-02-01,0.8752120582157761,0.5502411236699248,0.7015165989912644,0.6907615931148631,0.7282541761296573,0.5984949501153572,0.5634066204864869,0.652510343276092,0.5493011952808119,0.6851373615225191
2018-02-02,0.8811429474150354,0.64584028180081,0.8296220826078876,0.7068249906504686,0.7648971203277211,0.6492271469747813,0.5901239816632365,0.6957648482947392,0.5773942954032871,0.7379785551032326
2018-02-05,0.9128202215159207,0.7103097403286087,0.8730258233395682,0.790123801943823,0.8321508946881833,0.7125096050385848,0.6657061536541846,0.7949478012899727,0.7123723101420866,0.7999350281509279
2018-02-06,0.9179895189914103,0.7459360908281902,0.745091876078534,0.8073510928633275,0.8470126078637387,0.7547966380846425,0.712132899651564,0.8162334533080102,0.7398364451372706,0.8024943432671866
2018-02-07,0.9217616794495521,0.7427547618871779,0.7506388190122486,0.8076723951436767,0.8471146433502494,0.7491334769436806,0.7145108289451656,0.8175493072153974,0.7329535833678484,0.7991486619475491
2018-02-08,0.9380459880358668,0.7811072570507083,0.7504730827772638,0.847767460812082,0.8785749098100468,0.7863183680784147,0.7578135128005005,0.8573722321914018,0.7960870823181609,0.8358643026107404
2018-02-09,0.9419274706841927,0.7816417651451801,0.7521722219414381,0.8441348533150465,0.874114782129551,0.7875643659319381,0.7610939662333911,0.8512090405866991,0.7948611796408573,0.8283645181914766
2018-02-12,0.9402985749999628,0.7843882411562537,0.7523760321857175,0.8495639559653407,0.8745724839888097,0.789308785815047,0.7628587008301797,0.8468851308704916,0.8046481026177461,0.829996389931344
2018-02-13,0.9425580423473381,0.7828066416656654,0.7535013202964334,0.8714556635986999,0.8809634385711118,0.7909474750151464,0.7693950140265323,0.8518338344306223,0.8230319819487407,0.8293643140003386
2018-02-14,0.9452812675654041,0.7925951539576669,0.7527465333370794,0.881589401814771,0.8870682836019709,0.7997223595330413,0.781746607904059,0.855455493941344,0.8287227372539787,0.8393028667275179
2018-02-15,0.9450741293616384,0.7904749955106791,0.7532677973712621,0.883875644143548,0.8882717547863803,0.7929716451868941,0.7769039979753116,0.857233549267669,0.8315081307982932,0.8386599358290845
2018-02-16,0.946456448939537,0.7918513228012867,0.7512792867995709,0.8845607067500263,0.8879719187179438,0.7932209600063588,0.775472948176181,0.8525831788795672,0.8265714274808569,0.8393606725034786
2018-02-20,0.9463385984033813,0.7915250573220423,0.7529105985510616,0.8862264351841297,0.8897073234236387,0.7912729191120133,0.7747488103485202,0.8535037760134083,0.8265166344552605,0.8404677283012186
2018-02-21,0.9446819877295513,0.7897599285318038,0.7555750765007762,0.8855871483592811,0.8891391450399478,0.7883004172501279,0.7746043319797647,0.853107741172701,0.8242157171462211,0.8398298216314911
2018-02-22,0.9442414687153041,0.7902704031599068,0.7556499062637214,0.8860157646581656,0.8897064465215606,0.7884084048461616,0.7756221791415132,0.8528399847287961,0.8229877593742505,0.840251818236531
2018-02-23,0.9412631468754676,0.7948493600844819,0.7664966876114014,0.8830547553826428,0.892835194206531,0.7926922934710986,0.7750660528519074,0.8562217368185018,0.8231475113639352,0.8446967286691203
2018-02-26,0.936207562840925,0.7950305809461825,0.77102325850617,0.880012419695234,0.8898357753016035,0.7980406357726468,0.7810239031239368,0.8517207795818477,0.8178735367636375,0.8406817948002256
2018-02-27,0.9305762940626942,0.7945901025505423,0.7698366139664349,0.8784093070779809,0.8868281918593914,0.8041516051563008,0.7821857639970717,0.8547337727718105,0.8107173076232501,0.8334592913111226
2018-02-28,0.9304672474839403,0.8063794928560879,0.7687040551940797,0.8803312933171671,0.8876760612534869,0.8139799929129121,0.8014439071490251,0.8590137425015137,0.8151503395352782,0.8343329175351774
2018-03-01,0.9333422850867902,0.8139828703905098,0.7663918625577174,0.885544458877252,0.8918423144855474,0.8206663057194036,0.8095252764490605,0.8640302822015958,0.8215541804417645,0.8422571245772972
2018-03-02,0.9342544792785186,0.8145310777652353,0.7651686129420583,0.8971667547930481,0.8910089777995713,0.8247166255787138,0.830632446423717,0.8664201608829825,0.839369138514577,0.84147608970743
2018-03-05,0.9368901132589887,0.8153655492917948,0.7681563619918059,0.8988659393599323,0.8906666401608069,0.8270679946977865,0.833119470653388,0.8753977929900091,0.842853049361538,0.8454608720452146
2018-03-06,0.9364475637413231,0.8166637113818392,0.7668677541335062,0.8866864859463883,0.8804334764663255,0.8208242928672854,0.8249345480902525,0.8752657642944334,0.8442472000787355,0.8466774129141548
2018-03-07,0.9375267775369768,0.8120385440086383,0.7442046385361943,0.8877251653959226,0.8853811103775834,0.8273518044780614,0.824016544131302,0.8781275147689819,0.8435807195226819,0.8483844285137094
2018-03-08,0.9376502903395575,0.8114831384800122,0.7437729584871108,0.8871129015142356,0.8849150811210945,0.8273202056110922,0.8231915303706987,0.878572339847508,0.8416595942492608,0.8458490193987597
2018-03-09,0.9328337411942225,0.8119935060577004,0.7325893963913368,0.8866069653771449,0.8907346789660333,0.8253878954945776,0.8262205423516426,0.8865594650152455,0.8472554537902685,0.8527267711351199
2018-03-12,0.9304429419903801,0.8074935586107305,0.726516905243701,0.8858396142308539,0.8886657329044048,0.8233132304445725,0.8274785397276841,0.8866453431102175,0.8420275659329141,0.8487196929006271
2018-03-13,0.9305721138316667,0.8101799776789232,0.726099307921918,0.8873106816555378,0.8890827691922105,0.8262804779558943,0.8332605552636052,0.8860285927596862,0.8436811280491258,0.849643374216228
2018-03-14,0.9308569697179881,0.8161671101342695,0.7284253935103887,0.8864735277267489,0.8896816753133018,0.8315139210572686,0.8349072639992322,0.8859862743965923,0.8440427116064109,0.8480763952688682
2018-03-15,0.9300493531696494,0.8153768270656971,0.727061281450804,0.8850496142929088,0.8904131584951678,0.8316964222976297,0.8313741016756772,0.8843455549129027,0.8428421180265531,0.846475502626396
2018-03-16,0.9315763766173216,0.8173889891250012,0.7227319780432883,0.8904911846116721,0.8910977467260576,0.8309295111813765,0.8303332943185777,0.8796927807020851,0.8370478039434073,0.8489395144795288
2018-03-19,0.9321386803745738,0.8181426354208777,0.7266959362399601,0.8913417849278819,0.8916068486280653,0.8317901649446752,0.8319364125266737,0.8798265024966505,0.8375903156772364,0.848917483887877
2018-03-20,0.9328695579261188,0.8173071153111522,0.7244859965333144,0.891006688768441,0.889798463082898,0.8313059993349715,0.8321708646621405,0.8794396668515568,0.8379649882000377,0.8496393360280499
2018-03-21,0.9320279690176355,0.8231765294601306,0.7295417426412407,0.8919028114247147,0.8915333301237163,0.8272474662639814,0.8322807595272227,0.8871017124770303,0.8410810262441784,0.8428799790111076
2018-03-22,0.9427383496895004,0.8373787628597571,0.7380540991136949,0.9053715348450702,0.9041715877784375,0.8393848583002778,0.8463812101269347,0.8938036619374856,0.8511844693703466,0.8602201046947785
2018-03-23,0.9374137863737482,0.8419862484187232,0.7392150372567051,0.9165714478020538,0.9060918719893768,0.8470310360220822,0.8467789705356531,0.883982186466539,0.8142603002346444,0.869126235533263
2018-03-26,0.9397275120325921,0.855602153527098,0.7458836382865395,0.9233485201590355,0.9120535555926511,0.8586413014953497,0.859796738088517,0.8880989541162223,0.818844188783954,0.8776089784982366
2018-03-27,0.9399893329382316,0.8581426111677145,0.7459515261561608,0.922499678888929,0.9144376908818306,0.8625634030903842,0.8662908994808876,0.8870188521843179,0.8144324483060636,0.8796848237928685
2018-03-28,0.9395955238370348,0.8541380970228498,0.7473787551525134,0.923405492419507,0.9150074876376988,0.8597157455968334,0.8620204465114133,0.8843050257291499,0.81022471421711,0.8800150156637755
2018-03-29,0.9406549877687312,0.8560250910478556,0.7467543787323571,0.9329200472100442,0.9223036864969058,0.8595242820354961,0.8624546428114215,0.8887005290062236,0.8171654417936011,0.8819246024255585
2018-04-02,0.9426045363805653,0.8610029367099883,0.7518507520372195,0.9352791638174602,0.9241965050780399,0.8638011117929312,0.8648413928392411,0.8925427563541789,0.8250470827556455,0.8806507071850564
2018-04-03,0.9418942457027367,0.8597528633120317,0.762182600324069,0.9347874882276979,0.9225660463884636,0.8636252266257352,0.8642551785933286,0.8921160483157261,0.822723062635544,0.8788250479099761
2018-04-04,0.9452007562527033,0.8606030476693683,0.762170872046138,0.9357076606239035,0.9226612450427647,0.8629017630884928,0.8669343412442772,0.8951805360990761,0.8235565852355237,0.8804673365674776
2018-04-05,0.9473645784000553,0.8628357459642895,0.7672530870905832,0.9362541694231045,0.9236650466081687,0.8692339927147545,0.868417555416263,0.8979363057516677,0.8243901316986582,0.8774809359451075
2018-04-06,0.9484462997213823,0.8657310573847128,0.7702348488193307,0.9372193070030636,0.9266987261625957,0.8725093308951299,0.8717376582886827,0.9007260204250973,0.8289801031607323,0.8829207548528474
2018-04-09,0.9480771712662643,0.8673815073630639,0.7736161683996836,0.9368159636564366,0.9251539725150174,0.8749875124650406,0.8734997101741254,0.8989358943423782,0.8281842866544793,0.8874792440753785
2018-04-10,0.949171764280074,0.8685207216557217,0.7847665206650062,0.9363392660149887,0.9248735847706964,0.8767916449077554,0.8752197899776355,0.8999042245195433,0.8293089693672844,0.8880689848006923
2018-04-11,0.9492648317128222,0.8693579928051305,0.7840651678684654,0.9366163934502967,0.9251211526208221,0.8794776872277138,0.8777716098665074,0.9046781678118122,0.834302882243089,0.8897598988886872
2018-04-12,0.9516957065993721,0.8756342416945894,0.783969935019563,0.9395153686939988,0.9258760403133394,0.8851909052099598,0.8816476189612451,0.906280202441117,0.8390351330159966,0.9005361078831058
2018-04-13,0.9550489348745382,0.898097322483167,0.786341869663443,0.9410882978996168,0.922596832358785,0.896250377039671,0.8856069365711675,0.8904694386125065,0.8277491728816894,0.9022365487326512
2018-04-16,0.9554936391399308,0.9066128448013786,0.7868298744576278,0.9408646763962314,0.921703489172405,0.8990810518100217,0.8954886861809584,0.8917677505139089,0.8351520929827055,0.901422893427807
2018-04-17,0.9575894299112186,0.9010027643962022,0.7851466334684997,0.9469325643739153,0.9400380082624528,0.9031836680979433,0.8877716022490859,0.8968433997337327,0.8503655553449964,0.899252634476532
2018-04-18,0.9568467138773956,0.9107026535401755,0.7862956142395873,0.9416856765198409,0.9420454742588273,0.9010497375564135,0.8835930318144779,0.8869134703464596,0.8301412024966408,0.8994956417445795
2018-04-19,0.9579182363232805,0.8983776819001643,0.7897845122057283,0.944106361929971,0.9443293690076499,0.8906691145325941,0.8747433490684157,0.8526230384892771,0.8002456576241478,0.8916563304974959
2018-04-20,0.958469551622252,0.9027533200784995,0.7892068676132531,0.9429373844783152,0.9455643770629865,0.8896354331042178,0.8760387361746308,0.8485304957168273,0.7934636967661087,0.8924897988457149
2018-04-23,0.9572035565990072,0.9114395204228006,0.7908009939122819,0.9383864468745725,0.9452411600970874,0.8884470207441225,0.8682411849395626,0.8485428054556414,0.7930820390526229,0.894470330184477
2018-04-24,0.9572597972785309,0.916106432296426,0.7908271776990022,0.9395207717999392,0.9457743284798754,0.8876861274655748,0.8663697597921082,0.8495359126675676,0.793596457008802,0.8944319797561097
2018-04-25,0.9574225779122068,0.9240096652598256,0.7858819803716963,0.9345153450843942,0.9420679538329372,0.8932109258066243,0.8677362440748133,0.847070247708412,0.7903490269944996,0.8956083220050617
2018-04-26,0.9570711260173259,0.9238963569180421,0.7864291602491509,0.9337899999663156,0.9418001311086944,0.8925278559235731,0.8659601928641046,0.84446250732141,0.7860340589750945,0.8918691365946475
2018-04-27,0.9549553639183497,0.9240149558179789,0.7085877694221071,0.9338371094732831,0.9417714620172666,0.8930174168787032,0.8667733709268574,0.8444489897811422,0.7839736596725797,0.8913633400490603
2018-04-30,0.9549807356871122,0.9231242932338588,0.7129121912070432,0.9328047739488788,0.9414528849247019,0.8927292441340853,0.8650099034038986,0.8449834266382688,0.785780455591458,0.8924585714183145
2018-05-01,0.9554065315995326,0.9202666256865923,0.6566713154560389,0.9360433872271021,0.9404218413938077,0.8966634608206837,0.8768937263757233,0.8406928505914796,0.7847355292753069,0.8858448814882717
2018-05-02,0.9484695612436149,0.9103436966661594,0.5685805989128728,0.924697807738035,0.9311909962181497,0.886748007829508,0.8649947413843204,0.8216266166430356,0.7587176790592353,0.8749248893899929
2018-05-03,0.9448916959674869,0.9040451538772778,0.6700789695725581,0.9210313732136274,0.9271023203882239,0.8788259325737575,0.8545906136032275,0.8189835746947147,0.7525186384512569,0.8745174724145383
2018-05-04,0.9439512867652522,0.9066444548681443,0.6562527860202267,0.9210860638088217,0.9266264215236393,0.883511060144671,0.8559628748639154,0.8253503342476363,0.7542416636497379,0.875315176920511
2018-05-07,0.935414832156756,0.8947737729362761,0.6423648550426733,0.9095458499079073,0.9145646148615691,0.8693333211437511,0.8384831420668741,0.7936613285435176,0.7096897278861791,0.858162806644653
2018-05-08,0.9332634213514229,0.8876001817411332,0.6408044566590709,0.9142825019978132,0.9226391594019265,0.8617150397966574,0.8342862223747707,0.7884184300480764,0.7030476153001589,0.847485423238131
2018-05-09,0.9365336770881377,0.8854864089740758,0.6507574654501976,0.9076978230152171,0.9195821108262853,0.8635338081828519,0.8372905911044304,0.7801621930069692,0.6819222864189362,0.8534549856630781
2018-05-10,0.9370522181937849,0.8889403127670669,0.6352273666593111,0.9061766157751858,0.9206092038069186,0.863972346214921,0.8392602436328556,0.7832081450885985,0.6832930535410504,0.8543880490033001
2018-05-11,0.9333501734678314,0.8826008357549511,0.6357168239404914,0.9015722335413209,0.9157731406956362,0.8576276222746122,0.8308586870575132,0.7793633898388953,0.6769338069279455,0.8458679665224142
2018-05-14,0.9320686359733716,0.8882786543936436,0.63548319020199,0.8999835596534399,0.9156528723384814,0.8641932001417577,0.8353767203711738,0.7791376578275788,0.6748531669494724,0.8463330954870772
2018-05-15,0.9272536872356446,0.8895256636284202,0.6378904158131459,0.8969549962978511,0.9159780869299629,0.867360384804398,0.8330243832696622,0.7821376848739682,0.6742040668747118,0.8471071757691271
2018-05-16,0.925254699169042,0.890977684091447,0.6318068870944,0.8954915428537099,0.9160715630422531,0.869548345783563,0.8344539762468272,0.7815186510707475,0.6747129413933679,0.8476210703872614
2018-05-17,0.9260642045068368,0.8911075625706706,0.6218015167060723,0.89462704304891,0.9165144565001158,0.8720625331710381,0.8351368491631134,0.7791850605899421,0.670371555045285,0.8469616552448036
2018-05-18,0.9278979110656527,0.8900028995327416,0.6241186287190033,0.8963814812092888,0.9180845288163156,0.8709744018921217,0.8335782609378688,0.7743412895636393,0.6665871350946405,0.8338905908711468
2018-05-21,0.931040313901635,0.8868492560421654,0.6114168907714608,0.8974400869968872,0.9159222940550098,0.8659000861264342,0.8343838248991029,0.7732560931213354,0.6653429181874267,0.8309363172651255
2018-05-22,0.9305370188797886,0.884297650958703,0.6054795720866986,0.8968299782904804,0.9151734428251297,0.8636057911203436,0.8315062919342258,0.772015014597361,0.662741261596889,0.8288870179686916
2018-05-23,0.9313403127041594,0.882527192849854,0.5989123087311972,0.896830492536573,0.9167029514135883,0.8613653605001684,0.8270360272067044,0.7699989925426047,0.6711858601126033,0.8344569330840483
2018-05-24,0.9340906937635122,0.882068909224056,0.6008134910454295,0.8972405754348823,0.9159194888206724,0.8585562949616532,0.8287882039888668,0.7609683278409243,0.6725925361251638,0.834603331305989
2018-05-25,0.9329080580318571,0.8721507776123892,0.6224763427142433,0.8902532992541483,0.9104129445718696,0.8545921002580654,0.8269496156698025,0.7538582505800288,0.664974419506386,0.8220294710173734
2018-05-29,0.9397650026465294,0.8800335255136035,0.6263967290904716,0.8989865393355889,0.9238701517515949,0.8687063432248194,0.8418126018457593,0.7766333228306974,0.6933911262443916,0.8223737487347119
2018-05-30,0.939432001519483,0.8831035804891905,0.6559743080862727,0.9002582139143646,0.9243295458828157,0.8679105023677252,0.8421520496987903,0.7756976432688327,0.6944711323456842,0.8242422619094147
2018-05-31,0.9397136271745048,0.8818504047189341,0.6575002182622957,0.9091298176982462,0.9325025955602448,0.8767419338666154,0.8515557925359684,0.7785253257494292,0.6971460490814166,0.8184950800433483
2018-06-01,0.9417194242109344,0.8865031090642836,0.6743043695666238,0.9095744403543223,0.9355990203595005,0.8783951597923041,0.8549743367005529,0.7721490183969844,0.6942453566219751,0.8194091080377933
2018-06-04,0.9417497528168483,0.8871363104451522,0.6786909664300302,0.9086634244505434,0.9347270211205027,0.8772511128743061,0.8535239720658888,0.7713747783754297,0.6930610013570346,0.8206809519597489
2018-06-05,0.9458197567095835,0.8830133827744464,0.6965088517093572,0.9090859021833366,0.930414486235118,0.8750009420018915,0.8506097077559164,0.7602846429681642,0.6853632761416983,0.8144613448715518
2018-06-06,0.9493077385139613,0.8877963049176433,0.7002119426700375,0.9096732582636821,0.9338743504761514,0.8862800442959109,0.8560110188625849,0.768122935152667,0.7010885029007211,0.8217261391810364
2018-06-07,0.9487162438261363,0.8873831609879254,0.694792537762607,0.9087540240677915,0.9334168015897997,0.8855714007340609,0.8538191070543338,0.768554955968626,0.6987073585233892,0.8172384799039796
2018-06-08,0.9487700207123027,0.8851901429360034,0.6840995831048561,0.9106361826082073,0.9318475524258029,0.8846806675993818,0.8551293860482678,0.7641161121445801,0.6978611333368538,0.8163536757807918
2018-06-11,0.9484363157820659,0.8848024032850813,0.6764098938178719,0.9110288881637925,0.9318162147239981,0.8845487283966916,0.8588377116249278,0.7649128106091241,0.6979774740010873,0.817550720735703
2018-06-12,0.9484288600274794,0.8846576678524574,0.681550619254414,0.9111478267201182,0.9322279893416996,0.8850793006403684,0.8591611008359243,0.7673256424870218,0.699544028771298,0.8173291022132705
2018-06-13,0.9486144678984234,0.8882359286697766,0.672455074237411,0.9096487912215822,0.9301916793039944,0.8850878379975183,0.8621227464154821,0.7652725889531927,0.6980956375159211,0.7883634042446628
2018-06-14,0.9470933468593379,0.8877704755593866,0.6714701126212532,0.9106511601715845,0.9257552690525923,0.8745143958238575,0.8590160325698273,0.7612743886697324,0.6979909576805009,0.7846937182117771
2018-06-15,0.9466424720286731,0.8869251695101491,0.6756574668651398,0.9100633155362504,0.9267938444012167,0.8744331368669945,0.859346587818685,0.7574893427687848,0.6979977360415529,0.7916965366097122
2018-06-18,0.9410205085421943,0.8745564147703024,0.6518538889317576,0.8972699511848902,0.9171286803487507,0.8590587394936476,0.8430526545617928,0.7278045069146137,0.6644879631674329,0.7642597409010023
2018-06-19,0.9436826912952401,0.8665066404277245,0.6496688204057666,0.879697193934342,0.9135213539505999,0.8484530923168065,0.8282767500745066,0.7280767873472597,0.6756059530687724,0.7361682644954012
2018-06-20,0.9412049200774858,0.8481863131242398,0.6428046776455684,0.8633990790881548,0.9058590949270842,0.836025168575861,0.799400982898647,0.712528737141735,0.6592077896261388,0.7048406802414838
2018-06-21,0.9420876394417145,0.8496477098790441,0.6453752648419445,0.8623614565653617,0.9029860521429502,0.8327201342327355,0.7798546796642009,0.7070859249217495,0.6555182734882871,0.6977094171981206
2018-06-22,0.9414202533468514,0.8541737744185425,0.649529793285191,0.8632927262312681,0.9051049398030059,0.8337183850569203,0.7892990104990899,0.6923491569283701,0.6520306969072853,0.6955404183761622
2018-06-25,0.9371255234044646,0.8547787207154633,0.6550364220079821,0.8620618845244563,0.9011979651120937,0.8272698319716049,0.7918513617008326,0.6731451302674143,0.6172046790515834,0.6899131887069375
2018-06-26,0.9348020859299486,0.8493022521930259,0.6470435899829087,0.8564825719283157,0.8975445896508923,0.8211384022951004,0.7838947067704818,0.6578183718094456,0.595242502962387,0.6837424663315211
2018-06-27,0.9345205414179909,0.8501912018329424,0.6357606755234031,0.8566064378375141,0.8976305167609308,0.8143176956559915,0.7825421778960434,0.6563068906753725,0.594809458621862,0.685693042111731
2018-06-28,0.936619602986778,0.8546710009529901,0.6338466586659393,0.8586233982984317,0.9011134426754621,0.8175082336208511,0.7859140528564954,0.6435675107605321,0.5837679027092011,0.6616038833383278
2018-06-29,0.9315410988846816,0.8524274291891957,0.6262126074264439,0.8583018337568952,0.8978506585192572,0.8131142300330526,0.7842106461307302,0.6302814704404093,0.5550258126857248,0.6646538680100024
2018-07-02,0.9270171091767465,0.840781795487375,0.6213172145700887,0.8508326300936156,0.8914657677173078,0.8023053148877044,0.7678007970687666,0.610483149154389,0.5321034713371746,0.6321096948726518
2018-07-03,0.9282843795821678,0.8431972049283615,0.6260577617548041,0.8516486713232834,0.8938408004482163,0.8024533918879339,0.7702064673515906,0.6206922665218146,0.5421742159691967,0.637563612370395
2018-07-05,0.9252009398830331,0.837298776597459,0.5988833153827005,0.8438405373245315,0.8853750431766532,0.7930111407237693,0.7591198008365201,0.622581978375423,0.5418664697917025,0.626147458528994
2018-07-06,0.9231133826607602,0.8354006596127687,0.5984368811335903,0.8380892154878087,0.8816213000242599,0.7883045066080479,0.7538205158003687,0.6112571472854119,0.5273537274666916,0.6103488965358803
2018-07-09,0.926571161212447,0.8436919379409384,0.5996332164490501,0.8416787332241255,0.8852840395491784,0.7958504270544503,0.767205357128682,0.5988899074998565,0.5142156650805001,0.6260267938508258
2018-07-10,0.9207939759841371,0.8410289803015628,0.6018107090634733,0.8453749514630939,0.8924330138167104,0.7949996404112065,0.763983755372549,0.6112203178592097,0.5216664604537261,0.6162938440280196
2018-07-11,0.9218281647214893,0.8401776202936998,0.6083640163564047,0.8455790555995617,0.8956116578136659,0.8010758813309192,0.7647830766436016,0.6112980826531106,0.5185159794709454,0.6185407889844357
2018-07-12,0.922597959141854,0.8523941085987294,0.6111687788698327,0.847070088673836,0.8960205889781089,0.8151202008239327,0.7854208936393703,0.61262001304918,0.5194876695756844,0.6219828875559077
2018-07-13,0.9248700737453497,0.8514687436848204,0.6025366717864493,0.8582916087324087,0.898455981551166,0.8221292165020393,0.8039949506636958,0.6307383005016106,0.5546010085524681,0.6251484291394397
2018-07-16,0.933794175028028,0.8725904448850615,0.606462392790942,0.8322580396112513,0.8721010725457791,0.8514444364885407,0.8327574387142397,0.622022138620278,0.5273333344474536,0.6134512235339911
2018-07-17,0.9317459850221622,0.8717936080144413,0.6045095486254942,0.8342711450747713,0.8696054062303389,0.8529548345208345,0.8358445174233929,0.6301604648281883,0.5480289314788181,0.6136905941103044
2018-07-18,0.9329287261731499,0.8516874156481316,0.6024252545800323,0.8251638993083172,0.8629131587449016,0.8655832765747846,0.8662851183820939,0.631346447798039,0.5418234725896852,0.6186120196381797
2018-07-19,0.9343153272140647,0.855506652216516,0.5980010151241039,0.8279752065210834,0.8647383713160438,0.8733193865166313,0.8758020514568704,0.637003213021207,0.5526381190596372,0.6206790959785906
2018-07-20,0.9355715775411604,0.8522710768105698,0.5951054990969059,0.8371793674049041,0.8711777992636833,0.8809562733305907,0.8869258767279626,0.6381389132817509,0.5557627977051296,0.6182324393503177
2018-07-23,0.9381322229863949,0.8532756711917743,0.5855962288394577,0.8367903844912455,0.869559962734093,0.8825849425514075,0.8897794869844542,0.6565218798666457,0.580832564985789,0.6321583425587098
2018-07-24,0.9413267532015526,0.8517855567650615,0.7627918521232834,0.8371835717576424,0.8711334754832653,0.8836151565881376,0.8863481567688842,0.6558087147615307,0.5849409736829246,0.6333918032705083
2018-07-25,0.9413210758422413,0.8515596193186855,0.7671528600396427,0.8361867735965739,0.8692432290279495,0.8829319792812501,0.8858074520683841,0.6568434666001349,0.5841775702477713,0.6314095603495671
2018-07-26,0.94149025956352,0.8580378984218889,0.7617199803675561,0.8360015983178175,0.8697404372848293,0.8837742104979677,0.8874111209787114,0.6571837739639345,0.5849691655743112,0.628789206069863
2018-07-27,0.939742328233816,0.8645856543054596,0.6636207704537844,0.840387441403763,0.8694214318676974,0.8819176602771344,0.8856586026130108,0.65699982636787,0.5747642319461533,0.6278729682855883
2018-07-30,0.9405543585442849,0.8655401455364855,0.6543036132264703,0.8380693855112075,0.8687261826753285,0.8823654806013632,0.8893308087545192,0.5905656173625641,0.5049291322194712,0.6228320732940786
2018-07-31,0.9441215645772392,0.8655409969224754,0.6566579857646634,0.8369167569928366,0.8651115252665833,0.8804616152678955,0.8905330132468658,0.5968509982556349,0.5186479478045977,0.618884157866141
2018-08-01,0.942987108784901,0.8645531728944715,0.6677376170494541,0.823668191098203,0.8614574537134396,0.8727449137149197,0.8743082534137185,0.5954146617604712,0.5148719957770217,0.5707657395158617
2018-08-02,0.9432217597312087,0.8797274575726192,0.6704150801348002,0.8232062108997108,0.8547864277048908,0.8729698028400611,0.8728255138366736,0.5879135848163676,0.5097448355058665,0.5929290810960973
2018-08-03,0.940981989022942,0.8814301201574946,0.6585732953390006,0.8212750801340275,0.85200629632148,0.8651719633038422,0.8635011130423514,0.5869903773853229,0.5073709125920618,0.5782574990566101
2018-08-06,0.9410421202295496,0.878942484166214,0.6763370453126906,0.8250912675001745,0.853461234798017,0.859026600854568,0.8586615003699531,0.5839646007158853,0.5055534359469828,0.5715772900342836
2018-08-07,0.9415100540985838,0.8792789314947104,0.6766798972212926,0.8246117904624839,0.856996331442952,0.8569691943805393,0.8531160643393991,0.5837569068553065,0.5006208074169933,0.5714135392989396
2018-08-08,0.9410346614615478,0.8764047435142152,0.6779737195869513,0.8231458438758614,0.8572053622341328,0.8549909506858138,0.8408193963950021,0.582511789905332,0.5065757769173537,0.5714735641032083
2018-08-09,0.9472321191786517,0.8795724217646438,0.6795426495591387,0.8260357090031861,0.8582822810814354,0.8546214692710915,0.8496031748401002,0.5760105521036659,0.5075410667156391,0.5713938947572248
2018-08-10,0.9503472716807899,0.8852876610099315,0.6778709695119848,0.8323436385766255,0.858583738794473,0.853292446307185,0.8501459763079625,0.5832187094773253,0.517366896496721,0.5761534784796302
2018-08-13,0.9513737368211637,0.8912845288168239,0.6831226264110933,0.8406852107191569,0.8633176946853766,0.857085539120179,0.8513543320074433,0.5756811622475771,0.5080161149052167,0.5771735720425974
2018-08-14,0.9497741782998397,0.8915487412655602,0.6798630215182788,0.8388973033713312,0.8602972675103077,0.8541677825781734,0.8512941749101341,0.5800900336963766,0.5117643644560199,0.597080513219532
2018-08-15,0.9490161525355044,0.8911723958585425,0.6865101984016021,0.8365241618369835,0.8595329822548601,0.851965238338087,0.8452941377177583,0.5788978470152428,0.5113190741859202,0.594692571557214
2018-08-16,0.9493964829583782,0.8976407057338166,0.6865993595803079,0.8360919043079861,0.8578944434643122,0.8502073414566552,0.8476701369392223,0.5811284464818692,0.5147135591316865,0.5972824438930079
2018-08-17,0.9527892079916375,0.899440036994817,0.685968562241987,0.8363202420622411,0.8570242823092559,0.8506642387089803,0.8549952674765814,0.5789589805472967,0.5086878345844092,0.5957683015508838
2018-08-20,0.9518028061110202,0.8929973651409194,0.6768925279965862,0.8357497266974676,0.8587567015195362,0.8403055564258026,0.8513834958927797,0.5797356059129142,0.5115072864071978,0.5950157478985886
2018-08-21,0.9524953530978129,0.8938384752060536,0.6547563891149701,0.842865204698316,0.8616871868051097,0.8376836993813173,0.8482077812671781,0.5794523717709344,0.5137017984951741,0.600999538505573
2018-08-22,0.9445688367094305,0.8710933137036482,0.6566844824843865,0.8122776579073289,0.8188435846441124,0.7964461534936276,0.8168921548562628,0.4696494475680881,0.4109903523627608,0.5538819267867493
2018-08-23,0.9443709768271343,0.8675553023334518,0.6107370129077889,0.8058701704483671,0.8080683950819425,0.7848741659688142,0.8076732702543117,0.45212091980989166,0.3970682017480522,0.5370459340495977
2018-08-24,0.9433782750096901,0.859722444800928,0.6131035952955962,0.8022808985252473,0.8022960799958666,0.7773008251801253,0.8016632629357584,0.44194757566521803,0.3885653512662303,0.5413324331288829
2018-08-27,0.9422512574726656,0.8804369568856725,0.6253144102507144,0.7857691295902737,0.799094455875612,0.774424143777503,0.7813621737750995,0.46463271139035595,0.40595477678627706,0.5455614508860572
2018-08-28,0.9412314663765335,0.8785642708417019,0.6186422255843812,0.7875731872403936,0.7975882407382302,0.7766740466378533,0.7844171053731007,0.46885064648469155,0.411380144429655,0.5440985582426155
2018-08-29,0.9413186159661497,0.8781949468188784,0.6220445028355794,0.7837189221089583,0.7964591879648547,0.7748085295955849,0.7818983442593223,0.47000996354717967,0.4128615222951246,0.5354674815947611
2018-08-30,0.9380428173792983,0.8743789809640742,0.6260449140208303,0.7677987522301062,0.7835374134909664,0.764753460419046,0.7726939591149301,0.44338707567714003,0.3762338649659049,0.5067151901382372
2018-08-31,0.9377728447478034,0.8750249171673723,0.6210407109663034,0.7677517488718499,0.7845112873197314,0.7658295377414136,0.7728699879639813,0.44378010372586557,0.37705781034353286,0.49222393109579166
2018-09-04,0.9397125867172933,0.8753900018038204,0.6306120301424665,0.764350461822224,0.7842679495122277,0.7645298145834263,0.7702775836636367,0.44973433428509024,0.38037663310431535,0.4941675073902605
2018-09-05,0.9382601050250094,0.8763875420408644,0.6364255346001076,0.7647282197770361,0.7816092239487944,0.7657570741580776,0.7702501082378871,0.4545120125712427,0.3727363219665755,0.4938531658649172
2018-09-06,0.9382155723171629,0.8789324754919778,0.6437834375117248,0.7629303260511927,0.7779688990163792,0.7622093143858466,0.7683235765358687,0.4528529569371722,0.3716591039189793,0.49535977230395917
2018-09-07,0.9380018556414403,0.8726801612837871,0.6274994680734476,0.7647014079110972,0.7813918629267655,0.7652318887335169,0.7717538718442987,0.45197783770943817,0.36953816489655783,0.5406733658225045
2018-09-10,0.9389336834968467,0.8725921673453779,0.6303404017677557,0.7659854354614596,0.7924744321991328,0.7851502947722426,0.7753975673143657,0.4368532157262948,0.3599338366043294,0.5346030273674016
2018-09-11,0.9388778301952296,0.8715613598610393,0.6156976182026211,0.7676148725638114,0.7901490061637687,0.7750864227528398,0.7700053198678645,0.4431858171365543,0.34806369627784667,0.5359682619572782
2018-09-12,0.9405249169813736,0.872637894715189,0.6227917882492321,0.7725523641071564,0.7934606454228281,0.7791958294039878,0.7749698274568905,0.4491188803711708,0.3561205005924332,0.5452521154243335
2018-09-13,0.929570374768666,0.8677153094642375,0.607713985177477,0.7612924504467105,0.7939057639564466,0.7787241946556475,0.7709193221559217,0.44417280498808914,0.34012149698721117,0.5522568750165802
2018-09-14,0.9255584990699223,0.8670744781066994,0.6114931198533666,0.7629727734792021,0.7872344262214035,0.7769920682438457,0.7714735404428403,0.44336271075945644,0.3454816838285527,0.5602677117971254
2018-09-17,0.9239006246915461,0.8681180549696271,0.6020883191289393,0.7625506143731644,0.7796197651331211,0.772815048965411,0.7732011871313389,0.44022594408685056,0.3472742594611145,0.5654553214129081
2018-09-18,0.924129807285737,0.8751669425343908,0.5770146943773037,0.7561476137550032,0.770585979467319,0.7809787478943913,0.7699845825559369,0.46518838043723776,0.35618932024893013,0.5712502810590462
2018-09-19,0.9297324077048793,0.8787770737600064,0.5593642087998281,0.7636111614188544,0.7863367592201309,0.8043023114604783,0.7780917224094234,0.480145488024691,0.39629007381374126,0.5923161731801412
2018-09-20,0.92991342440879,0.8777344162440894,0.5498331907483691,0.7616147235852564,0.7863151573186481,0.8055065037807914,0.7787798691144775,0.48419572059922533,0.4004217851835532,0.5966250424537421
2018-09-21,0.9311025348120013,0.8788453466541287,0.5351458256753063,0.7584915664831331,0.784221893186704,0.8102967442414043,0.7778301811136751,0.46279711670270063,0.3869441990401395,0.5815079327885629
2018-09-24,0.9304449882339393,0.8783910761802222,0.549535134231614,0.7563387363144828,0.7819830824499305,0.8085706188686793,0.7758527958096512,0.4878645489609137,0.40778179141720783,0.6166833342911694
2018-09-25,0.9331261861355654,0.8743652488010861,0.5423395480964098,0.7462390072565769,0.7815137119043851,0.8065067003855177,0.7686464255469279,0.5081098281256538,0.4448707140170618,0.620791632687902
2018-09-26,0.9361059772022288,0.8767037162932226,0.53397056284005,0.7518114856616298,0.784827563694513,0.8117594663267635,0.7834244081162576,0.5227925205399138,0.47535256170338136,0.6255848532754765
2018-09-27,0.9339238254194597,0.8700720169921615,0.5311066313838289,0.7397730949977892,0.7747787554191555,0.8067433556801482,0.7775002045651694,0.5065697553138712,0.45593343499360817,0.6128941668002258
2018-09-28,0.9364000897446926,0.8779069512264027,0.5297745092107052,0.756906717393184,0.7930275394454097,0.8149959558847941,0.7860590798935733,0.5232541197304532,0.4749911869098433,0.6283781683657217
2018-10-01,0.9365873955065893,0.8771763307796221,0.5391233468652974,0.756812755241143,0.7939032234186626,0.815735594505216,0.7865774632261683,0.5250893910967672,0.47867496578562135,0.6305844743383893
2018-10-02,0.9242571450397294,0.8634122729920061,0.5348043122429713,0.7276035030016791,0.7701848963612297,0.7909688825963054,0.7529874890850976,0.504944595537313,0.45169337127397036,0.5915150662444153
2018-10-03,0.92348701504344,0.864201110253942,0.5219538988522558,0.7307259551472237,0.7718721169620609,0.7921755300554224,0.7541633918443084,0.5014059447815595,0.4443517485774052,0.5825087693357122
2018-10-04,0.923170241132678,0.8618510883071784,0.4961266495901368,0.7257912633156163,0.7710329811762713,0.785786358462271,0.7403529698061907,0.49469949743708025,0.43280318591590117,0.5815069644657072
2018-10-05,0.9237960025123026,0.8628448350822785,0.49428773021498634,0.7285168056781323,0.7729249828553066,0.7880181260471277,0.7435768984205541,0.49744003991395114,0.4366916966646138,0.5820513333346191
2018-10-08,0.9219770608154825,0.8611490533865337,0.4885735118071012,0.732800489235403,0.7776408287506922,0.784770671856299,0.7432981872379256,0.48928204747742604,0.4300274233630869,0.5822651685397546
2018-10-09,0.8986777181809119,0.8597993416302263,0.4802265814223718,0.7510478769674049,0.8001121247050437,0.7740741590940307,0.7261366858690957,0.5572804265563723,0.4897763840793348,0.626602966096003
2018-10-10,0.9152864970852813,0.8797160567535519,0.5443857159722707,0.7765998388586415,0.8289477161107811,0.8094910701958161,0.7631127093950404,0.6231766179377999,0.5494701207290255,0.6709791988611833
2018-10-11,0.9279500622062921,0.9073304909710455,0.6157853094195533,0.8126628859183747,0.8449316300655432,0.7826706803473057,0.7428719965492753,0.6456381995214833,0.587775360966744,0.6799163704684651
2018-10-12,0.9085961789137785,0.906649119422356,0.6172312844065279,0.8087816452250294,0.833418265003715,0.7671506549742214,0.7447480483542648,0.5899332511313078,0.5701488084687897,0.6615299263404714
2018-10-15,0.8965190554062218,0.904222258310128,0.6283337341957547,0.7792273005760116,0.8265748812573911,0.752078460009443,0.6994836544425245,0.6015112649210934,0.5806401704775226,0.6674007837137286
2018-10-16,0.8979740288898265,0.9028460859399208,0.6313128290322454,0.7814104505290226,0.8228639234632293,0.7735486565468288,0.7240629890746398,0.6132606569498801,0.592714470479814,0.34297955378754463
2018-10-17,0.9011962394954702,0.9089797179950307,0.6090390700636089,0.7870187350371518,0.82460280129535,0.7694551839912864,0.7293981149824307,0.6050828893427611,0.5838435887267823,0.35538383172738286
2018-10-18,0.9033130301838096,0.9105123313848099,0.6058173190228591,0.799365521722155,0.8351255550372297,0.7766975231258814,0.7361468751053029,0.6142771207232254,0.5979597352700051,0.3823143361358842
2018-10-19,0.9018675415993564,0.9114128309664348,0.6180971827385563,0.800022628259745,0.8314593830893826,0.7727237849828934,0.7376362551907494,0.5495641567956666,0.5579590620923649,0.387637990053138
2018-10-22,0.8937389051349428,0.9161952762897007,0.7447682518333018,0.8101091293756165,0.8414388453175621,0.7833467076944302,0.7545863218179479,0.5571286500274952,0.5909797122373004,0.408458696910019
2018-10-23,0.8941807162551909,0.9167144150810554,0.7727968228519879,0.8129490476932519,0.8434386198656149,0.7852282163155573,0.7570824667789556,0.6285229003089294,0.671330142921213,0.4128625716996747
2018-10-24,0.8964354948036831,0.8973638887367292,0.7937602517395027,0.8183232275425879,0.8554407975382471,0.7926306067424453,0.7824355237516409,0.6394466233579855,0.6951376611278123,0.43192815264481105
2018-10-25,0.9000347232284085,0.9021809550300651,0.8000745582925312,0.841708656174351,0.8705530040727115,0.809784339549425,0.8058636988963157,0.658066703825594,0.7162311928658207,0.47850536117656034
2018-10-26,0.8967248331096482,0.9021268328205575,0.7920070523217303,0.8448249479088787,0.8770445503879373,0.8166368670204575,0.8112544806058266,0.6668209553749935,0.7029859839756173,0.48107843598573824
2018-10-29,0.8953659358333176,0.8984729786591402,0.7859042821611774,0.8423256752181512,0.8668010286979003,0.8213242707978602,0.8162068057446071,0.6487136952258028,0.6936898864395733,0.48031937642708633
2018-10-30,0.8897067323083295,0.9024552098664455,0.7950673556508447,0.8421306192098988,0.8705779012285505,0.8308934951107863,0.8146933442979096,0.6508711107999732,0.6964578991580879,0.5015679192676734
2018-10-31,0.8979500463529042,0.9077673628537913,0.7959543090874571,0.8495411569231804,0.8768585505789384,0.8412344467597811,0.8283860221968377,0.6438903665023943,0.6877484355273414,0.5173946478922758
2018-11-01,0.893411257377636,0.9094547978632364,0.7820628985329982,0.8520108662623461,0.8764365913218721,0.8430833261399909,0.8397047541788357,0.6384724922788425,0.6906982828625378,0.5185321506119064
2018-11-02,0.8889799392924798,0.9052962373869278,0.7860569519466822,0.8525352365022099,0.8735048071694437,0.8307884103636018,0.8395471549779142,0.6425902241696548,0.6891041832911825,0.5173600355600034
2018-11-05,0.8884948066296994,0.9026958197177022,0.7278248718922306,0.8471069729181812,0.868444859456028,0.8226401816653569,0.8316469707081976,0.641100600642656,0.6860957301015285,0.5139894838207063
2018-11-06,0.8853584778349699,0.9026507030194453,0.7267515577294901,0.8394064977751204,0.8619588812566771,0.8181336231630344,0.8290574226908101,0.6510137327061826,0.7023344156081882,0.5133689759622918
2018-11-07,0.8855497464539162,0.9028978828234617,0.7336281532467617,0.8409493507865619,0.8646069778056409,0.8183374215610085,0.8296266618958062,0.6665733195144412,0.7086337797212366,0.5276828835566211
2018-11-08,0.8857629279269146,0.9032783348616903,0.7235027825145603,0.8306849317558586,0.8571724618067453,0.818112928118317,0.8300500248868943,0.667386665639705,0.7101980465198513,0.5255868740447196
2018-11-09,0.8857165541120734,0.883030878384947,0.7232472052441251,0.8298773539204229,0.8572842479465134,0.8005099900731845,0.8123702767500198,0.6627310712379005,0.7050152191208522,0.5284387257711712
2018-11-12,0.8921282069465707,0.8603224615412256,0.7306088924635976,0.841339573942828,0.8653917271583208,0.7788931892757867,0.797902591689285,0.6768506196575543,0.717405012035308,0.5406244775484625
2018-11-13,0.892938198965056,0.8568485743039453,0.7400321567113319,0.8400825276020732,0.8659312972592301,0.7789630814782463,0.7965603860508966,0.6812422191606337,0.7126179692198289,0.542922886157522
2018-11-14,0.8957398432768977,0.8570879113255729,0.7340490227161128,0.8426490432209923,0.8665388220768806,0.7727682532099259,0.7940507485716183,0.6662885152112794,0.7027517442873464,0.5470325327910154
2018-11-15,0.903061619618279,0.857622228903073,0.737426481414401,0.8348496888479936,0.8559356881394918,0.7611546179012698,0.7831975886744574,0.6841118111048772,0.7162046309436321,0.5512329884455418
2018-11-16,0.9025774330205633,0.856930762413767,0.7405305176901222,0.8351469243757198,0.8566666698001231,0.7615788793792938,0.7838647803521261,0.6842259962556192,0.7161925262792552,0.5446674845253358
2018-11-19,0.9009933937787455,0.842740264783994,0.7394389127751781,0.8346486008934143,0.8571244692084744,0.7434477272365934,0.777290537266181,0.6664221600357727,0.7083194949531143,0.5438405003554496
2018-11-20,0.896173743055651,0.8399225575863112,0.7548392372574757,0.8353239828803118,0.8603288535008605,0.7452888663290222,0.7732388358843973,0.675192285120851,0.7058752664574786,0.5379417716713668
2018-11-21,0.8962843881017595,0.8401348942079215,0.7571159191420181,0.826151277072122,0.8452361852296908,0.7382782484654414,0.7697144525662746,0.6720657152273206,0.7044780392029878,0.5439199424271465
2018-11-23,0.8969564453115021,0.8417737383128903,0.7764291624503584,0.8277962161401416,0.8468191743300018,0.7411923021654198,0.7722395041862441,0.6740336907330668,0.7064436176066858,0.5412796172053673
2018-11-26,0.9021443871440453,0.8500666394440828,0.7770799188441053,0.837542376299665,0.8553049823453739,0.7544235591635253,0.7828425744991838,0.6984072901971123,0.721810454890854,0.5597790525367314
2018-11-27,0.9028179941734871,0.8501781282711519,0.7774633906737815,0.833876068389327,0.8523588606743258,0.7534555807350051,0.7805842288046259,0.6984684630697725,0.7219044584095587,0.5665948785439804
2018-11-28,0.8987594918123591,0.8560788759229331,0.7856381081510916,0.8451375402310242,0.8531475475648648,0.757053260674328,0.7901366284015696,0.7006181621789145,0.7350807790423886,0.5836821225867359
2018-11-29,0.9012030550175927,0.8563109108051498,0.7929779333018142,0.8471503194558136,0.854756011910412,0.7599594043244723,0.7911886210198795,0.7029541326456207,0.7482235877271508,0.5857799411121312
2018-11-30,0.9021622668047472,0.8508279362455405,0.7951445911025931,0.8406740303430986,0.8505491891409805,0.7367221124166344,0.7631570694834642,0.704421293432729,0.749083066006627,0.5820872490328189
2018-12-03,0.9019498554970492,0.8472874463510047,0.8176791460935967,0.8367702943561713,0.850585398553935,0.7376218777120259,0.7639004124671064,0.7010170880503569,0.7481212042958808,0.5907540891583303
2018-12-04,0.9196300709028636,0.8536727075293203,0.8269628921667944,0.8578357940029179,0.8694500850742928,0.7499468486948985,0.7715717069672238,0.7552016036722697,0.7916537281287573,0.6470344358634418
2018-12-06,0.9219940543374479,0.850628607900234,0.8326423158172341,0.8569598796055767,0.8690515804329861,0.740844139526544,0.7618328890249719,0.7353256223420296,0.7757097252692622,0.648875791328835
2018-12-07,0.9208594468912858,0.8528028172308215,0.8315428055208484,0.862992846931219,0.8726560768498471,0.7463808511702977,0.7657915478993479,0.7405963736433718,0.7784314074488007,0.6531733443780303
2018-12-10,0.9271307384958913,0.850142836917133,0.835594125530809,0.8655902769494519,0.8719551902158111,0.738310562075419,0.7571620423518584,0.7403276114020784,0.7825432153556408,0.6496299716690378
2018-12-11,0.9286194204332742,0.8487700280758589,0.8347319734021658,0.8641846791726829,0.8715489348925414,0.739336647843669,0.7566650333655115,0.7413505457842754,0.7813591103596629,0.642671067770319
2018-12-12,0.9273845821252513,0.8493682797491177,0.8330587373258865,0.8649403627081027,0.8760793966093479,0.7400889422809523,0.756695725463978,0.7427691637992849,0.7711995076371463,0.6427050815816805
2018-12-13,0.9275824661721689,0.8490124584125927,0.8281660940054892,0.8653536323327281,0.8750199274139131,0.739079376920247,0.7574081108102001,0.7392322576197031,0.7706570008535788,0.6422990194051922
2018-12-14,0.9184498696858724,0.8434857951210821,0.830373736908669,0.8423151851639342,0.8686014053164498,0.7246684770833619,0.7361338076216577,0.7574600308620861,0.7743283432763678,0.6311217514481002
2018-12-17,0.91142476256647,0.8302980726867949,0.8307214782378858,0.8419509039096387,0.8618552684960392,0.7248319854278441,0.7218296275061247,0.7371130592958901,0.7151027728836382,0.6270951283610819
2018-12-18,0.9105919063480936,0.8285616101545341,0.8373116709452999,0.8418298932496077,0.8579481396287337,0.7111884467155423,0.716173025736109,0.7373290571397696,0.7147576841604777,0.6318347194881262
2018-12-19,0.9106825680558033,0.82996109908829,0.8388064445244842,0.8429938849192943,0.8585602374931784,0.7117025595972208,0.7166730368680007,0.7378861017676873,0.7130836298470428,0.6332384739381134
2018-12-20,0.90911180331013,0.8297508133476912,0.8457102526855443,0.84216327144695,0.8589901636862566,0.7108272198693837,0.7166215280069173,0.7295057523127174,0.6927548418691583,0.6316626869990422
2018-12-21,0.9119531817322615,0.8345280307870698,0.8457928388020763,0.8483290265564888,0.8634941334722496,0.7208714931791669,0.7297471889553501,0.7355577068985812,0.7045400141897484,0.6228615610706004
2018-12-24,0.9143546852102657,0.8364247619586731,0.8527758467421404,0.8490207394417904,0.8644167002163925,0.7247982862104608,0.73336145160958,0.740747985513567,0.7106289517324048,0.62579151071022
2018-12-26,0.9241970555694609,0.8500942618287574,0.8787797567576209,0.8731604469590589,0.8818773123506563,0.7491694617622954,0.7554169404860861,0.7713332765036344,0.7490780072488005,0.6735184873875673
2018-12-27,0.9245266229380804,0.8507381801181907,0.8761783275865785,0.8743630985264759,0.8828128365522395,0.7515466610816943,0.75701707411104,0.7716682802528858,0.749626075624195,0.675391971606409
2018-12-28,0.9253710585134552,0.8510643584522601,0.8769059470784984,0.8729353174690977,0.8828896124077438,0.7495435241505458,0.7548126740149517,0.7710874091857262,0.7498173713830018,0.6746180344239711
2018-12-31,0.9252829483034517,0.8462013263059557,0.8778469822647592,0.8726472989421569,0.8824057823738406,0.7488818813960184,0.7545270995293876,0.7746788601341529,0.7547155281856995,0.6797100239788019
2019-01-02,0.9248554184608275,0.8482717945096827,0.8792575851213644,0.8766328885498064,0.8855160082131768,0.7577934773760229,0.7598944459423901,0.7745543745364066,0.760097215341562,0.669047790949418
2019-01-03,0.9254153077410741,0.8488910274565704,0.8807330657500391,0.8778692869097612,0.8867147900064454,0.7585235101389832,0.7606986096910711,0.7768025035070226,0.7621167597779719,0.6725698445368287
2019-01-04,0.9321832620618807,0.8561415262466044,0.8817162318628158,0.8860595591125133,0.8939201338402853,0.7706507765185809,0.7721986297096968,0.7987220399075852,0.782851815738992,0.6905980302921362
2019-01-07,0.9320712609293773,0.857566676353677,0.8827626534973874,0.8854418557303727,0.8943062249645498,0.7701732907806973,0.7712942554470705,0.7988981444924488,0.7829097727436588,0.6871320120222826
2019-01-08,0.9311599832226868,0.851906162273826,0.876574847020942,0.882581162752234,0.8897837514908492,0.7615423966914622,0.7654194574922087,0.7907125539853845,0.7768796335885765,0.6745469171396606
2019-01-09,0.925800528675648,0.8574741952106468,0.8691369998454149,0.8799105847782565,0.8876958928344489,0.7737592868498578,0.774319665429294,0.7888847379769728,0.771908081616608,0.6687635357890287
2019-01-10,0.9321227574743469,0.8583974349657622,0.8687175493101412,0.8805436715074829,0.8901044362587476,0.7803923532105218,0.7740234544512223,0.8023436361874334,0.7721253175846325,0.6779511262125173
2019-01-11,0.9281056932910272,0.8588351799320607,0.8682032150034327,0.8858998950046705,0.8901518217812041,0.7814317769675294,0.7876413664578086,0.8009176254359023,0.7743519718891299,0.6775360910369007
2019-01-14,0.9270791116317195,0.8613506656122316,0.8668036362643937,0.8987716416067587,0.8972930762536095,0.7752707679420348,0.7833486603560983,0.7950344242231094,0.7672567040498505,0.8555267551965585
2019-01-15,0.9265593766995508,0.8569508055885091,0.8680808468293384,0.9007266510293436,0.8989948406128798,0.7751550012095154,0.7837438837027304,0.7941242093910699,0.7670532020169357,0.8604897984017899
2019-01-16,0.8644660160245995,0.8459388657287253,0.8671816476841973,0.8909918482666853,0.8861781664040653,0.7104807967236326,0.8281428900956415,0.7933751768832442,0.7305601775561464,0.8632159356940299
2019-01-17,0.8629038388759191,0.7939522218631592,0.8671841276276485,0.8209561229063222,0.8426900793674803,0.7126483494095965,0.8289982439376111,0.8229145651581394,0.7489042272987193,0.8338502564532282
2019-01-18,0.8623527417726041,0.7924976129833458,0.8679951089106613,0.8117542187041626,0.8440040920844063,0.712139912785782,0.8294469132510504,0.8205442902135475,0.744244649991406,0.8304073937731433
2019-01-22,0.8597429270163635,0.7944041001463985,0.8721304681896226,0.8058310245922767,0.8455585350248995,0.715081411264006,0.8281287929150618,0.8209135551559362,0.747485782049938,0.8300625503978338
2019-01-23,0.8562164526903183,0.7904968813070803,0.8669212082508087,0.802194458747316,0.8422634189818129,0.7068087237525474,0.8196819314935498,0.8161250585164046,0.7381661964703582,0.8253876577769176
2019-01-24,0.855158675552727,0.7859118218959334,0.8610013205050197,0.8007441174852576,0.839333838915505,0.7018788532474788,0.8184549970838956,0.8131533564687894,0.7356966643788355,0.821373173013768
2019-01-25,0.855368904288069,0.7873265865807919,0.8605971512992885,0.8019900374762997,0.8365441943837784,0.7039389341530399,0.8197343938758124,0.8110485417334415,0.738964844070119,0.8183172240114654
2019-01-28,0.856342616970464,0.7887015518786176,0.8675355423631953,0.8019292583030895,0.8389092705617616,0.701506991769381,0.8192641606921407,0.8149164235515579,0.7395142445694708,0.8199500601655325
2019-01-29,0.8583611891060074,0.7844007906489217,0.8641279746805736,0.8042308486385279,0.8352496339386395,0.6962827968919109,0.8185522299421684,0.8162088637138043,0.7345541570387982,0.8182706749757976
2019-01-30,0.8493119920602364,0.7795990170900089,0.8653814418437483,0.7850979549192459,0.828426287987066,0.6874857550759849,0.8047813637554896,0.8195698737860254,0.7199345144226917,0.811960241206948
2019-01-31,0.8505397724715253,0.7800499223880907,0.8766605946031166,0.7846751705057831,0.8297355530735905,0.6900776639851927,0.8069139535499201,0.8206225118770814,0.7109910401848394,0.7965704463800116
2019-02-01,0.8503763527464849,0.7810684579961387,0.882776118717137,0.7843040701837477,0.8266708369138697,0.6942569484927497,0.8083162761223727,0.8207385072167974,0.7105682934889926,0.7953909034821275
2019-02-04,0.8486487640702206,0.7807702465049946,0.9028321345375044,0.7876108926929599,0.8276863151048796,0.6967096450933055,0.8085333584481765,0.8204718032442102,0.7095814258500378,0.7931820637798092
2019-02-05,0.8486390340521204,0.7807280717388433,0.898517164466939,0.7877995298587528,0.8282859721171798,0.6962783665436673,0.8079587862624726,0.8200753890611993,0.7088993353230824,0.7940055944240009
2019-02-06,0.8498333992468227,0.77883291900165,0.8972543054221226,0.787012698886845,0.8250660179030518,0.6936255787472856,0.8068318929558417,0.813283909015918,0.7051770232478235,0.7904273481036679
2019-02-07,0.8506865708421272,0.7810919492359185,0.8964824743608801,0.793133067174739,0.8312181706247891,0.6967239638948729,0.8089921710730145,0.8108040377462583,0.7026714391379216,0.7875596760952214
2019-02-08,0.8463818983478536,0.7815715665370727,0.8945161246573727,0.7873312995589701,0.8312914942354077,0.6976153211216501,0.8116391235396772,0.8088201146601969,0.7040202519160974,0.7868328598090628
2019-02-11,0.8399028971284994,0.7773141644164415,0.89218700642813,0.7742270909023246,0.8245906177195159,0.697247271289746,0.8242991987005935,0.8017427635112554,0.6986234085194292,0.7765000444499226
2019-02-12,0.8389601707642012,0.7851321515321995,0.8915875567688983,0.7759109629689642,0.8282430406832111,0.7041866267119072,0.8247887020957884,0.8036757305887213,0.7030669595918819,0.7830325114501079
2019-02-13,0.8345535863861955,0.7840727813295595,0.8942812420327239,0.7725708457446314,0.8262054943270992,0.7040979399381163,0.8247359199977518,0.815961463687725,0.7081770058371307,0.7804799240376189
2019-02-14,0.8309636611133749,0.7846849717037933,0.8949479459859512,0.774120366990411,0.835139864739007,0.7157355997142151,0.830273801564059,0.8159234994502911,0.7039545396775075,0.7802908856301755
2019-02-15,0.8333985950327106,0.7925967809927024,0.8941824517418021,0.7807671332064263,0.8416644967840234,0.7278175849101748,0.8347721591947631,0.7985825859911057,0.7029567884088634,0.7882938024244374
2019-02-19,0.8358605244276064,0.8036257840540141,0.8926684844891464,0.7814114599231098,0.8401025161446598,0.7428443376019412,0.8396947330280555,0.8092333299444014,0.7036447761423473,0.792435011785786
2019-02-20,0.8370537590337472,0.7950371689623161,0.8866506842626035,0.7811339375368652,0.8346595676292992,0.7311824168200128,0.8409242257448816,0.8041150522775921,0.700299696238972,0.7913583457091842
2019-02-21,0.8370209507069363,0.796636769854889,0.8873349148581289,0.7885656643956032,0.8455695831378568,0.7348606748816264,0.8431286677668556,0.8080730681984375,0.7019619108468872,0.7905052164897518
2019-02-22,0.836155469823255,0.7947022195834763,0.8807222553950158,0.7868393054079073,0.8444549460719867,0.7326500293693874,0.8415164616794436,0.8032930782000445,0.6953582198225506,0.7908193656721036
2019-02-25,0.8333493665111368,0.7895625003852016,0.8807120344116989,0.7825061989471155,0.8394090631888405,0.7258367614461707,0.8379126250763539,0.7835683310216,0.6888727971749171,0.7830423323750265
2019-02-26,0.831398203215915,0.7890290438126814,0.8807468340934222,0.7838161154178854,0.8368645842567339,0.7258630871917159,0.8396213327600407,0.7812696844186198,0.6884743141934477,0.7828837058136684
2019-02-27,0.8282131803007825,0.7833502068210935,0.8760996402374233,0.7776938443977116,0.8356900505644079,0.7219556934944201,0.8347378182965352,0.778995522400908,0.6795217824846671,0.7756698439681495
2019-02-28,0.8282545470111824,0.7816901056996681,0.8760040368610136,0.7766757950132588,0.8360010872991226,0.7211553321350938,0.8335741717327921,0.7742331499851223,0.6717733406260036,0.7696709508705519
2019-03-01,0.8266370217769158,0.7877679716904961,0.8767818223894545,0.780737468158927,0.8399167385595872,0.746489585634606,0.8562956315989017,0.7709143176100814,0.6706834718327863,0.771110123791625
2019-03-04,0.8268961251681429,0.7945742431619945,0.87541147738397,0.7871531563632924,0.8374981123938067,0.7464008670638316,0.8569076298572076,0.773438342090374,0.6683246170451259,0.7685123832239421
2019-03-05,0.7941125357313114,0.7789229454959274,0.8670813747613992,0.7561180017577743,0.8141150512196083,0.7297105364932783,0.8506814175700572,0.7375583550154855,0.617993346494673,0.734056399802293
2019-03-06,0.7876580123856892,0.7809109617724868,0.8601024557844016,0.7560070872806819,0.8170062528033208,0.7419368750287924,0.860483792322589,0.761793689911807,0.6328910097920429,0.7326960710235217
2019-03-07,0.779808241883258,0.7750769582168651,0.839168060631199,0.7439907764943771,0.8103906897159922,0.7351856929109039,0.8589500028326971,0.7591432221356339,0.6291574878322552,0.7243581383265261
2019-03-08,0.7693650381879381,0.775773075626927,0.8372713119242576,0.742429773216987,0.8096325337992781,0.7414745224762289,0.8705739970353819,0.7620897178015401,0.6298589025617429,0.7248710753691655
2019-03-11,0.7673131561955016,0.7755657698866152,0.8378038586103379,0.7443058729737709,0.8137860558383904,0.7341594433289983,0.8689763731903476,0.7671846789382673,0.630685715506406,0.7364308841021877
2019-03-12,0.7722042274685513,0.7764207305985191,0.8406727320985418,0.7454409114789007,0.8118639955290118,0.735665758424896,0.8686872165211287,0.7639229240115625,0.6437553916484134,0.7359628916761488
2019-03-13,0.7737564590929655,0.7750852103490598,0.8438962272840661,0.7459440604594973,0.8127392831868927,0.7363729582242461,0.8668887992903829,0.7632984214032229,0.64442455138317,0.7366547784940385
2019-03-14,0.7762160890294215,0.769457545885535,0.8391489825194844,0.7587949275331506,0.811781056164434,0.7295818579531448,0.8745783869435877,0.7587118012404486,0.6471523539838164,0.730812563919878
2019-03-15,0.7671415525182825,0.7794726848691472,0.834504838089538,0.7467328254466014,0.8208005303996393,0.7181531715092727,0.885283785278025,0.7703677780459544,0.6828765855684301,0.7279267208187081
2019-03-18,0.7673173096406009,0.783608736493465,0.8222142522726039,0.751568104080822,0.825966485946419,0.7332777899541675,0.8966364662813564,0.7683983932502546,0.6764380363076815,0.7314992064297109
2019-03-19,0.7643734621019462,0.7805186527222997,0.8165372971970047,0.7476355045822595,0.8229479470360108,0.7304628785756085,0.8957767143047682,0.762512775347021,0.673820854941754,0.7285538563413257
2019-03-20,0.7813106664865673,0.7865309643936014,0.7954573209738591,0.7538928483439228,0.8259379119047895,0.7471049467542492,0.902207207264564,0.7810933253630601,0.7098281552202168,0.7336426047991176
2019-03-21,0.7706018568512528,0.7711261819167693,0.7931552862037091,0.728721860763239,0.7974827785499671,0.7103051054767197,0.889643031395215,0.7412858385171397,0.6747707885622186,0.7375010415633118
2019-03-22,0.7845399322975036,0.7786790546986124,0.7748566774982769,0.7435825797223431,0.8095206607708764,0.7161325282648681,0.8888306080741666,0.7476329278986268,0.6852385698283909,0.7509539901899694
2019-03-25,0.7387806561439206,0.7610933450952077,0.6999545585218976,0.6890720425880078,0.7692555363513134,0.6891999115820563,0.8869419996508527,0.683884068094077,0.6056660429905687,0.6912626419191557
2019-03-26,0.7401897007739916,0.7608537426850813,0.712177521457565,0.6909196282143755,0.7716602680200729,0.6875396961664769,0.8867053417709767,0.6791422553711622,0.6024934349752046,0.696096229264015
2019-03-27,0.7410340026509555,0.7598154691623998,0.714230129250438,0.6937151250506045,0.7714392469739592,0.6898559853128136,0.8927706155837384,0.679535407280875,0.6058214718156747,0.7002043288594411
2019-03-28,0.7410971442766581,0.761500307538692,0.7139676720648913,0.6949077313230632,0.7736719742189134,0.6848064155232304,0.8947864762061718,0.6700834727639752,0.6009859926533863,0.7031905071802664
2019-03-29,0.741662270494101,0.7557950531985627,0.70197860183081,0.6926194569463576,0.7688848711674702,0.6713489767929309,0.898062069728068,0.6777943490859332,0.5996910584257972,0.7302894591846629
2019-04-01,0.7540569450389912,0.7592157191363617,0.6878771014909767,0.704030016655933,0.7757777904852038,0.6710203460593309,0.8974038011519662,0.6918713751745558,0.6152484375004136,0.744361844374189
2019-04-02,0.7246349757451407,0.7438736966774818,0.6688055146425673,0.672881645696807,0.7486551332166234,0.6497931898784844,0.8911328975556742,0.601101987888146,0.5446775146666851,0.7100326125001994
2019-04-03,0.7240820974050617,0.7476759334135977,0.6754603161770063,0.6684924431025051,0.7471478577523165,0.647485041558314,0.883171729540956,0.5975153373727801,0.546718636655445,0.710951475894461
2019-04-04,0.7253546066063697,0.7466164499228578,0.6857556401469705,0.6700327625170651,0.7493121497166005,0.646513952982172,0.8827553798796446,0.5919314147560868,0.5447987749313036,0.726121961381847
2019-04-05,0.7296496029685393,0.746411492868886,0.6862353936596256,0.6692312945824728,0.7519715018383963,0.6480549114299196,0.8827811961139717,0.5854605177873033,0.5397837588823273,0.7229622506737803
2019-04-08,0.7295409130280317,0.7460901237699814,0.6885159265942011,0.6689850177588506,0.7517537989410776,0.6474434495831173,0.8825210651761497,0.5848568598396892,0.5388865493560596,0.7227279330283416
2019-04-09,0.7420917950245691,0.7485111656403353,0.692964467598417,0.6745551298987709,0.757114137723136,0.6541942457885924,0.8847562723305754,0.5933879517582332,0.5454128026026948,0.7313402494913886
2019-04-10,0.7398707376822288,0.7482289837749572,0.692664924605547,0.6712902259787721,0.7535740491519844,0.6535693742121472,0.8842770170257396,0.6037589661723815,0.5531184279960898,0.7485904458375937
2019-04-11,0.7348442790049957,0.7453541551790536,0.6936995530746956,0.6685528772456788,0.7530641078299628,0.6481303167128605,0.8841358640684711,0.6058185513877989,0.5606184152119883,0.7480518180709882
2019-04-12,0.8535763000147962,0.7980760229277725,0.6712930775312118,0.6766674041226125,0.7919522180910329,0.814708198505234,0.8367346702137926,0.5839381405974551,0.5590458834396445,0.7320302970895366
2019-04-15,0.8635798352114394,0.8803106639844087,0.6673547288235299,0.8163021299437385,0.870559907759273,0.7995853071302103,0.8106733061206192,0.5889133670902285,0.5745285216774808,0.778997802678226
2019-04-16,0.8595396031219861,0.8767647251553642,0.6620756939533324,0.8088841484343227,0.8679160982381232,0.7960129949479708,0.8066983612395853,0.5861256497140556,0.5626925460431258,0.7718580180144883
2019-04-17,0.8391280404455196,0.8746757207149766,0.6407466357473218,0.8119955676934356,0.8709371541793642,0.8045998110447634,0.7934970022379232,0.5376475810241874,0.5559836926359187,0.7454675755146414
2019-04-18,0.8354040388429415,0.8753758408738469,0.6366200932413796,0.802646620415069,0.871433862795638,0.8061025831650941,0.789543026853334,0.49592033735103674,0.537307476237291,0.7456393642252598
2019-04-22,0.8369904862798344,0.8787428608708099,0.6663695197857017,0.8042249874625815,0.8700747203817384,0.8056928580102836,0.7873562213437472,0.48525641156512406,0.5268488326384915,0.7466180477347302
2019-04-23,0.8411674985681842,0.8762744162851412,0.6675499831105759,0.7985322720857713,0.8765761816631451,0.8075480245295853,0.7824239626988814,0.4737195214400441,0.507796225930596,0.7297287413858713
2019-04-24,0.8412584348383713,0.8647589567159099,0.6944939483601071,0.8027713221760664,0.8829187223945506,0.8040999464284375,0.7756314882250667,0.47949050185141534,0.5115153602607992,0.7218167241048334
2019-04-25,0.8450381450638411,0.8657548803391497,0.6928651648266037,0.8012114587694995,0.8846189323919005,0.8030956644096582,0.78185644926701,0.46645350142734904,0.510334020209738,0.7200162244010179
2019-04-26,0.8521010833073229,0.8653761010558736,0.6816641629585337,0.8258724456040623,0.8895096359529562,0.8068029705249632,0.8025756297670277,0.4787143535806622,0.5559998084899213,0.727682021599155
2019-04-29,0.8558821419704549,0.8687276703906085,0.6650769389425215,0.8279231334436894,0.8900658015686835,0.8104511435711853,0.7963581243997013,0.451022882476198,0.5349029904243564,0.7521298541358498
2019-04-30,0.8569875135167181,0.8687425569594829,0.6033483810433957,0.8303773069191681,0.8992203098513576,0.8145809244598212,0.7967738704456987,0.4497461067876276,0.5326267003658581,0.7495075649315426
2019-05-01,0.8675036068662078,0.867915477848163,0.6707273930972438,0.8305101404164341,0.9039723821915152,0.815492357996079,0.8006539892721781,0.45245629258025694,0.5391047729412386,0.7605623553999206
2019-05-02,0.8653939383064565,0.8681224460035509,0.685365112724075,0.8301488579637537,0.9045066794828364,0.8178078487761564,0.8002731504228195,0.45626094431127323,0.5402707824609851,0.7547369924382451
2019-05-03,0.8655563919296679,0.8659348990608013,0.6835180580334176,0.8298951043962113,0.9044628466170493,0.8175405363770359,0.8008807899261926,0.4601132181099147,0.5457233491661561,0.7524996452342617
2019-05-06,0.8630199873352188,0.8611468158716783,0.6698456164417724,0.8245938560722456,0.9033066637274839,0.8124195136450316,0.794496249588256,0.4513533387114489,0.537972803675341,0.7595246837202783
2019-05-07,0.8757339052362474,0.8682309477350262,0.6710427212529981,0.8450680508976169,0.9059899517197132,0.8182217164460223,0.8052248410338885,0.4711022035424494,0.5532417716844884,0.7695272832461013
2019-05-08,0.8808465863239516,0.8757640333356537,0.6703471656823915,0.8621676712030732,0.9089041120712881,0.8198349805817111,0.8070382473807489,0.485351848062127,0.5542247190217962,0.7773572003391326
2019-05-09,0.8812307280684566,0.8709782668324991,0.6179156989753039,0.8646876674656517,0.9067097766491204,0.8141915105736733,0.8040341784915671,0.4701392387879856,0.5501353219803266,0.7688639629077876
2019-05-10,0.8814612100075648,0.8696210167230971,0.6178520511032234,0.8649723779491592,0.9074199747543606,0.8140723755421744,0.8022608172469784,0.4631935530525962,0.5396261916101812,0.7701236838054548
2019-05-13,0.8869899119221316,0.8823227290019491,0.626018391635578,0.8880034635084497,0.9095254322308164,0.8303549865004939,0.8244281765056686,0.509598369535804,0.5946747051706404,0.8114497877274178
2019-05-14,0.8808065536711397,0.8680030543338516,0.6222386260428259,0.8682536898240684,0.8963864552356776,0.8158631201432835,0.8134938014362368,0.5140664100022347,0.599825357620499,0.7987149473358763
2019-05-15,0.8814620721107894,0.8675094440202022,0.6259775873052338,0.86632671094735,0.8990238507772087,0.8158402824890625,0.8082123120691588,0.5089495733703446,0.5967855199980633,0.8002956423810725
2019-05-16,0.8834314369457913,0.8681645313223274,0.6243488441259477,0.8671140542711885,0.8983712378973516,0.8196758265190405,0.814159927140447,0.520059936403137,0.6028101313788007,0.8029039492846288
2019-05-17,0.8837161744108599,0.8676234713213808,0.6196865300880374,0.8690896173751987,0.9006299290404742,0.8222356569366842,0.8164281567690156,0.5220088794889786,0.6038886097694879,0.8043080432350844
2019-05-20,0.8825903806318973,0.86779788994608,0.621445745986534,0.8688000932306449,0.8990985420942132,0.8213253924468311,0.8169159810355406,0.5304366990829993,0.6111962819712478,0.8053200245674741
2019-05-21,0.8804078091581549,0.8687363077661433,0.6220966829739315,0.869479568671683,0.8964441092305788,0.818095784837232,0.818701881989534,0.5448635484834882,0.6223218571059776,0.8062795490278376
2019-05-22,0.8851337189684805,0.8730957707471648,0.6242349935450597,0.8644821754232664,0.9025817147661905,0.8233305230160286,0.8155917694018989,0.5488205536428001,0.6246584924286218,0.8014057255154755
2019-05-23,0.8953468074207984,0.8767176955345866,0.6543693710074507,0.8682270440621377,0.9057118128633951,0.8290261600054624,0.8234346916546539,0.5695092987627793,0.6413765414812596,0.8042646077811922
2019-05-24,0.8948530896067682,0.877659688531305,0.6553283065821583,0.8644788642014041,0.904778762658418,0.828584870972077,0.8208848041544344,0.5770881316899433,0.6496055078095425,0.8145436740848961
2019-05-28,0.8980773073490668,0.8803950405610915,0.6298485170981265,0.8628372836310965,0.9109961712320662,0.8336156110236475,0.8194492655710389,0.5895046328229648,0.6495057354891483,0.8216691175997752
2019-05-29,0.8989941401800605,0.8789329908214791,0.6320427976334305,0.861073087509094,0.9123558472646603,0.8349748834569425,0.818155243538967,0.5881629323546196,0.6495951069830942,0.8191835431840718
2019-05-30,0.8998553076867206,0.8785557964146721,0.6327411067858998,0.8589939016099557,0.9123540791819981,0.8324121312704063,0.8093148353659538,0.5888464675950662,0.647887007983788,0.8185830991398289
2019-05-31,0.8998996819929804,0.8847582277850256,0.6495689489918637,0.8624331827033321,0.907339775415612,0.8300346993201744,0.8147951373620675,0.5952512286198851,0.6620203530678732,0.8283671749747308
2019-06-03,0.8994290510174408,0.8834646515563749,0.6981108695031562,0.8612638641009572,0.9063027429627194,0.829211650037842,0.8138835292730128,0.5902215823369245,0.6582260621737372,0.8239387507578984
2019-06-04,0.9069000796997253,0.897942548050982,0.7024555148866125,0.8777500627704783,0.9148050345683489,0.8503761905450117,0.8360774909505405,0.6155905119781226,0.6796636904398969,0.844775798399786
2019-06-05,0.9061259282696873,0.897952942794942,0.6895155296573398,0.8767056450568725,0.9135262618855168,0.8490433771302113,0.8349185630175123,0.6072819668791994,0.6725387008567291,0.8335497442935329
2019-06-06,0.9066874602340081,0.8983171774826728,0.707581657594835,0.8769752118025803,0.9144751020604334,0.8502810571819258,0.8353723968524447,0.6098674150259948,0.6737775257602463,0.8334526344894929
2019-06-07,0.9102976204623925,0.8983779840618247,0.7075578379355152,0.8744825148873759,0.9115421401825805,0.8438355433629083,0.8326104289291678,0.5850174839751423,0.6424366508051872,0.8263081387645268
2019-06-10,0.9095054612356489,0.8976579461575082,0.7090556936671747,0.8749838042427596,0.9124086925291343,0.8442644209293958,0.8380650574137757,0.5914091079651018,0.6511246547171178,0.8200878496256041
2019-06-11,0.9186891960027802,0.8997134544195801,0.7097365616846619,0.8865932652663318,0.9105980884582832,0.8456861525452287,0.8406011453525173,0.5869854620726537,0.6606634083245566,0.8231657934937215
2019-06-12,0.9218158408732551,0.9024034781779675,0.7133332695076838,0.8802596036955995,0.9130796941642928,0.8536172274284689,0.8334688612177202,0.5959393949613488,0.6723695083688465,0.79125111790159
2019-06-13,0.9216077620658223,0.9033740264168273,0.7143866070551242,0.8790120713321525,0.9125872188078921,0.8527576678741714,0.8318915151355675,0.5946033512614389,0.6722501183572843,0.7966571888006789
2019-06-14,0.9184293286406274,0.9050835549426991,0.7205694441064875,0.8773719117563008,0.9096843639665217,0.845448997061955,0.817329802695873,0.5731104560245927,0.6499856071077762,0.7946150509461162
2019-06-17,0.9167081150110586,0.9050645055927256,0.7176878652785791,0.8882194243952469,0.9265222924121839,0.8600368235604741,0.8270561666064093,0.6037611895039512,0.6734418482100548,0.793189126887905
2019-06-18,0.9055964828419052,0.9004656782654347,0.7108213806790123,0.8834969302487075,0.9222259876277766,0.8510496390970881,0.8218007258618061,0.5713011351254939,0.6502083077718686,0.7819782621480973
2019-06-19,0.9066514703242489,0.9003235340148702,0.7106848961968606,0.8823001608653062,0.9205291147419531,0.8468264701243807,0.8149435193358909,0.5520599655518269,0.63071124929865,0.7717387966806863
2019-06-20,0.9056476569009659,0.8978468279409386,0.7105554683869392,0.8778122597779799,0.9192306664676986,0.8455447765351942,0.8127994434084871,0.5520231205524297,0.632069276289418,0.7623204924975938
2019-06-21,0.905248195171872,0.8998254601657787,0.7048569025457789,0.8754650825447473,0.9148249565110353,0.8413569459976333,0.8111658324455857,0.5517707612982957,0.6310304967603447,0.7603281302608691
2019-06-24,0.9040319775760196,0.8869902120655363,0.701973045175586,0.8736432827716345,0.9146416369496136,0.8303881865398766,0.8050180783723475,0.5593237379413958,0.6357300816451265,0.7605805989998694
2019-06-25,0.9048760971013686,0.8875075301544697,0.7049735341179483,0.8743127643188819,0.9150868087434628,0.8309811996680592,0.806450580649889,0.5658541936110907,0.6413097416042245,0.762073904205603
2019-06-26,0.8947907118250342,0.8817220044401708,0.6986802976848956,0.8650050063203258,0.9107901566273835,0.8248886091999337,0.7966254233185319,0.5262281584327755,0.6113650116317223,0.7482324689274421
2019-06-27,0.8940334535366877,0.8828160776129306,0.7007550491479293,0.8684801970059464,0.9086751838366538,0.8227934399923749,0.8004692382931209,0.5350923856768833,0.6292721073936344,0.7525087718798542
2019-06-28,0.9014006613596318,0.8694640369522474,0.7035138355633567,0.8634067645482557,0.8951771985220536,0.8407019177925196,0.8222649463429477,0.49244820187019,0.5875254231087773,0.7550895533681327
2019-07-01,0.9020865409004316,0.8682684125892924,0.7033875290252425,0.8582513691100249,0.8865471311269448,0.8407555235890841,0.823590744441633,0.5086303041415668,0.6008188724504696,0.7552563338422053
2019-07-02,0.8989857109170644,0.8682208457073948,0.7063928472170454,0.8569062930681062,0.8869256131269587,0.8408505308808705,0.8237438162415474,0.5133494340730491,0.6029332587851188,0.7561622541120939
2019-07-03,0.8990426187064741,0.8677689666041515,0.705763618552872,0.8548482089846137,0.8849309326282863,0.8405963184120954,0.8235557285054568,0.5101609342057021,0.599764111700303,0.7553484941868953
2019-07-05,0.8984246212919895,0.867190116457929,0.7018493841376566,0.8543944139311992,0.8846618412367863,0.8395435610233871,0.8229355997605928,0.49828689389192415,0.5872861157164407,0.7507813428802729
2019-07-08,0.8973879203046665,0.8693495391835303,0.7011873397985351,0.8483124297739526,0.8835607777964374,0.8417980892305273,0.8207664249886072,0.5014834980196083,0.587105812540664,0.7552178992958515
2019-07-09,0.9002328770027638,0.8726802186643241,0.700400774125846,0.8508681444147468,0.8828219672904064,0.8443557972708821,0.8208285127485707,0.5100226209715709,0.5894515026542004,0.7537389676640505
2019-07-10,0.892246426738554,0.8741141207956988,0.7472928092149251,0.8317260260504252,0.8657292809422418,0.8643002269064665,0.8151007762285781,0.5246048189511792,0.5808584480973347,0.7497256229269278
2019-07-11,0.8928486866123624,0.9022424588738275,0.7485664640363606,0.8311270574508257,0.8637804309461514,0.87475710674884,0.8363185591135395,0.5182567720000202,0.5748784837751537,0.7482468198371146
2019-07-12,0.8945130212529193,0.9069646531765793,0.7465132538230981,0.8388294645467298,0.8649950877259469,0.8756592370448333,0.8361927432267845,0.5113693823014348,0.5786627011812999,0.7349026167093171
2019-07-15,0.9315938904197973,0.9009445563147038,0.7546256054796227,0.8552557891627094,0.8560450356849402,0.866791643945904,0.8566138797546864,0.5486560803047128,0.5781380046182765,0.7545495423119197
2019-07-16,0.9161910782463546,0.8882926806131431,0.7565300677326446,0.8601224580882737,0.8484845921324293,0.8678791024656023,0.8337792325361446,0.5641483972689152,0.5919208442592511,0.7509698336364182
2019-07-17,0.8974455066573825,0.8896339598199625,0.7472437220354937,0.8424814635051121,0.8523608624740809,0.8725325392143721,0.8221391172424083,0.5850033849026407,0.5887528190946056,0.7549544055261119
2019-07-18,0.8978849639459123,0.8868073626564449,0.7422690170164534,0.8435631796571323,0.8512816804414,0.8735301864197913,0.8226030507921298,0.5947836801960295,0.600794496731542,0.7687737070168951
2019-07-19,0.8934220732020268,0.9032973137466217,0.7290053712295301,0.8436919423591577,0.8450614535645844,0.8828509103745051,0.8339196903555538,0.5920378434913751,0.5614533975990206,0.7727647885512067
2019-07-22,0.8938062314086258,0.9038896151560936,0.737707837727721,0.8441354994582293,0.8446504160226795,0.8812798082265711,0.8330897499051523,0.6053738278022632,0.5699834210730123,0.7772968282022048
2019-07-23,0.8979266321070283,0.9033976880023842,0.7399812203221006,0.8450453290774792,0.8450104488052598,0.8866130771019811,0.8402211239179356,0.6193494148586564,0.584992793271195,0.7764080781655968
2019-07-24,0.8941407823329418,0.9013985041085971,0.7459328549456704,0.8439940878766833,0.8398612185506205,0.8824796798585222,0.8392318936780859,0.6493178512928175,0.5969815349254703,0.781999953783842
2019-07-25,0.8962139139759675,0.902595727788687,0.7549766014867206,0.8457339965747213,0.8423449954547185,0.8847449903277259,0.8403231800353836,0.6542141904675882,0.6043307031942994,0.7920068874593327
2019-07-26,0.8932884172966264,0.8994495730208845,0.7227429890279443,0.8463064725471598,0.8343751941995239,0.8844494401647084,0.8403744560856165,0.6488913571671537,0.590414660932761,0.7887599568448995
2019-07-29,0.8938763314892421,0.901712371181689,0.7119046795023611,0.846817710655711,0.8339488700491915,0.8840720660610508,0.843583634008067,0.6471376039408951,0.5875732517093194,0.7907664961792062
2019-07-30,0.8845057813543669,0.8998266115437044,0.7118913388963739,0.8369076547329755,0.8334941315940246,0.8816360100060076,0.8416545914359868,0.6478797997408534,0.5731219588872338,0.790778018426265
2019-07-31,0.8788306628349195,0.8982792468445179,0.7311534232460771,0.8353359304700168,0.8322251311941714,0.8763889177915436,0.8416707435876412,0.6228458681707638,0.5720866052617185,0.7727626686210222
2019-08-01,0.8889326672329555,0.9062759426529596,0.7524128968381394,0.8491313246714824,0.8439957472602791,0.8858639017943983,0.8573454510519943,0.5933695692575421,0.5412420615251604,0.7897444097882882
2019-08-02,0.8887676265897675,0.9079596932734537,0.7547281731019222,0.8430437540701363,0.8344549336918704,0.8808836307507267,0.8562078331758387,0.5910339017201112,0.5401035700386247,0.7916337249173373
2019-08-05,0.9024034538915434,0.9177255405117736,0.831953216262478,0.8603943333017265,0.8521973883944333,0.8945304541504584,0.8735350964103691,0.6424650876541983,0.6018690497217963,0.8145978329832211
2019-08-06,0.9037154773439259,0.9202401933829795,0.8307025520090963,0.8613890455737885,0.8520494222627584,0.8928958157333675,0.8743484646328813,0.6500541963315545,0.6154051635051153,0.8162457754262851
2019-08-07,0.8937128176146806,0.907354253016748,0.8279731334430067,0.8414662781319722,0.83420416087919,0.8577436789640672,0.8520147638236161,0.5727069158679029,0.5504830128296262,0.7854520234976105
2019-08-08,0.8951390913763301,0.904394741685553,0.8497760062427543,0.8535351432434214,0.84484093802863,0.8498953094016383,0.8491288692721513,0.5816624900446513,0.5560801861587487,0.7954015926912391
2019-08-09,0.8961035836968785,0.9021938895599841,0.8435404073982843,0.854105462109434,0.8429318351948912,0.8506149598215703,0.8531154127154679,0.5829351799584538,0.5624771314284894,0.7546231421708526
2019-08-12,0.9005518610577516,0.9069804124414923,0.8434796187085781,0.8597465773871938,0.8499834911451363,0.8555766635365366,0.8586590128102953,0.5916124506983309,0.5792266378975245,0.7653821043742199
2019-08-13,0.8913025728391614,0.907047726243249,0.8434343213543526,0.8584288762374865,0.8480858191069243,0.8561391430711264,0.8560689812373711,0.6050131803254126,0.5692275755085605,0.762313774055804
2019-08-14,0.9082963763462937,0.9127671092692786,0.8715886102883417,0.8676318045879796,0.8553105615040993,0.876970233013877,0.8747493597998431,0.6593114125540288,0.6255510434069406,0.7831744971604088
2019-08-15,0.9052196177377787,0.9108231157715717,0.871279845607406,0.8666698520397853,0.8536852368087083,0.877058865050504,0.8717785445472207,0.6560919870844044,0.6240344900555047,0.7817827688388974
2019-08-16,0.9105216235117619,0.9095171418344092,0.8589296904752599,0.8759254343686921,0.8603208248828322,0.8769629315604022,0.8748866465114127,0.6706398224764183,0.6403063419083185,0.7940530846467128
2019-08-19,0.907483955442676,0.9085123341593324,0.8540407559288087,0.8743985231036264,0.8588596536997588,0.8749043534726463,0.8721766264271678,0.6549775573526196,0.6251199489537289,0.793908331266855
2019-08-20,0.9080601215647216,0.9092516998316087,0.8530183701769597,0.8752218941257982,0.8598261424873112,0.8772103160590892,0.8751163403194813,0.6562234651376812,0.6322707890662691,0.7949257824839028
2019-08-21,0.9074338736339785,0.9071818444653672,0.8649595564575403,0.8753677910675277,0.8583011796568378,0.8764172581830533,0.8763815572129628,0.6511955252006837,0.6318582792249963,0.7907436317892854
2019-08-22,0.9078589823674122,0.9084138694797237,0.8674096004092907,0.8771824785460043,0.8597465276605878,0.8764295344035307,0.8767296993005889,0.6461115701181582,0.627705639007807,0.7856561467755785
2019-08-23,0.9116048555983409,0.9106269521520826,0.8816581927125443,0.8847884958327602,0.8645945626788781,0.8856184425352784,0.8879448012007157,0.6726664695339182,0.6489009975897726,0.7945883475228028
2019-08-26,0.9123206935760532,0.907267472227405,0.8789998990175564,0.8809507913849748,0.8655866743093229,0.8894057588768473,0.8861949859861379,0.6704520274723849,0.6402910168536191,0.7650663335546488
2019-08-27,0.9131930291282961,0.9078271373511413,0.8711796168429363,0.8817091055439471,0.8667463190438336,0.8900995377265436,0.8868341157763108,0.6740364615771108,0.6431755612236313,0.7524875973471349
2019-08-28,0.9061396026079446,0.9007254569198632,0.8749707585409028,0.8668716565018628,0.8547043374273668,0.8812480158560423,0.8779782860193639,0.6616174700428487,0.6308055349392321,0.7260036618861292
2019-08-29,0.907248173682731,0.9055816470696999,0.8801193233707775,0.8696706649500695,0.8615435958552783,0.8899004162218389,0.8831876378972799,0.6702316828017347,0.6421416066845,0.7446518470533485
2019-08-30,0.907580124492125,0.9050605427041589,0.8772064514617003,0.8703633356388757,0.8630882064449017,0.8891177959412084,0.8821064797507985,0.6687201265664277,0.6391378805697002,0.7449948667476959
2019-09-03,0.9079093095136523,0.9015568389136452,0.8638346927372464,0.8742979401460754,0.8677910650754297,0.8920743578775879,0.8863754805146372,0.6996360097759594,0.6718207284683155,0.7543097089366266
2019-09-04,0.9090751985172295,0.9019392023544245,0.8651836584463571,0.8742904810145924,0.8680466521659831,0.8937413914184391,0.8845535294477629,0.6977465343960558,0.666936960733346,0.7611971341987129
2019-09-05,0.9134755606542807,0.9072192430194073,0.8655055283303027,0.879103209980569,0.8741108349141474,0.8982662008107323,0.8899206540532437,0.7102283056565396,0.6810894433944161,0.7731145909044558
2019-09-06,0.9061015247941895,0.9020304674479431,0.8644450444692777,0.8834545665164727,0.871057690645978,0.8979458814912938,0.8896234533154227,0.7056860720699737,0.678209647238786,0.805063498139767
2019-09-09,0.9111458125823817,0.9051153027426392,0.8647761592524176,0.8892839459437539,0.876636608818966,0.9008152363849564,0.8927138365502593,0.6836037205749124,0.652705639550344,0.8094648748064696
2019-09-10,0.9103604548148293,0.9058458644372999,0.858019686640705,0.8883792134399556,0.8784958021617741,0.9022331127591058,0.8938486838170812,0.6399545415293129,0.58704205394227,0.8011803768488599
2019-09-11,0.9104644758353111,0.9050883584000603,0.8578721056273881,0.887794978571374,0.8769687884849249,0.9019275837120597,0.8938027539866459,0.6387384538165112,0.5864577579636324,0.8020347107273479
2019-09-12,0.9106392820876553,0.9029594033819501,0.856948661789395,0.8848866288551761,0.8757157968160428,0.901146365976097,0.8912343057798019,0.6334263556978846,0.5751679941831419,0.7966491591612784
2019-09-13,0.9107707045865913,0.8975353957755344,0.8543005519840715,0.8868415771837815,0.8789099970102977,0.8963484009955875,0.8920873949465006,0.6424518112180221,0.5886123747473085,0.812798799544489
2019-09-16,0.9086575659751528,0.9002979993515391,0.8545537717314878,0.8880482313359719,0.8806980172337435,0.8975936731986862,0.8881777511937592,0.646523704082403,0.5872706712751786,0.8211823021480865
2019-09-17,0.9089525658160279,0.900395878140824,0.8562585498534264,0.8898258502310351,0.8846542602433496,0.9002592645125856,0.8894328954558012,0.6338860598437407,0.5745972835119846,0.8060230344704168
2019-09-18,0.9068268710416627,0.9116006735801631,0.857610182302514,0.8905566038657886,0.882867222499161,0.9076026383927865,0.8936741765448383,0.629696919613268,0.5735665551649951,0.8032447339117162
2019-09-19,0.9066641996056881,0.9115830473287867,0.8569238785145653,0.8903455224386947,0.8820586879190777,0.9069182568681223,0.8933005486909524,0.6283312573631964,0.5730587512850456,0.7980185311191974
2019-09-20,0.9068568690047102,0.9124089959743307,0.8534013278760755,0.8910309576686373,0.8821354946137885,0.9072111418360732,0.8937230268944613,0.6289624403473139,0.5747133474269814,0.7943632191367138
2019-09-23,0.9082980874896821,0.91182019628619,0.85192519441207,0.890527793855146,0.884804604496863,0.9091875306813455,0.8931544443243434,0.6213298279577002,0.565619584975904,0.7912710887701819
2019-09-24,0.9058579005375303,0.9234143962813971,0.8516583396732506,0.9010985681485074,0.8982878261651929,0.9042525491583312,0.8901725215689495,0.6419114584726506,0.5781338068324058,0.7877689042488571
2019-09-25,0.9047917997450828,0.9252606601388356,0.8502684238859088,0.9044531676617164,0.9037215540819369,0.9046282450226141,0.8901692201810566,0.6361939095632557,0.5753112196139156,0.7893394190955063
2019-09-26,0.9063928501954401,0.9257372007849801,0.821157160818617,0.9047636871259533,0.9046197540135898,0.9059007769999524,0.8899586942161426,0.6347813489118486,0.5785118307340673,0.7849492009010496
2019-09-27,0.9066003554139939,0.9261660472857864,0.7980233902970091,0.9067145599514691,0.9062204292911956,0.9059789761664545,0.890059764753335,0.6385165100359568,0.5824627783783108,0.7862462200869943
2019-09-30,0.9056588673533724,0.9256937856256574,0.7927651332490333,0.9065015767435838,0.9058492546379477,0.90425168985943,0.8899481452730151,0.6409331773979524,0.5850264470168499,0.7855451372216461
2019-10-01,0.9094673297558198,0.9268816541532143,0.8051071559301389,0.9153093505639768,0.9095523363611946,0.9070968569299986,0.8954348323759973,0.647345916703113,0.5933528473113744,0.7948392835163491
2019-10-02,0.9115185081237028,0.928425706852451,0.8189774196574591,0.9164177745829372,0.9128784656693089,0.9104773783218633,0.8983945603059792,0.6626233657232524,0.6049820165840497,0.8051608496470928
2019-10-03,0.912565918071444,0.9270309111759525,0.8150399307584834,0.9157874311099392,0.9134747039186345,0.9107513603546212,0.8975480232981442,0.6675325177253175,0.6166463691156467,0.8120001837791914
2019-10-04,0.9137025110908962,0.9259587205186517,0.8145057205353561,0.917899392650161,0.9141095239481127,0.917541013052591,0.9041507239880935,0.6776635729538405,0.6256230132180131,0.8131618504348725
2019-10-07,0.9155764880338207,0.9253722876387008,0.8128082621591994,0.9230739481801994,0.9137282294243457,0.9167192203211061,0.9066107950560973,0.6759498436690335,0.6253192916787012,0.8127101010861745
2019-10-08,0.919167069499864,0.9254617422566543,0.8167729244073265,0.9248797596278808,0.9158179899887571,0.914598849462766,0.906672726447683,0.6875188579796379,0.6324250083500068,0.8199987536040513
2019-10-09,0.9304761169845204,0.9250253802263222,0.8204433695938534,0.9259305791024501,0.9176622359470021,0.9120454055412475,0.9244047765106999,0.693976090658184,0.6349533657439465,0.8241735788037983
2019-10-10,0.9411891889829406,0.9262529978943317,0.823556363399075,0.9397316767109261,0.9183803143028,0.9130109517913861,0.9334845465212399,0.6967890583843195,0.6449244548058346,0.8233756591119532
2019-10-11,0.9418470873571775,0.9304808575314465,0.833359594587986,0.9401984222647736,0.9221202732078111,0.9142240878194587,0.9322388186175239,0.7017726149428071,0.6477347990593677,0.8263802869961576
2019-10-14,0.9436634592914076,0.9310120307430482,0.8329832664805803,0.9405497453455881,0.9250958538783115,0.91533670721516,0.9324263818700896,0.7040893957634906,0.6638703392927316,0.8256480835784221
2019-10-15,0.9399424839028282,0.9307140577129729,0.8328707168978892,0.9375404573335814,0.9085181765647778,0.893096559666634,0.9266036539087684,0.7042592726105914,0.6685208852804235,0.8197051091321436
2019-10-16,0.9300581224385336,0.9334227819093315,0.8331892086057143,0.9367994069031333,0.9046598036867878,0.8887263130409764,0.9234122057903618,0.6962103171460459,0.6547587705461526,0.8191899526403644
2019-10-17,0.9319989269807876,0.9220794238826839,0.8340059836267997,0.9319437196040853,0.9029663633972911,0.8882214470351343,0.9213484156110979,0.6947240353183527,0.6544057449084808,0.8224700547373236
2019-10-18,0.9315163677456525,0.921765580340654,0.8339644507113618,0.9315512231187737,0.9016280605714557,0.8878117299964134,0.9209640007419574,0.6814413698574125,0.639096948752674,0.8146418971208013
2019-10-21,0.9347978679941473,0.9181257212547274,0.8471076578592873,0.9314836406950868,0.9120142141804762,0.8878756234839524,0.9209016255424696,0.6946766501035181,0.6544993338034495,0.819038185899897
2019-10-22,0.9344937700697443,0.9170712017428991,0.8468473798092083,0.9312015613716659,0.91322877926193,0.886648294285825,0.9205011175395078,0.6932286312857492,0.6570469203327968,0.8164160135786293
2019-10-23,0.9403273486141591,0.9208447053787235,0.8445394384021805,0.9380411154167914,0.9105410562527991,0.8878429119615159,0.9209155583687132,0.682763336442431,0.6472407446187308,0.8188004599828735
2019-10-24,0.9427774603073721,0.9206910777070494,0.8422320032154523,0.9383638501656423,0.9113333756941152,0.8894393142573468,0.9207452009211218,0.6924919267487825,0.6470950074681714,0.8276239004431505
2019-10-25,0.939702680286878,0.9135506648965774,0.8342114125235303,0.9328675521335563,0.9054228715757567,0.8814785178088084,0.9126942321194139,0.7100394372514857,0.6754035530810902,0.8147524162536143
2019-10-28,0.9398717536314373,0.9135327573198851,0.836090070849889,0.9389119819672822,0.9139091063879795,0.8780123245260804,0.907954618988116,0.7108348641682877,0.6771172456715933,0.816803565568133
2019-10-29,0.933477523591767,0.9030223703541729,0.8308776026808878,0.9288310542114906,0.9060640208289,0.8661388194293265,0.895013474314131,0.6866205668188332,0.6397704765323383,0.7947959085532906
2019-10-30,0.9327163574508448,0.9017572827155671,0.8322140732422509,0.9276774160104237,0.9090898492921511,0.8730819325750256,0.8981824424483915,0.6803894794987951,0.6227603336509818,0.7925294700595513
2019-10-31,0.9320941506970541,0.9099377924491364,0.832654203195549,0.9251319365518789,0.9080226887945361,0.8926107391014482,0.9091222192409488,0.7214049557752917,0.6497222454479638,0.7897474296907762
2019-11-01,0.9303192789584329,0.9140071574632135,0.7851595283771483,0.9214432359605503,0.9098293354567729,0.8980040524429695,0.9124586910516326,0.7241687150659489,0.6497735174562441,0.7885733943390489
2019-11-04,0.9273280155981992,0.9060991826596696,0.8053695056914806,0.9200553846931122,0.8955663671714539,0.897830425887404,0.9128099092083851,0.7299750676671405,0.6539897763808192,0.817912566390131
2019-11-05,0.920019237799564,0.899922383502099,0.7961719221120324,0.9084769869625535,0.8907238280195722,0.8918937116513564,0.8977929589808109,0.7203137703194538,0.6333380398715821,0.7994471428138402
2019-11-06,0.9263392056539707,0.9005383625998733,0.8016293990666924,0.9091226626933815,0.8917318384092696,0.8906586614812263,0.9027188166421116,0.7121897552910654,0.6401266234400649,0.7911867184586515
2019-11-07,0.9076198158791863,0.8691841241635876,0.774213410088082,0.8958428788801083,0.8811105791175343,0.8544876809009299,0.8794125275445245,0.6774709922978055,0.6019714661324909,0.7664228943902697
2019-11-08,0.9116818130089938,0.869131689663202,0.7722087714413992,0.8915319869909859,0.882729828519822,0.8541665617884662,0.8843490993031627,0.6773837320972074,0.6019830560071285,0.7616265519429279
2019-11-11,0.9073907380689049,0.8584717317231124,0.7800253246945451,0.8899860267817093,0.8799374124338692,0.848798749166758,0.8779347284113382,0.6648128529963772,0.5853976175152482,0.7543812491360019
2019-11-12,0.9069405893208756,0.8544321456922422,0.7669815201024929,0.8899930257994669,0.8788527440450287,0.839480903875766,0.874257901678797,0.6636058092638885,0.5857797651010179,0.7534340017249129
2019-11-13,0.9051408962513194,0.8502595957793954,0.7504080192072817,0.8912098381709015,0.8765326265991688,0.8376999930755787,0.8749206641301448,0.6517453478155475,0.5631629055773693,0.7457668238480547
2019-11-14,0.9056776228675172,0.8507974288753949,0.748016943859835,0.8908933571335029,0.8761040412157881,0.8378844932294247,0.874139294084533,0.6522550854720341,0.5566094206080691,0.7459773575812952
2019-11-15,0.9055007241424863,0.8505523383620186,0.7423478986832595,0.890838766827482,0.876396550543634,0.8369408101017651,0.8736662864468704,0.6545446447240183,0.5579518734953629,0.751513226279134
2019-11-18,0.8929692010744197,0.8396930932331397,0.7266773860835686,0.8829138714705925,0.8641813451336202,0.8137889389254389,0.8612209223919678,0.596408482050348,0.5031805806524123,0.7316134151525313
2019-11-19,0.8930805259862928,0.8349223690017035,0.729236522505428,0.8826791396927504,0.8666235790163892,0.8166613736041013,0.8618174840362401,0.5928324923598318,0.49836044204845986,0.7574340690376972
2019-11-20,0.8918804517336366,0.8340205368450526,0.7334965372937936,0.8813682010474585,0.8649881896684595,0.8179918968416964,0.8626404384958087,0.5923359068457619,0.4971144660714069,0.7808466324336746
2019-11-21,0.8911645957237748,0.8290597658589646,0.7348121867555697,0.8757111640827201,0.8622237210124256,0.8168379309955494,0.8609781040287902,0.5889976268265035,0.48886520778289017,0.7826334620845083
2019-11-22,0.8904475187801524,0.8225817637819408,0.7338714600073071,0.8734230634343128,0.8570055022779606,0.8077474823037974,0.8592937364390886,0.57492980664324,0.47713722410430887,0.7724099105565204
2019-11-25,0.890143435525677,0.8246136198046152,0.733592461937526,0.8728076482459864,0.8543701344733737,0.8059661103894773,0.8591869152177313,0.5738952367456935,0.480879248682284,0.7758536289774197
2019-11-26,0.8851940278780196,0.8200501031805678,0.7414881610770194,0.8692829201182399,0.8449506549514646,0.799942479149033,0.8527848491986747,0.5537875596903343,0.45385583411804686,0.7681321405021864
2019-11-27,0.8837974559928161,0.8176397981256391,0.7389609503703114,0.8665420602639097,0.8423890675673735,0.7973118994775789,0.8499737235500494,0.5493009340866095,0.4474032093868927,0.7683168921805429
2019-11-29,0.876752650555118,0.8096402603236761,0.7442362570275103,0.8625688420573889,0.8363417350180905,0.7836397611925484,0.837683026986645,0.523118111831543,0.411057509253518,0.7568816312114183
2019-12-02,0.888548080853156,0.813454931606586,0.7409823255619347,0.8579194170700082,0.8397091685062915,0.778237178904437,0.8326264244386589,0.5180549820595274,0.39107756652997344,0.7598887408561599
2019-12-03,0.8835980976182021,0.8158386265992957,0.7403619035911697,0.8633752368571501,0.8404643054281157,0.771731825155778,0.8305845412732596,0.547315193592348,0.424086235975696,0.7544240339471722
2019-12-04,0.8802659730152596,0.8200968075883617,0.7447084676011068,0.8736155047243915,0.8406240296313051,0.7766610470512874,0.8215501833734666,0.6210387413699672,0.5328328773893238,0.7612234981054412
2019-12-05,0.880215003573699,0.8192426928619196,0.7451331008901422,0.8742827324456861,0.8419871572846324,0.7780728201521726,0.8214487811123226,0.6226790904916601,0.5330999846962613,0.7568587414061808
2019-12-06,0.8830353835710525,0.8039455096545246,0.7517130876888178,0.8755953897162004,0.8444180946470544,0.7735965885071057,0.8179326379789771,0.6335977241782111,0.5492241313069838,0.7597552379807375
2019-12-09,0.8804351365240968,0.8069954444788346,0.751039940042424,0.8723717900863357,0.8400521964944667,0.7835751283893803,0.8226462447054809,0.6447133475071111,0.55435388195576,0.7506095544538264
2019-12-10,0.8846392573969083,0.8043322382743847,0.7348842418550636,0.8741616586895075,0.8378561141017404,0.7793515602914055,0.8255172564470138,0.6351406000280873,0.5551001417690005,0.7455154338388703
2019-12-11,0.881057615653929,0.8048006336335871,0.7291280195947965,0.8703851950924494,0.8374248423729423,0.7784682915623559,0.8233543116471067,0.6579579087575449,0.5764133559916219,0.7641960608339448
2019-12-12,0.8971269225176381,0.81492388380729,0.7443720998836091,0.8760660399076131,0.8479637476987569,0.7896693614313213,0.8327549455303302,0.6807591097136814,0.5982453401971215,0.772367046602756
2019-12-13,0.8977481564572755,0.8130393771501647,0.7439710753908649,0.8763422203937614,0.849399281436338,0.7876197985106186,0.8312430481776075,0.6333011208367829,0.5595863327606613,0.7784902454487646
2019-12-16,0.896844858125245,0.8119001766768504,0.751220340676838,0.8752635305584012,0.8473798241626688,0.7817342769225518,0.8289460203012687,0.6242702291178615,0.5431760653847916,0.7821651954720031
2019-12-17,0.8967315991141974,0.8064563889745576,0.7523330317407143,0.8729392802360258,0.8468104450110436,0.7800090643377501,0.8297288641444643,0.6353156700275924,0.5606027151508352,0.7842152256596636
2019-12-18,0.8927580841784194,0.7907702783203859,0.7497693597127236,0.8619299149538606,0.8410104740278461,0.7715883385680765,0.8160363750962679,0.6451270989587533,0.5744180398757409,0.7866127553989283
2019-12-19,0.8944198044180734,0.78772373781661,0.7506623774523485,0.8564479036119775,0.8367479372707732,0.772075683602898,0.8143199832054195,0.6368141404432228,0.5643807774052819,0.7858697356401001
2019-12-20,0.8946023849346071,0.7856517790061538,0.7697081348052286,0.8557521293002417,0.8340176861406666,0.769296037733032,0.8128642711446584,0.6325770461324962,0.5592927150118031,0.7935755640074524
2019-12-23,0.8920450299436072,0.7855203815203441,0.7907689951163273,0.8543523774072466,0.8340717232753155,0.7690284553538475,0.8121876156734532,0.6343413075270178,0.5530293557365579,0.7944574262696502
2019-12-24,0.8936720643081264,0.782870115310058,0.7957345520851595,0.8537228894020169,0.8335428581167822,0.7699812853242983,0.8091903574618424,0.633729836013912,0.5517702686696893,0.7946146929939696
2019-12-26,0.8857471173774825,0.7646224814650336,0.7828663860723039,0.8345163501373383,0.8201837207622275,0.7521555377575507,0.79332374480137,0.6201048252213581,0.5333712214076785,0.7685414608287618
2019-12-27,0.8717187088007623,0.7421184230366911,0.7620150164622822,0.814283056765247,0.7998485807584929,0.7298325035547023,0.7743710310685449,0.5697816401295144,0.46767236133182444,0.7309248570525266
2019-12-30,0.8724032405420454,0.7434989636297931,0.7615401480203259,0.8149754635731148,0.8009314586466765,0.7301665282525194,0.7744137213610476,0.5753521888222265,0.47591649695434174,0.7322814393081293
2019-12-31,0.864918551885697,0.7403211453619759,0.7629780333107353,0.8147214515367271,0.8025756724930598,0.7179705370907001,0.7660032431519008,0.5542625962515624,0.4535356651795312,0.7292073575663169
2020-01-02,0.865719005752375,0.7474018159661608,0.7625507799164474,0.8153571707603862,0.8045251595343259,0.7216565936467827,0.7669822025606693,0.5592467530339637,0.4579426524775823,0.7335428600897781
2020-01-03,0.8539212340549239,0.7427833880200079,0.7538664623941904,0.807967808714233,0.7949736469480594,0.7184610905046079,0.7619425770328352,0.5616959112151961,0.45877098742605776,0.7151041722625416
2020-01-06,0.8541694023405682,0.7462140992204437,0.742590395949599,0.8088082916676664,0.7972216654881545,0.7147514681427702,0.7593994960650344,0.5628284730521771,0.45732561598087834,0.7122384902002761
2020-01-07,0.8468445373151055,0.7353683416150694,0.7408146708150237,0.8059562609005982,0.77826850318801,0.665174592762599,0.7395880124377874,0.5558637944930072,0.4527835989858792,0.7062948755998925
2020-01-08,0.8425736737560899,0.7230395475432365,0.7433974133092809,0.8012344169849288,0.7698111046245418,0.651087699121006,0.7324776394402365,0.5448373997582522,0.4467740355035067,0.6819932603545171
2020-01-09,0.8440444507780085,0.7199765733649709,0.7390702417706679,0.7968502741763684,0.7696255746853126,0.6393140132379802,0.7113354687498151,0.5345476261520027,0.43415976019666624,0.6868489832236994
2020-01-10,0.8448629323582502,0.719620950048314,0.74218240094048,0.8024688852356311,0.8062791535462221,0.6893155090940835,0.7296265598688837,0.5382137035377553,0.42704384234031323,0.7090953151027071
2020-01-13,0.8721519885085752,0.7221902772137097,0.7350610994800285,0.8105961324094441,0.8124686694818778,0.6957943379388918,0.7390980184470828,0.5416896006478412,0.4457054204093127,0.7032232640732591
2020-01-14,0.8718424625858285,0.746108200951254,0.7356590889351856,0.8147005491054242,0.803475708399332,0.6952009825558881,0.7400107275631354,0.5377412171535886,0.4507293899085646,0.6925624330561491
2020-01-15,0.8807825382674285,0.7472464582441511,0.7342788858239538,0.7879075222558976,0.7831830667604246,0.6859943567613,0.7255407796375357,0.5157467969096406,0.42661819620356917,0.6779253778197332
2020-01-16,0.8709001501740324,0.6916197723920191,0.7176022071368094,0.5934419403908102,0.6072370601006184,0.6824713875180862,0.7105862158419092,0.47643778228073913,0.38613799058762305,0.563356984689779
2020-01-17,0.8667963863961037,0.6772251077593164,0.7158005209536334,0.5805123991509924,0.6095036106099428,0.6833358589395421,0.7128889785472845,0.4945679084941769,0.38799866515744585,0.5659951079136346
2020-01-21,0.8726256747035792,0.6930202159569611,0.7263867322170096,0.6007921864967112,0.6259708280190531,0.6952023760517565,0.723725404598938,0.5309881761673995,0.4422685781760735,0.5889482834147556
2020-01-22,0.8707797373847831,0.6897326648691281,0.7275500799999172,0.5981384208731246,0.6260874638397759,0.6923716631425201,0.7232126355238147,0.5250207907019031,0.4412558518772969,0.5690727557382868
2020-01-23,0.8676387475073168,0.6888701368777556,0.7256387321234016,0.5972531645050252,0.6229620659139389,0.6886213208776698,0.7208474335219504,0.5190855480451296,0.42811423224082784,0.5500429223581835
2020-01-24,0.871327993721155,0.7007996320624222,0.7293828430957165,0.6155741929234156,0.6400598583615141,0.7035552356282664,0.7379469517892554,0.31382331007250985,0.29928449797865275,0.563911168433721
2020-01-27,0.8715592366296437,0.7148596475477693,0.7348990473941581,0.6487413254644027,0.64623129424381,0.7095198908337327,0.7549977014472563,0.3377921040532683,0.39792872947666247,0.6043991231176221
2020-01-28,0.8741886064238832,0.7197506183671145,0.7276516906641226,0.6561602974450379,0.6521612788057718,0.7186574426194597,0.7574989537952017,0.3651109098435231,0.4270211635253046,0.6123088657954794
2020-01-29,0.8718432515791774,0.721627913503657,0.729269267187508,0.6581222856604444,0.6507276608221988,0.7126815413564416,0.7547112661118025,0.3594788246447573,0.42349294196172743,0.5933006955685259
2020-01-30,0.8711086212239176,0.7091654659613488,0.772225102411639,0.6413020830844393,0.6275500832425754,0.7083374145287199,0.7522257786453881,0.34055891407700073,0.41455953863489586,0.5766613879457335
2020-01-31,0.8834440511312237,0.7367788844951128,0.7951156086655279,0.6459084259229169,0.6651088986361593,0.7366464292332249,0.7714544815939685,0.41660793993919365,0.468323792637763,0.5992095056867078
2020-02-03,0.8921942771546254,0.7376290858185358,0.7999243078817314,0.6606273351534403,0.6669389709936159,0.7406314312168006,0.7978190659952096,0.42566664788867087,0.49673811635350157,0.6106117432043076
2020-02-04,0.8950762441251109,0.7391944453798747,0.7728324954031295,0.6797330395478342,0.6810056169496606,0.7449699115242207,0.7962443048129094,0.42869870078318795,0.49720114161032464,0.6355782927664416
2020-02-05,0.8924240306931321,0.75966683788017,0.8025535192351976,0.685493438370797,0.6901085401721909,0.7511686954654218,0.7626469474826105,0.440565067854845,0.49758150926454164,0.6446355646927615
2020-02-06,0.8926221441349701,0.7602564134996476,0.8042601629261925,0.6872832622558046,0.6904030099545799,0.7479002589897001,0.7596491390012873,0.4406979354208163,0.4979965328882147,0.6252635892776213
2020-02-07,0.8924814066713072,0.7599551946269437,0.8055503012974279,0.6870193802795544,0.6898827333197489,0.7489042616728738,0.7603508741156295,0.4408971030024517,0.49577225128924673,0.6266249262822865
2020-02-10,0.8929242794268426,0.7605569807875598,0.797976722342613,0.6866955325646412,0.6904348574208398,0.7547198818320513,0.7627460292392253,0.4413931813414133,0.49567657493117956,0.6262443630770881
2020-02-11,0.8924347089248715,0.7550465965572267,0.8208316471279078,0.6813679296669587,0.6873425475030995,0.7516532662928825,0.7595463013999328,0.43763294521788115,0.49122574395195356,0.6221750152753492
2020-02-12,0.8917800328945311,0.7555918471806526,0.8229146401513926,0.6836309739456075,0.6861262937007158,0.747354235740205,0.7598941267268087,0.43741380897366844,0.49511194047328294,0.6245348252045183
2020-02-13,0.8912014607557199,0.7555522480100326,0.8287516189874506,0.6823135886788938,0.6853010826418247,0.7481036049163172,0.7603457380295962,0.43778846155573925,0.4959641008081004,0.6260935994740578
2020-02-14,0.8954336771401602,0.7558002784991384,0.8316488999773043,0.6827346034724171,0.6902728195127398,0.7569049505491385,0.760901500445958,0.4481098590416226,0.4939922375318583,0.6262538344654547
2020-02-18,0.8990323051101758,0.7542212938392518,0.8258774795726349,0.6821289339031829,0.6911820584246979,0.7653958029401556,0.7704475247743282,0.44918019488590755,0.4929019920292654,0.6282676189661847
2020-02-19,0.9001581055046843,0.7565353591146183,0.8268897273436028,0.6851100185244348,0.6941599907445143,0.7690480596934722,0.7731768757665411,0.45043015857884144,0.4937704094511041,0.631989781451405
2020-02-20,0.8994336611365749,0.7649634605716947,0.8243557531183526,0.6180007064420051,0.642706390826968,0.7535438018890809,0.7480019879035291,0.45306867068744167,0.49598723490150654,0.6313548347854919
2020-02-21,0.9021956756659989,0.7646694543720103,0.8256435371494867,0.6304952072954205,0.6532897216096535,0.7549745049937653,0.7485696379949904,0.46981231084641056,0.5142694516133325,0.6541876021895628
2020-02-24,0.9028772839901685,0.7807540302559747,0.8588923526909736,0.698718229795382,0.6962012289624614,0.775170904912152,0.7585376475022926,0.5482114300294848,0.6369295479769223,0.7186684890076264
2020-02-25,0.9249992089646133,0.7970542164240656,0.8751080822785671,0.7141103249275703,0.7135817138079484,0.7936585793525921,0.7804909332163333,0.659924408472747,0.7215526488397,0.7359701502078898
2020-02-26,0.9130608152833015,0.7984209580053555,0.8770172913845634,0.7178835669787366,0.703416099216531,0.7876725304028833,0.7816557870612173,0.6428590563670291,0.7260310399556137,0.724793490897474
2020-02-27,0.9269149545349252,0.8118401897159214,0.8916529736640887,0.7413716229021841,0.7285258996481001,0.8224063451122539,0.8174048384054983,0.6972276368251489,0.76773568742156,0.7347940968997905
2020-02-28,0.9082270817458052,0.8113405138752695,0.8435611240484492,0.7427221357121455,0.6925632298676487,0.8149163592938756,0.8363537609531383,0.7164857317867259,0.7961703030035282,0.727356250336955
2020-03-02,0.9078148959163924,0.8159018167746878,0.8619837536244778,0.752892388656416,0.7055497344955721,0.8412627929235449,0.8453100818778516,0.7409915468348242,0.8120379279964853,0.740219959422514
2020-03-03,0.9142964548003157,0.8248272880162703,0.8601323325905126,0.7753853680936459,0.7272414116953537,0.847058826482932,0.8465643796843783,0.7649254976883629,0.8376127064787633,0.7334069915263839
2020-03-04,0.9171418228844166,0.826677153237749,0.8506269976457712,0.7793534826465401,0.7320894047043708,0.8532784181544992,0.8518451982887624,0.762366927734093,0.8198575735567633,0.7374894404141787
2020-03-05,0.9254403586367491,0.8563387922316378,0.8379782560287412,0.8030547434073709,0.7630925990583391,0.8763552961235083,0.8712532220964063,0.7758653229662128,0.8292668835439746,0.7648444728211666
2020-03-06,0.9265275117896505,0.8547864315604103,0.8374239013040404,0.7980063114056971,0.7449381292657529,0.8791697269834654,0.8799400355714491,0.7696098998335434,0.8306139405907849,0.7547597381952244
2020-03-09,0.9629168787398356,0.8996993782556112,0.8892839485231171,0.8570892305853243,0.8271485531050629,0.9284826791022762,0.9280904910990458,0.8253618581261444,0.8597757982109013,0.8020524496316532
2020-03-10,0.9678763688227546,0.9053965587465088,0.8965702085752486,0.8692452336880385,0.8409724521685057,0.9384007690828344,0.9379376815713923,0.8381568107039603,0.8705106493561615,0.8092906960973677
2020-03-11,0.9669656272127126,0.9129247526734469,0.8951451249424311,0.8611994780686802,0.8417627302195506,0.9303341644930249,0.9211220174956033,0.835504947846826,0.8553680243170614,0.8254894212886621
2020-03-12,0.9706694730146724,0.9398629049273628,0.9041843010649787,0.8641290494944472,0.8384014333120768,0.9186486008954294,0.9196646620702362,0.8527787449295041,0.8755417124171234,0.8635869745811756
2020-03-13,0.9802650898819555,0.9603122348727863,0.8792986369110755,0.908733148225444,0.8938094580946173,0.9473929512147911,0.9463203635228165,0.9058231723332715,0.9190766982291924,0.8455206061125508
2020-03-16,0.9847312710576362,0.9675733826709597,0.8759063763126452,0.9281161515291347,0.9163060147746459,0.956027011120788,0.9551358915167375,0.9235303277352659,0.9341293112578684,0.8793237052850654
2020-03-17,0.9848861730934421,0.9637127105249608,0.8580817929287357,0.9310530045853203,0.9196155305017074,0.9524386374224113,0.9480254695613504,0.9130181776964268,0.9180465287787832,0.8823635857373724
2020-03-18,0.9719859898573591,0.9588633469965141,0.841396988569775,0.9290547619361962,0.9231122955541213,0.9558190353219371,0.926783874314168,0.9167440113425372,0.8839159580859894,0.8780267975296476
2020-03-19,0.9720964810810326,0.9439643258033894,0.8439847776546491,0.9284443253496772,0.922783552282929,0.9465679513208991,0.9196163208052501,0.9154067150289041,0.8835310486041447,0.8638235219693404
2020-03-20,0.9619561707350864,0.938854563927313,0.8141751240616454,0.9251544544318154,0.92191003839699,0.934590826777013,0.9225156205535905,0.9151140453282064,0.881616216429587,0.8385280775068815
2020-03-23,0.9604095257158326,0.9348363810309058,0.8130977012245427,0.9257376909559419,0.9232826890290883,0.9316535208455067,0.9119682166223159,0.9162971796366924,0.884900682248771,0.8408903351820551
2020-03-24,0.9619196648083048,0.9422410910309947,0.8484380619727172,0.9380478124510441,0.9269252174451266,0.9387402478376746,0.924053818846462,0.9159861869579995,0.9038778767954958,0.8648684299414294
2020-03-25,0.9584806587553285,0.9421005341007997,0.8485888723224831,0.9374292085724693,0.9264971845680232,0.9366077521989011,0.9240531073418728,0.9161535021103996,0.8948109408673163,0.8565085946207576
2020-03-26,0.9600419732754437,0.9417809409086194,0.8515318515653504,0.9365979294667179,0.9264443406146943,0.9389035087578738,0.9268690690063839,0.9126918601378725,0.8910438192700152,0.8465867571632297
2020-03-27,0.9584381033820214,0.94235393184921,0.8521112779483184,0.9372008148891674,0.9250081772179684,0.9377926900347093,0.9276654859267387,0.911903025621705,0.892194307668819,0.8480380871769607
2020-03-30,0.9584717056133663,0.9417849354825975,0.8533328540790582,0.9373639016849618,0.9252046150567845,0.9369082219222495,0.9272942107967908,0.9116298474571279,0.8922164246235503,0.8478899081621749
2020-03-31,0.9587699124786948,0.9416554265559677,0.8530780912576357,0.9371072455596711,0.9247694232588555,0.9371533072682772,0.9277408993609597,0.9120391353514128,0.8926843928037062,0.8475657232960295
2020-04-01,0.9596432507838802,0.9434455330658985,0.8502000839287949,0.9385435213590603,0.9264142186904354,0.9387331582379532,0.929517686660793,0.913421503659015,0.8949637421403553,0.8512373360481592
2020-04-02,0.9605700602653983,0.9421266942089614,0.8585914498739169,0.938244991280013,0.9266696794883196,0.9410915096323966,0.9306418653823049,0.9076156147256844,0.8884040155172508,0.8523737608053931
2020-04-03,0.9605224455503715,0.9410754136642647,0.8576750738422523,0.9367088793294289,0.9243553801982014,0.940838866900876,0.9305495637287482,0.9078161800857059,0.8881326485559292,0.851546609650285
2020-04-06,0.9616928273701485,0.9440335799028212,0.8604015650595607,0.9384231195743832,0.9263903331054761,0.9431567598256761,0.9334364976531547,0.9058223755973861,0.8876201898017826,0.8569094066865675
2020-04-07,0.9607095147877585,0.9363302185796738,0.859375147682309,0.9347970466504854,0.9259814602374704,0.9401177240424076,0.9337471180169381,0.9049838025225897,0.8887859099644223,0.8563781696377696
2020-04-08,0.9606719893452533,0.9377073127216896,0.861446792906532,0.936176362750802,0.9264896842467749,0.9396019825912233,0.9351322923472499,0.9061229043947797,0.890119732526348,0.8529564671047566
2020-04-09,0.95941325460374,0.9383641841529646,0.8615682487238218,0.9362547748154355,0.9218921594983619,0.935646452219514,0.9356130463482674,0.8978084160183252,0.8887560610799766,0.8550373023900008
2020-04-13,0.9594561433124383,0.9385159330463642,0.861278522238214,0.9374256571741055,0.9227671340425632,0.9357039942267528,0.9363603368715038,0.8999328080512137,0.890918572717956,0.8566212548039712
2020-04-14,0.958319902242046,0.9417327605521988,0.8613003083766524,0.945163434049976,0.9270364264199025,0.9348748993914551,0.937042778917535,0.899856419328656,0.8905578629989834,0.8625843115466354
2020-04-15,0.9585476661816352,0.9390833926845784,0.8599859742069784,0.9441213785649285,0.9270355278697061,0.9279088086440387,0.9257361783061742,0.9007406249464025,0.8913061857145512,0.8641425522063327
2020-04-16,0.9586812809727083,0.9391009957670017,0.8602977665179494,0.9419946895354077,0.924197868168663,0.9259113309602125,0.9243687507499776,0.900693709995984,0.8915492392169481,0.8616135007881168
2020-04-17,0.9603841575380403,0.9385543556481759,0.861540325126127,0.9324879328924087,0.9130006444687996,0.9212718489675076,0.9210450961193919,0.9028674915586481,0.8942794492332676,0.8618435782078794
2020-04-20,0.9605790045817183,0.9386074543681757,0.8620809041163201,0.9321074792360365,0.9123797274364218,0.9207096542153445,0.9207287656542593,0.9032971155805822,0.8947718435717585,0.8622749180840066
2020-04-21,0.9607429941584495,0.9388527305390414,0.8613711730603082,0.9323958741256377,0.9126390304888694,0.9208430465158015,0.921098260220735,0.9099043108755362,0.899073305558299,0.8584133347645686
2020-04-22,0.9610451848116102,0.9389301830986375,0.8624155045328332,0.9320771873355762,0.9127387086383953,0.9209225417787493,0.9210981023465524,0.9108354485625034,0.8992155071997027,0.8581606825678055
2020-04-23,0.9610676546460934,0.9387634782447185,0.8625641775005999,0.9315644051849091,0.9122566430861329,0.9205379994026514,0.9207998510146544,0.910706411388418,0.8990363927575487,0.8574552589794356
2020-04-24,0.9612209447454725,0.9389190110099647,0.8624082876252942,0.9316862062893054,0.9124840581900966,0.9209208633756839,0.920985823545702,0.9107627917764264,0.8991262724882199,0.8580191212081535
2020-04-27,0.961404332673446,0.9394647253275811,0.8621211299143554,0.9313020945865307,0.9130026147828812,0.9215977721579641,0.9212367736659554,0.9100836071311853,0.8971795881420035,0.859142332418581
2020-04-28,0.9613118169969098,0.9394773025008301,0.8596780904771761,0.9316090567197448,0.912621910099962,0.9212150405066544,0.9215584801670244,0.9086401901113486,0.8969358712834199,0.8578423172758174
2020-04-29,0.9614352276564849,0.9395162559380514,0.8612148267888344,0.9316369914726175,0.9129432912602435,0.9211767987896696,0.9210304645041314,0.9041332307445188,0.8946643601165588,0.858429913540047
2020-04-30,0.9613266090204688,0.9399547695409651,0.8621647333309649,0.9316757548922445,0.912817519341509,0.9206158274724563,0.9210684062558971,0.9031978404922059,0.8947840270431885,0.8591691896304802
2020-05-01,0.9613363175742845,0.9398104883551189,0.8562683984059711,0.9316701886201991,0.9127753452247013,0.92058153854206,0.9223127302480371,0.90330803033638,0.8954557197261342,0.8588330650436345
2020-05-04,0.9612487794565908,0.9401244754330085,0.8550392551193365,0.9316468978582958,0.9127345768715869,0.9208805005396795,0.9225898677601355,0.9032124099325943,0.8950248745458296,0.859426716246516
2020-05-05,0.9610090169014446,0.9403147878918289,0.854823624022009,0.9314904045910045,0.9127400788723491,0.9210142195032215,0.9219053574461237,0.9032926283882554,0.8946769166913446,0.859294000327166
2020-05-06,0.9609248301090025,0.9403687555406858,0.8555283659755406,0.9314369209807328,0.9127444569217423,0.9209999338186449,0.9219918978661118,0.903182143552653,0.8941632006732522,0.8590264805821591
2020-05-07,0.9607461562251496,0.9411082132169524,0.855206267616973,0.9312411002143105,0.9114497781843591,0.920531449992456,0.9223616773921708,0.9027745202222253,0.894530824907673,0.8596950446265835
2020-05-08,0.9604897100105552,0.9408339531924569,0.8548314837514618,0.9316653958416905,0.9114674762523801,0.9208300273136804,0.9221583016958127,0.902903890150714,0.8951092986737739,0.8577735893493951
2020-05-11,0.9603437783973141,0.9407052224531093,0.8546336835412675,0.9290137069839552,0.9103250250095588,0.9203844298561581,0.9206728479018149,0.9030955741723461,0.8958561278564415,0.8576794507821234
2020-05-12,0.9604478761438582,0.9410201568949118,0.85477651252877,0.9291883370075482,0.9106493095744332,0.9207330412587165,0.9209488475918908,0.9033326039353103,0.8961254084404693,0.8530909136328336
2020-05-13,0.9604471379039614,0.941650787466285,0.853596630395527,0.929664012790781,0.9111096096256048,0.9211119498511353,0.9211411093404,0.90338820504895,0.8972905495165164,0.8288664776050826
2020-05-14,0.9607755803277831,0.9416520176759763,0.8538643178877422,0.929188858167816,0.9104430253487136,0.9196188627115633,0.9200664479113474,0.9039749682828425,0.897479505591317,0.8292998371218244
2020-05-15,0.9606852508410385,0.9427318511896974,0.8538372940670069,0.9350957026119875,0.9154548710946013,0.9209472930608568,0.9217041721200833,0.9040171115163979,0.8975036291763635,0.8273498552628676
2020-05-18,0.9611770027888634,0.9441650390950636,0.8524731332565834,0.9370699348548877,0.9169600044072092,0.9223715871623128,0.9233871616064385,0.9057410261815432,0.8999748463788623,0.8170114821507645
2020-05-19,0.9616815849301076,0.9451974339356348,0.8524709935108771,0.9366787926938055,0.9181840441441149,0.922212385042582,0.9237275291658514,0.9059345217304499,0.8985125473080611,0.8150172834404746
2020-05-20,0.9616151623478657,0.9444017521320175,0.8525604403636522,0.9370693714081261,0.918463059251445,0.9220770488522372,0.9237928378170761,0.9057698348742219,0.8981585960099621,0.8133410466297111
2020-05-21,0.9620460365642778,0.9442682846745085,0.8521103212978334,0.9361529838699642,0.9195026553329468,0.9225612974172765,0.92360628941484,0.9068854514490347,0.8979482978036828,0.8136526167973385
2020-05-22,0.9617993401102457,0.9441397448112776,0.8520835093682126,0.9357831708728575,0.9189763397408427,0.9220686588483615,0.9227118417510477,0.9062040799185365,0.8970890549944078,0.8135942033229511
2020-05-26,0.9638221688390552,0.9461736516393099,0.8573504457284724,0.9374188370786191,0.9236496149302472,0.9247402830283378,0.9237967257419692,0.9072697491968956,0.8978324077391793,0.8082462471349557
2020-05-27,0.9649325245509447,0.9474987119466143,0.8576941959568894,0.9384739467439217,0.9253036738715891,0.9252662322489398,0.9254249212741927,0.9088461047217561,0.8993970234193575,0.8058745629248734
2020-05-28,0.9635121352659731,0.9479437885396697,0.8601722780753727,0.9383303503210676,0.9217672065091869,0.9230434806608043,0.9265097718116503,0.9080235290493345,0.8984797214268421,0.8020018033244996
2020-05-29,0.9635149132635855,0.9476374836675096,0.8596839153773927,0.9371672223545603,0.9210237310046304,0.9228452123533321,0.9262993937768637,0.9101055177036544,0.901262191519469,0.8017287734517795
2020-06-01,0.9631093290593812,0.946872102277166,0.8625884290398935,0.9363354184011415,0.9201175042139548,0.9220319905440207,0.9255746711251736,0.9099295606003154,0.9010148624120234,0.7988652318075966
2020-06-02,0.9631948557921531,0.9472691937729505,0.865780651178045,0.9369689330302474,0.922124661187818,0.9217286001742893,0.9249717282644543,0.9112138300499206,0.9011314639145321,0.8002880870748557
2020-06-03,0.9587899147439686,0.944330676857512,0.8485041967290611,0.9370461047849068,0.9189475429418005,0.9163607942979429,0.9212598743316368,0.9175506880530352,0.9075010129713442,0.7920258778901105
2020-06-04,0.9573921539218736,0.9441488295606058,0.8471090554041167,0.9378500595869801,0.9198175694822129,0.9146286767530414,0.9190609656394756,0.9188931550358164,0.9066013028116686,0.7905108887731813
2020-06-05,0.9575747944690276,0.9427872718236141,0.8439202920259634,0.9360877896498019,0.916589685864452,0.9119670714252543,0.9182098802242269,0.9174631244015485,0.9063496357051327,0.7850198255739118
2020-06-08,0.9554178210846792,0.9352469945156529,0.8474689258146905,0.9400467067649985,0.9219834840822324,0.9127422718645133,0.9166916628378728,0.9137673439922537,0.8999601474231649,0.7611338198528068
2020-06-09,0.9476877796558462,0.9212604112589251,0.8521295013103293,0.929686498041881,0.9042092337237789,0.8954922879965703,0.9028419478670826,0.9014017601283454,0.8848582418660633,0.7688537578717604
2020-06-10,0.9362838172889475,0.9056279792059314,0.8344646239215728,0.9136361630622498,0.8820068141674289,0.8740381803220147,0.8809483815566445,0.8931523505296619,0.8711954609386913,0.7130523170817641
2020-06-11,0.9388619714120658,0.9161255235057594,0.8508471725636595,0.9174526766079916,0.8868431387672848,0.8864192700876594,0.8961677489761818,0.9053134830743538,0.8847100590599847,0.7172890728441221
2020-06-12,0.9525723663788542,0.913405197064872,0.8537802101867966,0.9223924052485539,0.8774475300955417,0.8721999467943702,0.91914439039981,0.8934908716995426,0.9028725461978747,0.7131574297624298
2020-06-15,0.9525349753370537,0.9318709615772498,0.8521698142647132,0.9234975782146332,0.8785171510727938,0.8813486544352566,0.9287605812865524,0.8944343503544042,0.9037144087042835,0.7255141661746318
2020-06-16,0.9598974046138837,0.937869967158361,0.8811028867290199,0.9236079627035605,0.8787534349336686,0.8971318754615948,0.9262394545231082,0.8940392719702536,0.9059696654721915,0.7314949124395835
2020-06-17,0.9603974644603495,0.9421583315520151,0.8835158674828991,0.920106910108547,0.8750747785992562,0.8981588112433395,0.9334749036243575,0.8902030224518799,0.9021183729842605,0.7137350656931591
2020-06-18,0.9567818251693583,0.931846894804828,0.8769428317132976,0.9051554513586735,0.8661527102833458,0.8842359138904082,0.9180454601101578,0.8806491061004581,0.8799141419056539,0.6434004105415653
2020-06-19,0.961514336396441,0.9327175319218866,0.8760908751196085,0.9033881974289523,0.8668435278714521,0.888382751622589,0.9155669141527438,0.8808420447985021,0.8951493283433802,0.6528397499845731
2020-06-22,0.9585824865844039,0.9336027635294406,0.8868972443908599,0.8974242244528761,0.8631029253528015,0.8806390956148218,0.9058283091009252,0.8862395267415092,0.9001682822028682,0.6601611728790817
2020-06-23,0.9608936333927056,0.9310674603839395,0.8969322845262547,0.8944173722114276,0.8581566691239895,0.8760458881430855,0.9031039578327453,0.88602597439755,0.8974875886589704,0.6471952952988876
2020-06-24,0.9617244337414841,0.9315768402494903,0.9051590696404815,0.8944484340727106,0.8586259527501822,0.8801683861369967,0.9056432681129012,0.8880740513035933,0.8989208629563379,0.6516770621998991
2020-06-25,0.9616351034056465,0.9315773805780988,0.9054421920482246,0.894562848467516,0.8589058370670128,0.879388587374608,0.9048421915004164,0.8855693503677003,0.897336339920727,0.6476239213574807
2020-06-26,0.9611679267723882,0.9104116705652342,0.9191647826092478,0.8903082372469485,0.853479254430816,0.8705905172815915,0.8971989036584038,0.8808807056784163,0.8929711993673303,0.6188054338779803
2020-06-29,0.9605205256230424,0.9137730494659893,0.920883255139581,0.8928087128022623,0.8539873619869578,0.8678626206344411,0.8954383076762221,0.8937291842081158,0.9048741284499644,0.6034883568854128
2020-06-30,0.9603404733153726,0.9158966679930864,0.9209341928224103,0.8945676424022683,0.8567700080418281,0.8665928985311584,0.894567274017979,0.8920434272985279,0.9041364939333174,0.6065523915814467
2020-07-01,0.958002635002671,0.9082875850881458,0.9318782714591638,0.894283137269489,0.8500162206617267,0.8590892120439614,0.8889991760748817,0.8982940024631515,0.9154063347085579,0.5594995912340915
2020-07-02,0.9596340173279878,0.9271261573002826,0.9326621956914023,0.9026295532386033,0.8522876862795775,0.8648911228642063,0.8887304054509965,0.9016854201061614,0.9145593461705318,0.5588907588723068
2020-07-06,0.9587406454111678,0.9173307483913067,0.929192625411354,0.899451179173794,0.8514253937534675,0.8626413356858724,0.8776852576268044,0.9000616623730221,0.9120031734796383,0.5597144736627762
2020-07-07,0.9651432249028397,0.9162246343720586,0.9297741728273307,0.8976082593638717,0.8583141642317146,0.8704733497411307,0.8742510628565071,0.9228362038446599,0.9151209790644717,0.5502585431931473
2020-07-08,0.9650002554485725,0.9144630224210772,0.931564213845521,0.8923809894153993,0.8533054469410103,0.8694002012758848,0.8719005025581799,0.9192948221873365,0.913775169904036,0.5364363124898115
2020-07-09,0.9677007611477194,0.9166067087155106,0.9331678956953963,0.8906325787220524,0.8607490377639495,0.8725733332983802,0.8704101041113447,0.9196688133132707,0.9143704482441637,0.5421764130784947
2020-07-10,0.9674154711304638,0.9313305048919639,0.9347205855238032,0.8918126185283628,0.8612269377057262,0.8936122520863288,0.8972967715679449,0.9121734580604977,0.9094619709915587,0.5230221255869975
2020-07-13,0.9667873409983361,0.9308700028304834,0.933548671180214,0.8965925756538461,0.8687813779003897,0.8995361576547447,0.8995786239985157,0.9107733774446252,0.9081942340520798,0.5347199865144134
2020-07-14,0.9646224331287395,0.9297694631984292,0.9244762865902413,0.9197390464155717,0.9051461546130267,0.9158615771494816,0.9030432082753456,0.9072166868021247,0.9004956422235165,0.5336018548502276
2020-07-15,0.9646641459488201,0.9294832535184776,0.9213156595556984,0.9193771914949938,0.906063562183472,0.9182396136264172,0.9031853537076394,0.9050951138923139,0.8990863086347786,0.5307725527000854
2020-07-16,0.9578827885423828,0.9187031598962088,0.9246774658459809,0.9006272534180553,0.9019387617264236,0.9150484398373234,0.9001986611251069,0.9022547593578697,0.8966181222450483,0.5389886640364082
2020-07-17,0.9581211838013234,0.9187990969720108,0.9246869763662894,0.8995991998964564,0.9031396767942634,0.915929302324986,0.9003432684009537,0.9025355087246465,0.8955605103886658,0.5193031006413549
2020-07-20,0.953537545453719,0.9173565027774644,0.9242517404228342,0.8950390021252869,0.9046100058631666,0.9156614214710209,0.8995376403052704,0.9027626667838062,0.8903408488645455,0.5197563211064093
2020-07-21,0.9533752359544548,0.9169664655324952,0.9224687580959271,0.8904058780175852,0.9027586294556272,0.91172714053296,0.8919207060215097,0.9038384480324186,0.8908315657864104,0.5188873162297242
2020-07-22,0.9517932732770925,0.9170285681100859,0.9262368005539111,0.885398705734351,0.8985954403406557,0.9072236120877447,0.8861927406908009,0.9070195937599107,0.8964445847301522,0.5025871065632453
2020-07-23,0.9520784846923969,0.9168625225297763,0.9293922692435828,0.8814293157644514,0.8973106150212512,0.9051780114136672,0.8811517782064594,0.9111758674174429,0.8968980414259262,0.5055081183434597
2020-07-24,0.9515392466315903,0.9168960986732828,0.9255985252757977,0.8810272337234504,0.8966863044794737,0.9060935779468211,0.8828708489780145,0.9285590900284826,0.9089994609076795,0.5015467077254108
2020-07-27,0.9507065697766486,0.9138504992033069,0.925977220488165,0.8741421722231568,0.8870477554393952,0.902057263215547,0.8799094494903369,0.9295371974610138,0.9098915018394289,0.4931378301320541
2020-07-28,0.9502839055059364,0.910492810152472,0.936851826146237,0.8630280541343316,0.878332229013101,0.8992665119953419,0.8747262228516606,0.9254412746163868,0.9038664280733694,0.48332632630678074
2020-07-29,0.9508127663658414,0.9104908219994294,0.9378829171367546,0.8563588765297139,0.8741385525910292,0.895561523581633,0.868037979777894,0.9262700215004829,0.9058562199402085,0.481595817796153
2020-07-30,0.9504755848476609,0.9125458724464892,0.9433000863387492,0.8562358401297996,0.8762708916035692,0.8966279507754187,0.8729242041714208,0.926860361674616,0.9079899961095557,0.4865077422795228
2020-07-31,0.950445508050717,0.9135235189609942,0.934145898427816,0.8557292654592804,0.8752899798037479,0.8973212604371554,0.8720723850945332,0.9262832856131693,0.908190585791044,0.4847625280083531
2020-08-03,0.9500615572282504,0.9124889369536913,0.9392994913321208,0.8562579935453646,0.8778308205295267,0.8980988925664921,0.8716534707130398,0.9285821975344501,0.908385508201207,0.47313016491416365
2020-08-04,0.9503108504350012,0.910720097709159,0.9387319517341712,0.8538538202757809,0.8781023499040616,0.895358467241723,0.8710955075756431,0.9294377994587275,0.9069724126918302,0.4769253262376577
2020-08-05,0.949575098395427,0.910481328779032,0.9403535928530811,0.8598920110374153,0.8809021055917902,0.8977331412797137,0.8758387466316347,0.9296963875486937,0.903894168860756,0.47567481326784017
2020-08-06,0.9487609345268677,0.9080958500079869,0.9400565614439235,0.8562516339656806,0.8770328681846469,0.8953448102745452,0.8733083272362233,0.928904915009336,0.902400687813055,0.4601064965033723
2020-08-07,0.9476550774805825,0.906777079878357,0.9426694870483866,0.8513288439704012,0.8733040362310033,0.8936286698700124,0.8716436953162612,0.9315316728675852,0.9006651968214608,0.6211322449371544
2020-08-10,0.9469843374147708,0.9065984992584795,0.9426771302925753,0.8504100459962246,0.8752600660320007,0.899214871752215,0.8735569348421968,0.9345501551927748,0.9078550315660615,0.6142349852639006
2020-08-11,0.9434289830746196,0.9045021131186094,0.9415619292926063,0.8495045243834762,0.8744523765404001,0.8932484865539988,0.8729212709727121,0.9316895424987685,0.9079837109638078,0.6548916071384479
2020-08-12,0.9403982874919998,0.9011184827000691,0.938521256492761,0.8355770831840545,0.8653440854296379,0.88556793912943,0.8642280306764208,0.9304396917286722,0.9012502882774818,0.683162694002957
2020-08-13,0.9397717962623067,0.8991065979360175,0.9354068951195786,0.8324835424049827,0.8638989702561777,0.8834373276644937,0.8632815035145771,0.9300665421358372,0.9029058636608468,0.6786508640544205
2020-08-14,0.9387664293921479,0.9026915055385275,0.9341419993896584,0.8303727328565389,0.8616939181460841,0.8835667509299631,0.8624287238071314,0.9294311213609963,0.902319625157762,0.6742645278774081
2020-08-17,0.9405741338675877,0.9054919903686752,0.9308840768581738,0.8359435731218972,0.8631157487745639,0.8851611369498502,0.8642747257078559,0.9306614801976791,0.9036109495259568,0.6675867496439633
2020-08-18,0.9407390656914629,0.9059829240573152,0.9327786276617666,0.8361674903894863,0.8632039286964758,0.8856068941962129,0.8650988463069327,0.9305854522142423,0.9037878850204462,0.6727059707277402
2020-08-19,0.935622150463968,0.8905674634395024,0.9315735483486245,0.8210876571732181,0.8454594634573168,0.8707763550814496,0.8524424916150757,0.9266956315955728,0.896358304568779,0.6729529348291422
2020-08-20,0.9300067227880793,0.8771257383472888,0.9316592155817305,0.8031565689331539,0.8310056460339711,0.8580650382912826,0.8371345766171765,0.919616962891477,0.8845540418353619,0.6605678835742106
2020-08-21,0.935944260527756,0.8745002557229937,0.9299109654257044,0.7946046239019731,0.8505198633876391,0.8626273117126927,0.8296445385508219,0.9220263365768929,0.8810783203077863,0.6919638699954823
2020-08-24,0.9356898733726334,0.8769308196356922,0.9309586317205711,0.8007941173503458,0.856233544367529,0.8638815821787721,0.8310723863717788,0.9222705794678854,0.8801103210838488,0.6976913844090556
2020-08-25,0.9351544913685745,0.8771112431050064,0.9279112809108944,0.7958916428749961,0.8535630546967027,0.8617405721074509,0.8263560023047248,0.9213236942685086,0.8768830245076167,0.6988055328475955
2020-08-26,0.9357694076053934,0.8728979659698611,0.9273570845644721,0.7969404575289912,0.8565126914164991,0.8597538516516846,0.8218042236887821,0.9264807881362433,0.8791678798808557,0.6980874842409511
2020-08-27,0.9317434956370287,0.8704695335014817,0.9263059503400654,0.7931385987552216,0.8563597530119808,0.8573897658763433,0.8179930901096419,0.9233911850904827,0.8769381689610279,0.6947938734844756
2020-08-28,0.9320228368782097,0.8694716884920863,0.9249649517771439,0.7857466144380714,0.8567841945658388,0.8526021339308155,0.8117918329373869,0.9234568427203625,0.8812706461659916,0.705083403827558
2020-08-31,0.9282489538825432,0.868215326267091,0.928446299279597,0.7908680168379235,0.8640422531370582,0.8589707998968399,0.8180961972684543,0.9195830592996445,0.8774150957996398,0.7043205256221711
2020-09-01,0.9282013287441394,0.8675990466738575,0.9274106603250931,0.789460279199506,0.8639183826003626,0.8586525167513871,0.8169033068220938,0.9204184696989183,0.8816618383460859,0.7059224899350386
2020-09-02,0.9316298901716769,0.8708518297788242,0.9266597958818882,0.792710362339126,0.8763795536782606,0.8614780045361614,0.8168145302542938,0.9195001495802932,0.8863694795645368,0.70629323704389
2020-09-03,0.9284246888628132,0.8734248134944183,0.9233732738521949,0.7817526622195724,0.8691322939719305,0.8641026178183895,0.8254763091561387,0.914730083281025,0.8788891848106554,0.6933269566786983
2020-09-04,0.9030424262229141,0.8229299296702295,0.8998189473305526,0.6693937411620022,0.8078190347933651,0.8197660260506336,0.7625340063509531,0.8899556579149237,0.8401136443564036,0.5607329691172208
2020-09-08,0.9057179162112478,0.8232804326355546,0.8977233980008151,0.6792722464221416,0.8121381412528565,0.8242630927171014,0.7666683422847967,0.885416090247341,0.8335636555051772,0.5993751823519161
2020-09-09,0.9035066694013536,0.8136682976009858,0.894770272835513,0.6727510445615381,0.81156079053238,0.8207975043542333,0.7647573880923768,0.884261686605355,0.8332924963610825,0.5914112024625591
2020-09-10,0.9076722566514339,0.8127953986278812,0.8938909050289925,0.6675983126306723,0.8154793757105256,0.8213927064900347,0.7635635342098192,0.8857454209701322,0.8318359312789553,0.5883310273146306
2020-09-11,0.9054253967725557,0.8106504530692384,0.8909298928885783,0.658835199274456,0.8098828733197568,0.8202832628692605,0.7623136089739647,0.8848589597294049,0.8307311808537088,0.6047443679151521
2020-09-14,0.9064698107857742,0.8075894999733882,0.8908220738928988,0.6607537328957005,0.8112662770013729,0.8180287862026027,0.7639861594543987,0.8773838864196843,0.8237766623407654,0.6106723403776848
2020-09-15,0.9121405021050669,0.8090978556889301,0.8905953977794157,0.6750084331801897,0.8107305380160903,0.8157065699210174,0.7721593680592745,0.8653714527101691,0.8314513595215075,0.6061836220692973
2020-09-16,0.913206393805722,0.8099078166485049,0.8923969768383128,0.6958830380925862,0.8170796498535686,0.8222656981201122,0.7927089722057646,0.8620235425510582,0.8217754127067852,0.6133824871326989
2020-09-17,0.9139612749167978,0.813356528574321,0.8936175458212721,0.6963182552648784,0.816871124975917,0.821007252228353,0.7900440532407247,0.8661681897267997,0.8234341817482038,0.622372062728158
2020-09-18,0.9089032369647284,0.8083178135671047,0.8848557973718983,0.6891446075929049,0.8133881873425062,0.8130041032439863,0.7798741943324012,0.8564747561093398,0.8096724587488809,0.6014032430329562
2020-09-21,0.9075243809279832,0.7730892544084198,0.8846856608453456,0.6836864818675118,0.8119303207561608,0.78756947006999,0.7553828087688609,0.8531052086170176,0.8044347209198223,0.5901892999780971
2020-09-22,0.8895660262200681,0.7863677658849278,0.8772799998222194,0.6609798075801965,0.7999798996876755,0.7506986752014544,0.6939372954182529,0.8299738858456704,0.7663361117572417,0.5677908760007205
2020-09-23,0.8898511359907033,0.8010598528512393,0.8777661273546988,0.6733968846867295,0.8025708946000165,0.7596297135177348,0.7068542460467628,0.8310373336770328,0.7751779377436336,0.5860208735427299
2020-09-24,0.8886941971462634,0.7599624824678635,0.8773974707671134,0.6690983990041582,0.8019183126307601,0.7125121365527571,0.6700049295538265,0.8307958105235645,0.7747113125844908,0.5699284883807664
2020-09-25,0.8908199659441672,0.761743586700388,0.8747874573070095,0.6654929700578811,0.802148390004018,0.7121130579785906,0.6760223367619256,0.8308323530697619,0.7764183777332072,0.5737747886982278
2020-09-28,0.8941774741378028,0.7679888460310521,0.876619802665293,0.6766444150480461,0.8100086185235322,0.7197322622054457,0.6839011153333429,0.8366884373136977,0.7832183911840989,0.5893252673193156
2020-09-29,0.8947262776320469,0.7713655018091868,0.8799149397626288,0.6754905494211619,0.8024044209895493,0.7147994137343563,0.6964674989773306,0.8327395993109601,0.7823696193154777,0.5857041573636685
2020-09-30,0.8908189710837228,0.7676106193284995,0.8774624113339481,0.6654818407803312,0.7922745406012921,0.698989643876584,0.6845510962359536,0.8214992211190172,0.7733219191325087,0.5848332873465095
2020-10-01,0.8906434146931886,0.7678116890106471,0.8774344808522581,0.6677171776609596,0.7770046463846847,0.6886502495419997,0.6838409845233284,0.8256116937080077,0.7720335799178011,0.5551066790953528
2020-10-02,0.8898910646999787,0.7572256858705069,0.865562293734785,0.6622651911748028,0.7702926836347177,0.6788928849156253,0.6804844717137227,0.818775232552663,0.7702515312902806,0.5431423864825963
2020-10-05,0.8733268955245118,0.7266710325685098,0.8626733839890178,0.6173586565813796,0.7379824631411285,0.6331389135663742,0.6379896970461221,0.825863734524534,0.7686948784616032,0.5615654605675661
2020-10-06,0.8751152053316685,0.7223253971829677,0.8624228564757144,0.6192625028061365,0.7387868861602103,0.6274131963426116,0.6378001451406696,0.8294318478689328,0.7692115946920707,0.5628844443756219
2020-10-07,0.8793285021096102,0.7330962521199808,0.8505139862883655,0.6300153241246805,0.7437060420555428,0.6381830526509622,0.6614727162713236,0.8316771566080664,0.7768741825299782,0.5740273570931532
2020-10-08,0.878045600891748,0.7246812226541025,0.8383125762504691,0.6243587586779139,0.7373998825200295,0.6434489342730848,0.6601762920103623,0.8342007793254268,0.7726689967227518,0.5676813948635996
2020-10-09,0.8995183091875819,0.7590716235569441,0.8391416474305302,0.6946708409521694,0.7487796575110999,0.6471733684245282,0.6590210049627241,0.8380650573229506,0.7740239852985432,0.5826241994321574
2020-10-12,0.9000721555730852,0.7796368135048274,0.8368213716177664,0.6998956331704838,0.7440963762471965,0.639832133785797,0.6502504936658798,0.8335982744476227,0.7738646638189217,0.6047531240308542
2020-10-13,0.9149514232569645,0.7810030724255947,0.8343970294379495,0.7044369406657377,0.7407257423885344,0.6488121023355705,0.6598374006566883,0.8353906835004858,0.7958696683156651,0.5544900226012915
2020-10-14,0.8584417315853303,0.7825485543524808,0.81121075092202,0.6378956193860581,0.7371898181203735,0.6544146253721426,0.6180646211493558,0.8306955758200667,0.7354140052151659,0.5565220052514248
2020-10-15,0.8603207046758394,0.7525522000474386,0.8197871466132471,0.6501061743022621,0.7443562787357281,0.6392957504532552,0.6002449657051026,0.8222042608465553,0.7199263690460317,0.5759818839701611
2020-10-16,0.8600914718475267,0.7382454794988648,0.8200320219905883,0.6578680937347192,0.7437264208456905,0.6455564061285514,0.6089181704180865,0.8214270081218581,0.721780024637312,0.5768038605283616
2020-10-19,0.8625424087259611,0.7333108348362809,0.8227908775948047,0.663859776963519,0.7476827426908742,0.6410787775012068,0.6040193422652761,0.8250802426992114,0.7287597917932298,0.5839834164037756
2020-10-20,0.860628970561943,0.7368383591496355,0.821687059863098,0.6876194881820444,0.7845111786204186,0.6543044431648429,0.6139841747915112,0.834384511880774,0.7304839351677532,0.5875931292777916
2020-10-21,0.8597093130519712,0.7465802558771649,0.8235785711348027,0.7031507938130654,0.8004815908029487,0.6585826973736599,0.6120411166007368,0.8445915180949098,0.7410301498712825,0.5938487642259721
2020-10-22,0.8639849018750336,0.7469054222586533,0.8366200484173533,0.729404332436167,0.815421330227271,0.662711881434001,0.626661948777324,0.8488256718492216,0.7474847281437988,0.5775442470181968
2020-10-23,0.8633397155625044,0.7420578552186423,0.820916980810204,0.7250852547241017,0.8058309081887719,0.653273416531875,0.6204881038108908,0.7940374075107425,0.7129378096205317,0.5751651743435024
2020-10-26,0.8628745866601661,0.7503553365827059,0.8510252318800222,0.7257322476257444,0.8148938577457615,0.6633532091342352,0.6280519889537307,0.8041206757048159,0.7139740522276347,0.5961133929629443
2020-10-27,0.8694434300163554,0.7630435181509728,0.8517867878686565,0.7383820117684554,0.8260355059661498,0.6779938075362645,0.6434048087444466,0.8099607787131787,0.7207475659864725,0.5991620636561102
2020-10-28,0.8682642847161189,0.7745077456499535,0.8556671916206636,0.7423929014693327,0.8297018164042631,0.702480270178138,0.6485565570996004,0.8196301164965283,0.722103107441971,0.6121609200992628
2020-10-29,0.8664763045339707,0.7675016928406503,0.8622947547911549,0.7369420371020863,0.8266833776980388,0.6977549720043428,0.6439474251666367,0.8131137891084331,0.7161649297525703,0.6052623998487936
2020-10-30,0.8672696882058056,0.7676514747128794,0.854505147791935,0.7385287082385563,0.8261427652028843,0.6940873683184458,0.6414923258904758,0.8130247697076124,0.7156220921177624,0.6046411332222922
2020-11-02,0.8651243151517177,0.7596302135786203,0.8662905966547162,0.7374845668016623,0.828060572221357,0.6847180491476165,0.6321127685098485,0.8127907773662079,0.7093874239283344,0.6159112331217156
2020-11-03,0.8688216389338326,0.7761934676028763,0.8612959110259988,0.7500020744158826,0.8385134246485662,0.7036026971293375,0.6470228086750758,0.8211338786551521,0.7145957178605226,0.6387742122707907
2020-11-04,0.8801210187125478,0.7769692829858177,0.8631600617315365,0.7095367447993326,0.8037181982402786,0.6884622631477483,0.6195137842821755,0.7966923154622954,0.6806064914098258,0.6239280215789477
2020-11-05,0.8888547938737954,0.7778839299245821,0.8651376910986818,0.7137464053370759,0.804469905227547,0.7073522997448335,0.639975730797327,0.7920100245156196,0.6842072543670366,0.6289289401988089
2020-11-06,0.8897798423543909,0.7819941302475759,0.8673402089235044,0.7156882389643834,0.8052526216032659,0.7095719972050846,0.6380792162992316,0.7937845105804424,0.6840361375039062,0.629785853619825
2020-11-09,0.9381871065392533,0.8279352642846204,0.9181788567227723,0.790852105713207,0.8485706145598246,0.7686389514627545,0.7220915711858877,0.8893566060130955,0.8347833610805162,0.60109598616322
2020-11-10,0.9379856830714761,0.8191545418074309,0.9159246210619538,0.7879807007051504,0.8459602717925506,0.7578354986740988,0.7140362062297666,0.8871753117767336,0.8320764800967356,0.6109460726126841
2020-11-11,0.9375375253616726,0.817824079360629,0.9198619662929707,0.7810652748975637,0.8354791229479319,0.7521782561339536,0.7104823322406764,0.885910900499064,0.8277286707468856,0.6114028830588534
2020-11-12,0.9372889125598965,0.8193197309010718,0.9203948146652438,0.784665974465326,0.8375096963500926,0.7549386228898877,0.7161806568356144,0.8838505449586652,0.8226387115042234,0.616981758674684
2020-11-13,0.9364609186356575,0.8212504233923625,0.9214802915699596,0.7832988000439561,0.8337353453354442,0.7500924863645064,0.7150651133587369,0.8803553622126656,0.822889956184146,0.617934368580922
2020-11-16,0.9367276592962611,0.8223265714517289,0.9267187061045109,0.7867203339318716,0.837643590454216,0.752689327431392,0.7181657625025949,0.882037823050515,0.8245328373674276,0.6187476698910502
2020-11-17,0.9341380465739914,0.8193661495892559,0.9201879150305173,0.7806602198321717,0.8269402697815629,0.7406261866865987,0.7106705759765817,0.8808767416987585,0.8197829415800347,0.6041245439288583
2020-11-18,0.9339856691101197,0.8189065374460693,0.924914554860336,0.782260579101806,0.8279610101218299,0.7421542138919627,0.7135694363460795,0.8813635266521732,0.8239073982607252,0.6038118648429912
2020-11-19,0.9334480460971113,0.8216735453763451,0.9231794426597795,0.7814500452911929,0.8272346347144012,0.7481414325013066,0.7193738912727659,0.8821331271403002,0.8244499029451294,0.6032456242421997
2020-11-20,0.9347429981479946,0.8199234949154751,0.9222555722374306,0.7788397781277018,0.8269449224542308,0.7473443373959598,0.7175974765741417,0.8812170895513816,0.8229434302992127,0.6034932378264922
2020-11-23,0.9355067751641563,0.8286090745019974,0.9307399779113409,0.7771479033866157,0.8288231140411355,0.7565516453465,0.7284560883653112,0.8830104275778592,0.8247817973773939,0.6058102322429617
2020-11-24,0.9380999957618804,0.8377320672843286,0.93302580490383,0.7921347139350016,0.8374397813662143,0.7694672257328322,0.7434079264976071,0.8869291666142219,0.8245844521834917,0.6139954153690329
2020-11-25,0.9356438970617443,0.8379292198874944,0.9329369648613766,0.7922866191501164,0.8375978845079368,0.7700433191586612,0.7429646186233829,0.8857669735998883,0.8252643035630882,0.6128571938225488
2020-11-27,0.9349896572674513,0.837683721436204,0.9333518233146222,0.791350439659094,0.8351129066044197,0.7705663377000661,0.7437984977795271,0.8845826683374628,0.8248455645735406,0.6101327118741565
2020-11-30,0.9363900601749355,0.8405291642188076,0.9375365262432723,0.7960775868072808,0.8400320601655635,0.7766069696607637,0.7492602893494,0.8829610682993555,0.8251186356846363,0.6377952207303531
2020-12-01,0.9371900937428327,0.8467763178093839,0.9372794753061993,0.8105342569275944,0.8466668633504137,0.7755507265144694,0.7482132554750885,0.8840101343314061,0.8294665489893943,0.6542641956628502
2020-12-02,0.9343592124118947,0.8297737598222624,0.9393106237962262,0.8026179138982881,0.8412229596110604,0.7664006623549124,0.7343116702821038,0.8886590751656924,0.8330620376603344,0.6360743780564934
2020-12-03,0.9340053353126682,0.8335378321125062,0.9418525467803117,0.8054691157440114,0.8414371366451633,0.7686549903264852,0.7325094350342899,0.8873090549162349,0.8328815482562747,0.6341522485513584
2020-12-04,0.9335258475108218,0.8323589593072581,0.9422466271285157,0.8045672182973815,0.8406858215106326,0.7661516382058687,0.7310579952014932,0.8871073286662934,0.8330256666153695,0.6106464801618602
2020-12-07,0.9334801824435892,0.8328741659303732,0.9419314477919424,0.8070471859968841,0.8419800408871088,0.7669647797372712,0.7323527192267492,0.8878498900893184,0.8342452180555887,0.6050412778478274
2020-12-08,0.9332221239029013,0.8344301788897884,0.937458235603393,0.8072303213449513,0.8407238640319631,0.7685497521251051,0.7328711155628236,0.889821729635229,0.8376334817764256,0.6019203544856235
2020-12-09,0.9352458102596412,0.830282503448523,0.9313317341281043,0.8038921332345411,0.8370596017628299,0.7537303222864475,0.7232443209635414,0.9005421446078374,0.8389921179731771,0.5912376954324283
2020-12-10,0.9318677712420469,0.8288705278827613,0.9316459447459022,0.801753941834615,0.8381148790956046,0.7528282452455344,0.7224686012777632,0.9002320556714632,0.8415095565829295,0.5895408063442447
2020-12-11,0.9308023889851978,0.8309588202512576,0.9315514898957393,0.8045228202591309,0.8359636541245875,0.7545707316489982,0.7324313957078363,0.9001912555669954,0.8412890735831644,0.5829032351665365
2020-12-14,0.9311125755950221,0.8312495953881268,0.9336077323152642,0.8033901718827753,0.8349742912041638,0.7559791017052251,0.733825115458522,0.9007242508211274,0.8417772310416451,0.6004108347478461
2020-12-15,0.9297366754930468,0.8433848345922633,0.9297749819515575,0.7955781521318737,0.8264137573103268,0.7618834575969093,0.7364230038563447,0.8969398796956791,0.8381948493731163,0.6063658043364876
2020-12-16,0.9297565324803544,0.841210271922003,0.9265086090924953,0.7925383639216932,0.8252153841826356,0.7598275082824507,0.7327440891638245,0.8999945659266283,0.8444904414419696,0.604600886244838
2020-12-17,0.9270673027398899,0.8348946089999478,0.927018369499708,0.7863748209464874,0.8209147546926423,0.7576802836012815,0.7242147013970184,0.8973765461082199,0.8411200952669687,0.5881352066661028
2020-12-18,0.9275943241509446,0.8801907782814088,0.9274518309131513,0.7867599716027269,0.8214492798158897,0.805138008268746,0.7606305323792453,0.897613614304732,0.8415929228967725,0.593197844799111
2020-12-21,0.9296427615333285,0.8902462523749256,0.9284132437881488,0.7906074329349831,0.8251198766968405,0.8016173624843579,0.7575685887584251,0.8731053406388245,0.8203815545196046,0.5621008676347666
2020-12-22,0.9297199018006554,0.8892655473546314,0.92958454590262,0.7906592032401469,0.8244280626478024,0.7989245229851564,0.7560366332661643,0.872718276771011,0.8197212047995421,0.5600236226784406
2020-12-23,0.9304927005287723,0.8901067714524182,0.9281844690335641,0.7930296929724692,0.8286175042214287,0.8014285673789041,0.7581096429508196,0.8722703169873546,0.8198292584965514,0.5590430416541124
2020-12-24,0.9306049742862651,0.8890738714234374,0.9282583437335981,0.7934375386515348,0.830733452496904,0.8040116406661054,0.7587312057676048,0.872619437258624,0.8193025604541729,0.5537215446559183
2020-12-28,0.9311055379089247,0.8837922444752552,0.9273759919008533,0.8011980220412984,0.8443631034596506,0.8099708590376303,0.7608182801488391,0.8726592935903891,0.8203723400661251,0.5670067586198521
2020-12-29,0.9314615584869905,0.8848251348094923,0.9295090016482591,0.8023169601024347,0.8444599833418317,0.8100029274174805,0.761103663632143,0.872904775315139,0.8203384228223516,0.5698642999202725
2020-12-30,0.9312473839738242,0.8842248599773349,0.9290349657978222,0.8020663765978625,0.844757426381875,0.8105978611869098,0.7605115617157289,0.8712170818420367,0.8179837171286977,0.5693407183592216
2020-12-31,0.9309542236252852,0.8856571689125375,0.9293214869010853,0.8024024907392682,0.8445829755560186,0.8104970055761341,0.7597074801973737,0.8705733063156855,0.8173559056295084,0.5686317776661746
2021-01-04,0.9308946335664584,0.8842089224452697,0.9326554058074017,0.8015828496280261,0.8441290767098244,0.8075110943106221,0.7573235954351668,0.8706966860728843,0.8173162401515637,0.5650606084657225
2021-01-05,0.9310416436454652,0.8894936652151028,0.937780405078867,0.8023427731071282,0.8463062960331049,0.8010385844363936,0.7541155207548087,0.8695986809760496,0.817570290023486,0.5711101902864704
2021-01-06,0.9355680512124678,0.899340147916891,0.9372231933394324,0.8199364595685604,0.8536151594139215,0.8112962127545962,0.7754566856601742,0.8718866713810389,0.8169228485153237,0.6014741719061775
2021-01-07,0.9344763562700523,0.8960747364270636,0.9383822529099968,0.8275028683202235,0.8590898627479452,0.8186284713362668,0.7820534041302333,0.8561706755651162,0.8102706225621321,0.6095597511542814
2021-01-08,0.9332714307207145,0.8955505814394863,0.9381343026075165,0.8275238665093426,0.8586212713089637,0.8152866158412586,0.7785508340247042,0.8556464495995552,0.8096513324060883,0.6589475048882552
2021-01-11,0.9595543987022833,0.8953585266904589,0.9337868713732739,0.8599209639113274,0.8590768950156598,0.815987066173179,0.807469628307956,0.8527898466866717,0.8369868409334171,0.6581211600280361
2021-01-12,0.9600390153212736,0.8875885207293353,0.9340929276235873,0.8536346301090673,0.8528938844047534,0.8270297434222645,0.8250919228486309,0.8545933153452714,0.8412619831262008,0.6477908372912555
2021-01-13,0.9599871435849798,0.896067937842314,0.932817528632127,0.85452786236531,0.854375999632797,0.828759839678166,0.8295306788631714,0.854908172261602,0.8389577732585286,0.6492397594368645
2021-01-14,0.9582582736338215,0.897897082553296,0.9317137068174104,0.8517003979030827,0.851621909504773,0.8274994531264105,0.8312113211001002,0.8525516113192542,0.8370456593618281,0.5737036370862193
2021-01-15,0.9597172271987503,0.8990845575397853,0.933772634318124,0.8548636610213133,0.8542876855856518,0.8304474648717272,0.8367626929208412,0.8523737398624167,0.8346796658433643,0.5849312421860614
2021-01-19,0.9603257568673083,0.8898275900856748,0.9329925860597063,0.8603350820946704,0.8555384517659371,0.827483025415118,0.8408649808274721,0.8347139978526747,0.8162246043346802,0.570556797021362
2021-01-20,0.959748813346697,0.8907831693896944,0.9321150759963202,0.8579805284509895,0.852601457586113,0.8344712214374324,0.846005949215263,0.8198746001602644,0.8035136018950232,0.5719033770287677
2021-01-21,0.9599882963578631,0.8911275636250902,0.9335159659808018,0.8569908127295958,0.8540000273854,0.8375273022152849,0.8463626125180537,0.836721569736712,0.8130102534476724,0.5722123267136182
2021-01-22,0.9615471108993188,0.888054991962053,0.9313731667655846,0.8610970670989657,0.8510142062541913,0.8333223192903564,0.846131305154258,0.8327099443000757,0.8141149041179965,0.5547952382639737
2021-01-25,0.9616633179840925,0.8861590368296672,0.9310872344533593,0.8562219822891954,0.8516981876069707,0.8314355530755296,0.8398469792358547,0.8300343346649001,0.8111986269403768,0.5582300820729503
2021-01-26,0.9639709916861494,0.8827508745768071,0.9290797025381069,0.8538188101717409,0.8444573788781158,0.8256630432799349,0.8446490831373029,0.8180324040600524,0.804321188923404,0.5415151590585287
2021-01-27,0.965197062760832,0.8956446486690817,0.9293851104933706,0.862792505303452,0.8503175221430946,0.8327937961805577,0.8520788219202238,0.8185263464900756,0.8029726913862741,0.5803357239864495
2021-01-28,0.9653435348135038,0.8937344417299392,0.9339930538197668,0.8642793990980943,0.8524266511461558,0.8347650094394947,0.8536943533400196,0.8178258234154764,0.801448933694964,0.5797937306945057
2021-01-29,0.9651627617126408,0.8986289798205946,0.931359074014446,0.8645610284567139,0.845094405400751,0.8395930063273683,0.8577458411187141,0.8180015959512728,0.8033903399486348,0.5939382573704254
2021-02-01,0.9652607202525142,0.8951734309908552,0.9305029771549093,0.8643240672250971,0.8414459300670779,0.8364723657025559,0.8603143001161889,0.8155799475358215,0.8009308306021677,0.5806381698381944
2021-02-02,0.9649643807478415,0.9020154907430303,0.9307459146654715,0.888519383405069,0.8582176683604649,0.8463519685342964,0.876225892828713,0.8318604888342653,0.8227062770494568,0.6153241668767125
2021-02-03,0.9636905859425816,0.9022342683511063,0.9308182454118858,0.886279398913449,0.861218099448403,0.8440303509261214,0.8723016867333034,0.836544856008206,0.8228726164424522,0.6185044678050635
2021-02-04,0.9637204361943266,0.9018827224612964,0.928050938287401,0.8867423661525143,0.8615846860458861,0.8434653668836847,0.8715023435111312,0.8373825946677784,0.8246265855446183,0.6183076500878991
2021-02-05,0.935205696474849,0.8788050330745827,0.896894619823916,0.8837967859849979,0.8625959147330832,0.8647246986843141,0.8876188370575047,0.6524591386689679,0.6550272972764472,0.6234534838704175
2021-02-08,0.9354319981408635,0.8830739745007908,0.9062987401788045,0.8821524822156526,0.8622858752926487,0.8702104995030451,0.8930098819755821,0.6539623690612103,0.6569428210239057,0.6200072145524267
2021-02-09,0.9355706169679845,0.8846472921133105,0.9057346400432742,0.8907852576996848,0.87699793389053,0.8765332846672945,0.8956938163750319,0.6480492422128482,0.6605582126198011,0.6195013720857369
2021-02-10,0.9358765282144582,0.8805794533131086,0.9036603560269764,0.8903601401616302,0.8752048780967785,0.8720575050039446,0.8909865063698255,0.6479575517087239,0.6664196549088952,0.6126063522454547
2021-02-11,0.9364656809148791,0.8803993855943918,0.8988211136896571,0.8901411355536104,0.8770930906191299,0.8750981145099015,0.8912924401178558,0.6589434149024728,0.6712869980409091,0.6090431695754499
2021-02-12,0.9377905144568518,0.8818602025225019,0.8968868345998894,0.8883618705702061,0.875005425085592,0.8808507557668032,0.8919939330140628,0.646327040280437,0.6665654051021128,0.6059889508007652
2021-02-16,0.9420154997110417,0.8827883442004374,0.9022155670374976,0.891299648128995,0.8866430630174426,0.8897134934857911,0.8934391804533962,0.6392326796887751,0.6674196089710945,0.6202898737026274
2021-02-17,0.9441693040747929,0.8816648191978792,0.8926274025516063,0.8972139459806815,0.8858668914446235,0.8898156126141085,0.8987970418076187,0.6307262040445162,0.6528090037817416,0.624127428542573
2021-02-18,0.9421387218248319,0.8823182288496288,0.8966607741199847,0.8977979289431579,0.8839589432705423,0.8856595302160561,0.8990447988778508,0.6306558432562182,0.6521216232689956,0.6272986296307559
2021-02-19,0.9407862623124814,0.8825296874770329,0.8994316408731219,0.8977541666719391,0.8831200574912905,0.8859682242100473,0.8978341520661917,0.6310565308677821,0.6475400541666259,0.6316255289555623
2021-02-22,0.9412521554672598,0.879383013017282,0.8919899264738563,0.9025018290390042,0.877799912277192,0.883495608216343,0.8912966037879203,0.6110624429376866,0.643711689165159,0.6128506750302237
2021-02-23,0.9334045223591652,0.8743972960920486,0.880778842309144,0.8878955558022272,0.8611620151473732,0.8801231038864844,0.8912003582190369,0.5802691297073886,0.6156231020424517,0.5925855627121317
2021-02-24,0.9395601442185911,0.8789023480761645,0.8768506579502359,0.890642290357792,0.8648974350193193,0.8795072954454413,0.8939321392338604,0.5907813721288815,0.6234578738886106,0.6015518246514245
2021-02-25,0.9412701387191166,0.8832924432686342,0.8766977961012773,0.8933730508192428,0.8727803921686031,0.879627400689426,0.8954171674293249,0.601813706997219,0.6300350976894092,0.6165752814979212
2021-02-26,0.9422967377519216,0.8819976884533026,0.866422132168565,0.8859114511876816,0.8654371405739696,0.8830715978610677,0.8969484926316738,0.5974499391748358,0.6241440239211978,0.5905408730020272
2021-03-01,0.9428969176827569,0.8885826565170227,0.8680291233087936,0.8882753224831187,0.8676925130589754,0.8867149212262466,0.9023408445994837,0.6056808945069864,0.633668340310049,0.5978482187402261
2021-03-02,0.9445783560067743,0.8822842217845214,0.8611469752419705,0.8708780520607405,0.8555851067131228,0.8842009299522325,0.9016622814122849,0.5973696299960718,0.6289127290952422,0.5892138553650684
2021-03-03,0.9477853163684601,0.8843269570958309,0.8605965750336231,0.8701066528653177,0.8573577234294535,0.8793590234823224,0.8991689946936259,0.6104914917561669,0.6381756470463515,0.5660356599938074
2021-03-04,0.9308583825906642,0.8847299716102305,0.8490439741795125,0.8618656303880496,0.8582065405626615,0.8822957653885678,0.8851866055603561,0.6032970586908569,0.6356780611354459,0.5887517458423438
2021-03-05,0.9285026749320389,0.8843489186502681,0.8493575053133682,0.8562779172379027,0.8575379544933828,0.8799199164500435,0.8761960690709876,0.5861943305078258,0.6303311619252295,0.5751826825019722
2021-03-08,0.9270371542529859,0.8790478722289999,0.8516974346954831,0.855520374293289,0.8546428457113238,0.8805717711075113,0.872801295330211,0.5893148548031851,0.6261455300017703,0.5802750043198064
2021-03-09,0.9246896083219024,0.8789970216914035,0.8594455526216589,0.8519468950700129,0.8610201981244774,0.8962291398428857,0.8819368610761006,0.5861709368849196,0.6404868196468677,0.5575630846052779
2021-03-10,0.9350610048708634,0.8823663945364043,0.8592022473141575,0.8577736479703012,0.8659593697959803,0.9023662019694942,0.8861287518714159,0.5883753285968149,0.6409894260584966,0.5593745224082974
2021-03-11,0.9366718815136642,0.8794483570887344,0.8583701931796339,0.8539251521582313,0.864306261541002,0.9031290232783431,0.8832145632671698,0.5805234616922749,0.6327588240275176,0.559508619156979
2021-03-12,0.9355034734560208,0.8802820577052821,0.8479939082362766,0.8528094864259739,0.8631235111863628,0.9021792076853713,0.8828276269052019,0.570797422422288,0.6239203333755271,0.5428607613719554
2021-03-15,0.9359199641431523,0.8836777470612966,0.8546159855743927,0.8583075760419907,0.8646072475565433,0.9020170896506589,0.8827181278862908,0.5709970033855436,0.6242512518138981,0.5255609110577198
2021-03-16,0.9329960953104954,0.8856414850300709,0.8673521950328622,0.8560556169213929,0.8672822701189011,0.903686631839743,0.8811772121145618,0.5814748749102359,0.6216863354709969,0.5143191860016905
2021-03-17,0.9375092983555897,0.8852186683665791,0.8670018643058507,0.8552888904597828,0.874340797521526,0.9066452283301061,0.8813390200577323,0.5833714823228995,0.6220384125619867,0.5164445216563843
2021-03-18,0.9370926961990403,0.8834859168064572,0.875561877945519,0.841632134853149,0.8664457107454235,0.9033844678127848,0.8742469705815324,0.5607923465471897,0.5908757248507986,0.5133436027708809
2021-03-19,0.9336089897638891,0.8677591250113676,0.8743719216173107,0.8392487873232138,0.8569755070416862,0.89823913423397,0.8761814480868121,0.6162240801879313,0.6320666689067734,0.5400009549105583
2021-03-22,0.9327510621327906,0.8676059546387686,0.8732527563487789,0.8365714482812984,0.8484024041245355,0.8937392455459179,0.876682775161148,0.6012038074666658,0.6232392552625474,0.5327144577644004
2021-03-23,0.9307428860823507,0.8696115366954766,0.8738483171840581,0.8356682050052882,0.8388626696829933,0.8908114355680687,0.8775022744106956,0.6005568505626441,0.6293312255616723,0.5428655936698755
2021-03-24,0.9287371907648573,0.8649849575908309,0.8725512352652123,0.8352487498927216,0.8383859968204216,0.8816184389486983,0.8750431070624269,0.6026885453486444,0.6247785373262874,0.5435341611874754
2021-03-25,0.9288510791835078,0.8681648847430469,0.8727307352010172,0.8351910588150678,0.8399729513774846,0.8801126510057512,0.871490332302401,0.6054904573746724,0.6312020312522711,0.5457753240844396
2021-03-26,0.928874899428081,0.8662740216645172,0.8749115848498489,0.8184957243947658,0.8300698595349223,0.8588572248011158,0.8401616944831763,0.6055926712199833,0.6293400438826403,0.5105896558823512
2021-03-29,0.9282703983282229,0.8595009199289046,0.8755288794071335,0.8172345894567876,0.8349010693907358,0.8565345133010281,0.8418514733582583,0.610072154312382,0.635262986146195,0.49966726127606703
2021-03-30,0.9289514057942607,0.8606512170864943,0.8757633122956204,0.8183431556827138,0.8354132241325569,0.8558225564766804,0.8434859656875958,0.6086296675325662,0.6342313086707367,0.4846503350653732
2021-03-31,0.9270211947234575,0.86431080895926,0.8772677605447552,0.8196036301247464,0.84040819293365,0.864612331101028,0.8484354824942375,0.6072653647424137,0.6332525873581465,0.4727149444142081
2021-04-01,0.9259365747444349,0.8619100849072461,0.872071160206381,0.8202902600242709,0.8433514530482854,0.86857773903511,0.8471832394398461,0.6082673730328266,0.6380530180122715,0.47281155358250687
2021-04-05,0.9144623859518604,0.8364870867914216,0.8737228980541247,0.7858148697800456,0.8166434040079855,0.8400588036495306,0.8128070545685308,0.5819683475418721,0.6155595553571034,0.4251506516857143
2021-04-06,0.9195111363421488,0.834526236558355,0.8733051562646467,0.7730096784718831,0.8041371372525604,0.828725224102528,0.8029870254015596,0.6256063150992343,0.6332968013147194,0.40930677601806803
2021-04-07,0.9206135800692921,0.8375794683950465,0.8728868452072057,0.7784088690565087,0.7969310056605479,0.8194485334873157,0.800322563408358,0.6235367514972467,0.6353817370341436,0.40736148956812884
2021-04-08,0.9167778593089941,0.8381337258982899,0.8805009882066543,0.7600015222650705,0.79055158711599,0.8135936650595799,0.7833231296141981,0.6363279140406665,0.6453478506609931,0.4102955803345629
2021-04-09,0.9157006542198389,0.8626491643078078,0.8789884029358862,0.7691634027893043,0.8021818880348838,0.8089463026246658,0.7808344066348518,0.6400805209171962,0.6483220870862868,0.4178712307141689
2021-04-12,0.9169227932024424,0.8610029399350362,0.8811924655476875,0.768286742406377,0.8025898476125031,0.8079716175189008,0.7828974692110874,0.6408547251755093,0.6513718853721097,0.41838479069890555
2021-04-13,0.919372215061378,0.8603897408972656,0.8782280032923414,0.7657602895264468,0.8031917192409489,0.8123924864881771,0.7835647191653995,0.6440390556839738,0.653735663667397,0.489611177155611
2021-04-14,0.8810469921748558,0.859558827111174,0.8698523503901222,0.765000114430729,0.7585890428003274,0.7456859128475332,0.7742835774861232,0.6176971466498552,0.6511393149843603,0.47092345875556096
2021-04-15,0.8436340945915746,0.8688755925665113,0.8704312084730791,0.744312143583107,0.7572125437788064,0.7517234557057805,0.7378246129262217,0.6493756111682482,0.6620569037482139,0.46666951426977127
2021-04-16,0.8415637704226889,0.8346970870969919,0.8702792058850622,0.7157294324650819,0.7325836197315089,0.7478141344030909,0.7346894384632173,0.6780235471229102,0.6838593557731935,0.47459778435702493
2021-04-19,0.840256371542173,0.8275539129224945,0.8653550429914202,0.7128117575343693,0.7192748017414062,0.7460877226036611,0.7363819879068219,0.6762421800269952,0.6791621151130088,0.4685113401925321
2021-04-20,0.847624412077396,0.8404383520069687,0.8701077012256754,0.7287900782435025,0.7338226208929842,0.7622017622199787,0.7538836230309518,0.6860107884822825,0.6894551113307124,0.4681814010655231
2021-04-21,0.8455005892953559,0.831191446137296,0.86942329105807,0.7270087968702748,0.7260292884212858,0.7581434245796108,0.7514199372426806,0.6842246904183039,0.6926353735003941,0.45494843992883566
2021-04-22,0.8424552378455129,0.8337518409916606,0.8672491990577551,0.7276936876941491,0.7269974918230525,0.7613157423938448,0.7531314053493278,0.6957317768062607,0.7071986061924068,0.46359207562812854
2021-04-23,0.8312519337604489,0.8259610792265504,0.8659375197946435,0.7054505480087683,0.710053813139178,0.7486758228034043,0.7370316374572826,0.6388260033116162,0.6579227153238931,0.43206891394919167
2021-04-26,0.8299720484252527,0.8290074004462514,0.8655943029245897,0.7024795350044023,0.7052201778686973,0.7513094392826564,0.7373045982735975,0.6055459884294577,0.6385144194211028,0.420188162260746
2021-04-27,0.8276137951764237,0.8285004417947842,0.8708090577706538,0.6856483439605576,0.7020428803167298,0.7465314033843083,0.7309132989677558,0.5955347651139539,0.6188336981099121,0.3774077317905367
2021-04-28,0.8264073468730193,0.8274470165403437,0.8795494799474203,0.6838137390429123,0.7018943621822922,0.7456619911758815,0.7303510828414806,0.5959878559658279,0.6160968992791978,0.37044974452279117
2021-04-29,0.820050939790821,0.807119325505583,0.8799886104845426,0.6633656874009217,0.6788651639631311,0.7254582598213736,0.7121453376236174,0.5765813032910319,0.5983938917763244,0.33872311146076506
2021-04-30,0.8208578699881247,0.8134462609016817,0.881349261082058,0.6812656574014683,0.6926501545178254,0.7306243749373239,0.7203263147322216,0.5883663225424234,0.6127972648344363,0.3445432124517008
2021-05-03,0.8134546154910305,0.8091373948240442,0.8907265386226694,0.6704770342013215,0.6822442004281263,0.7237760648029765,0.7141089619192879,0.5633837947420963,0.5910418851199021,0.33368436854078604
2021-05-04,0.8130431970307967,0.8152025573972198,0.9076866695562336,0.6791025627288559,0.6841649350076304,0.7141689919585101,0.7103380893127742,0.5578954137444481,0.5934242649937619,0.3436954632678274
2021-05-05,0.808771545786414,0.8196175257783471,0.9102577113787582,0.6730050084211293,0.6851674207564517,0.712135977672781,0.7001148752134371,0.5567199260876912,0.5908633745938945,0.3620825452661471
2021-05-06,0.8081893440857673,0.8254154417119062,0.9080834001449457,0.6751992637537675,0.695916156057039,0.7209785357232102,0.7028305748467565,0.5455381793558236,0.5856284151656399,0.38002979870074477
2021-05-07,0.8080786960786649,0.8296616622928344,0.9097165587341242,0.6739680577404589,0.6951943021355949,0.7229736860454623,0.7047855407763565,0.547261608401638,0.5872397469207926,0.3821845046094379
2021-05-10,0.8073293234350504,0.8290092174256863,0.9148570306052468,0.6732684372975453,0.6911485024953463,0.7216341790097962,0.7047959289959091,0.5473080139427111,0.588054846751974,0.39552981703202517
2021-05-11,0.8088152791793767,0.8324417092396598,0.9202200032459467,0.6774613559674996,0.6980939775829637,0.7301499192072638,0.7073884650423187,0.5646131360372854,0.5949741980744417,0.4133018098524687
2021-05-12,0.8025662880641049,0.8325996210284987,0.9189619007856481,0.6744147654035044,0.69398938985282,0.726669639290926,0.7051566111642877,0.5732231258215597,0.6038390763341048,0.424799788040863
2021-05-13,0.8011205095731502,0.8365318707958546,0.9251650087651793,0.6802255548141255,0.6976720143396076,0.7244145365105431,0.7076361800074933,0.5815775867872273,0.6145727061610983,0.4270485920062208
2021-05-14,0.8056446400916627,0.8421955879526541,0.926057533226066,0.6767980069650525,0.7069527164026077,0.7342361576023688,0.7036313666520201,0.5892954467045174,0.6171255426836281,0.4392736142256432
2021-05-17,0.8070086721813304,0.838956488531724,0.925427677819251,0.6763986683788227,0.7033797548033169,0.7290517305806151,0.7021937656436952,0.5782492989401763,0.6149810374885459,0.4291419675551726
2021-05-18,0.8102012558458169,0.8464011663342208,0.925648211178677,0.6768692618427856,0.7064563303032179,0.735145378755731,0.7109159371138768,0.5860281995536889,0.6150197903810516,0.45760354758636296
2021-05-19,0.8102447030732646,0.8481736283287019,0.9266789593277813,0.6800027657167536,0.7105730481865322,0.7362442401727191,0.7098548479861873,0.5853277013176614,0.6146114673247781,0.4592736378108785
2021-05-20,0.8052064936919124,0.8396411986895849,0.9253094279727091,0.6658106981127968,0.7006969774462807,0.7291747498495841,0.697300674543146,0.5736447872717858,0.6016663348132457,0.45397028557253344
2021-05-21,0.8032891246790105,0.8427651469088334,0.9248404618643411,0.6620010807646226,0.6974139694799889,0.7299371523156027,0.696917582289481,0.5644937213602601,0.5947824344160583,0.44559818850287003
2021-05-24,0.7853309849202333,0.8354887539653252,0.9221643513047775,0.6472494673941201,0.6851037876308501,0.7123212502255957,0.6754677185367293,0.5545801825705118,0.58731404193085,0.45118826363936415
2021-05-25,0.7781564550620793,0.8287734014416616,0.9242620634460859,0.6319953093941713,0.6737458600251415,0.7004820306954794,0.6565912467296462,0.5378430326588346,0.5682713425806949,0.41587290315495146
2021-05-26,0.7780440383900404,0.8366474906455011,0.9253689472499768,0.6552648561040321,0.6887750924748368,0.6998909400117292,0.6583469998629706,0.5388922337863022,0.5716883052036731,0.4320527447982463
2021-05-27,0.7713187304218994,0.836681073858777,0.9254437034482281,0.6517487575715393,0.6853339754770539,0.7014460855384586,0.6602517344542534,0.5232116783095208,0.556343978797074,0.46964765130449593
2021-05-28,0.7910817318592717,0.834728673502101,0.93859355402105,0.6568147069550679,0.6785944320160369,0.6921060119906942,0.672650430799682,0.5290210683461692,0.5561590273274971,0.4567967098895556
2021-06-01,0.7951869756014104,0.8299341947510462,0.938769064268532,0.6661611107033506,0.6822508116317346,0.6954303064236553,0.6837340324391898,0.5528358326027156,0.5605848705816465,0.47430022998984017
2021-06-02,0.7980537451847897,0.8395670168480837,0.9397885126873562,0.6649135555541715,0.6854035579265375,0.6899170923400257,0.6884915523210339,0.5442743129611144,0.563716797632714,0.47778721749478104
2021-06-03,0.7983833544475547,0.839672433879667,0.9422556586095026,0.6730634157218408,0.6840791101289937,0.682402192034452,0.6863772209921976,0.5479239689234111,0.5296290099716295,0.5101920295667798
2021-06-04,0.7877309915464343,0.8324551974129718,0.9427578805083024,0.6545647217436962,0.6691819130024342,0.6637408176778914,0.6619703269428704,0.543379785574804,0.5253735514937371,0.5106082467818861
2021-06-07,0.7876957825725991,0.8339271088505741,0.94385265976592,0.6571076028461661,0.6724015091349663,0.665884685413184,0.6635136952530373,0.5448934253162462,0.5263388656168675,0.5170420945002708
2021-06-08,0.785321473716272,0.8332548505027081,0.9441368804667827,0.6544769335221713,0.6699130178937656,0.6615494264812507,0.6570578589261933,0.5432497437180948,0.52527192089919,0.5366398289239649
2021-06-09,0.7889841539844784,0.8322889980578043,0.93970120006306,0.6493275914521428,0.665025870475542,0.6607420787311089,0.6559063233730772,0.5511375031428851,0.533279599833144,0.5322631092909942
2021-06-10,0.7968696687682872,0.8265015426858634,0.9371330336377568,0.6555193422305862,0.6628667675691341,0.6673683685851904,0.6676598721151665,0.5491515384671222,0.5505999725582621,0.5459293267061407
2021-06-11,0.7955488984449471,0.8243688116361427,0.9366182852183418,0.6542072682499004,0.6583104859967167,0.6612326067892771,0.6654421521041246,0.540360725990737,0.5472808908930943,0.5435911201313678
2021-06-14,0.7927677406178211,0.8299708194890097,0.9290452899897764,0.6801610023661585,0.6766279781889354,0.6687512302354135,0.6756409326736972,0.5865384270203958,0.6143461114952504,0.5498485302786589
2021-06-15,0.7798705453403272,0.8272768867222524,0.9285489505494348,0.6758203938913774,0.6644334899448624,0.6620628950874958,0.6706578496508825,0.5424460412184124,0.6024509978376441,0.5597940830913426
2021-06-16,0.7645844746535346,0.8235172705439726,0.92819883267474,0.6713872704084296,0.6625169276678533,0.651495000081611,0.6603908903211642,0.5290968036687926,0.5919209617355552,0.5501470527672874
2021-06-17,0.7892201984660706,0.8272466615786663,0.9318606414347717,0.6944966067689193,0.6985278980357811,0.673265435928434,0.6702184311727011,0.5464645095793398,0.581596797136817,0.5001748563471238
2021-06-18,0.8061846203955407,0.8517964736694673,0.9309207052088527,0.7168690538954696,0.7250403610483762,0.712620348131779,0.6967049559409654,0.5755137445303011,0.6175729248288224,0.5656986583989025
2021-06-21,0.8090262604803068,0.8560726643683243,0.9366282683840557,0.7264011018723108,0.7316282022221617,0.7239323558392621,0.7142871083593451,0.5808925823726855,0.6251673124499899,0.5790995270067136
2021-06-22,0.801369160829795,0.857800546968276,0.9299678126790819,0.7510268981140547,0.7471469856909457,0.7550130127445698,0.7601413276818728,0.5781538436127696,0.6235465917359193,0.6292242907970765
2021-06-23,0.800381091321735,0.8662566998648289,0.9286616608217769,0.7512753754511565,0.7380542453616534,0.7577964976953221,0.7599076304317228,0.5726472056805729,0.6204689315133948,0.643001493354704
2021-06-24,0.7989348545082506,0.8649393423145485,0.9272372818977642,0.7505699545773984,0.7370104847864254,0.7556061287023039,0.7594688769580615,0.5757466516897298,0.625881255994304,0.6666076314145376
2021-06-25,0.8004845385931528,0.854739256833071,0.9269678353578669,0.7529399682218482,0.7331927800053333,0.7438434716003062,0.7445564344080462,0.5674851842481194,0.620485414606297,0.6838190150878725
2021-06-28,0.7987177668713331,0.8540300298379094,0.9349778797893108,0.7575718004018265,0.729307289453702,0.7470965226122429,0.7571100282376682,0.5323176944454132,0.5878929884346388,0.6807536601913864
2021-06-29,0.7901451843132403,0.846202896104165,0.933971063486952,0.6913596368787821,0.7074301811746141,0.7586376722406066,0.7505996742998468,0.5304369612444302,0.585621679586519,0.6609241078532831
2021-06-30,0.7916642095302346,0.8448951650094729,0.9340911334611636,0.6989582415891458,0.7212019835164081,0.7709266071514846,0.7560170064091295,0.5318546278472203,0.5863234791474659,0.6674095831781094
2021-07-01,0.7926683129622435,0.8370316680790705,0.9294061677492907,0.7023791662411267,0.7322948388640359,0.7642686999651744,0.7459742650528212,0.5372538372071953,0.5875001289156376,0.6706695457552773
2021-07-02,0.7943530890836188,0.8353831633683613,0.928724395436345,0.7155054243535467,0.7347744979854212,0.7670465853198561,0.7615487087281256,0.5356877980412034,0.5774131651079986,0.655631182862393
2021-07-06,0.800672755668869,0.8390163535148502,0.9295107869093187,0.7255688399429102,0.7431055432276598,0.775181111924565,0.7654589442460711,0.5198253461279807,0.5501794689320455,0.6504893319596646
2021-07-07,0.7980162910571129,0.8415994312226751,0.9294613489327104,0.7284488522535321,0.7427183478983096,0.7728110567749044,0.7665610174239338,0.5194722473549898,0.5448008609081756,0.6455984951526177
2021-07-08,0.8019703252884248,0.8486190075475679,0.9295363955288649,0.7410477393875546,0.7506702023577717,0.7777770868001759,0.7738050597713713,0.5304193355996571,0.5574209738926197,0.6649392968654987
2021-07-09,0.8634081780030163,0.855479331203655,0.9291102459164716,0.7518863759642969,0.802588538053627,0.8580822563728528,0.7874220717588812,0.5836796996178654,0.580052675718168,0.6910782611261512
2021-07-12,0.9112168790395548,0.8626211700520112,0.9284536508476778,0.7780490553924078,0.8087825690488466,0.8603355725444807,0.8353948887458073,0.5847094374883707,0.6141575242688894,0.7132107280359526
2021-07-13,0.9130712623934119,0.898772121243213,0.9283748431955772,0.8075932009135527,0.8361104938954071,0.8612722671180739,0.8359977436311176,0.5856873082217355,0.6139927898898424,0.7068602989666003
2021-07-14,0.899602719522487,0.9043003391663403,0.9315173151289308,0.8087281945224941,0.8480775909985994,0.8626692729824038,0.8251203738454487,0.585212279764787,0.6089862264440715,0.7023567123227461
2021-07-15,0.893483528351582,0.8952591420176076,0.9298138726699241,0.7952329611620487,0.8387859922952218,0.8531942213410278,0.8125936598193314,0.560958819120283,0.5848655852209927,0.7102670147181241
2021-07-16,0.8989403042913241,0.9004506449761757,0.932551634500617,0.7947836228316023,0.842311557534278,0.8592534687187283,0.8210136166509856,0.5750622735094074,0.5940510420391424,0.7125472346192984
2021-07-19,0.9078642780541646,0.9022844166026711,0.9350412663492396,0.8016517053599624,0.8437714693027799,0.8670395725017426,0.8295590225227566,0.6348610311238719,0.6203398730144325,0.7184981177074812
2021-07-20,0.9076764150831529,0.9036342521492436,0.9350265713699071,0.8010669269676424,0.8434859675137099,0.8668408362286628,0.8294111875655078,0.7038426971007109,0.6904297311531753,0.7263572087058975
2021-07-21,0.9109555849787976,0.9059841100286405,0.9376874952667728,0.8068144963357801,0.8496662740744843,0.8729863691797914,0.8344152756590735,0.7438476365650422,0.7198313188112897,0.7079473504877185
2021-07-22,0.9134042962806823,0.9066831070645769,0.9375747029532012,0.8074922887760572,0.8466293319260484,0.8693837022503274,0.8320848525898095,0.7483496228625379,0.7287815054662219,0.7024466709259598
2021-07-23,0.9130189610206733,0.900144933642878,0.9350410507870619,0.807113777125825,0.8434392839424782,0.8691543329001236,0.8298445787475998,0.7421427476893597,0.7201204183150078,0.7024744209949637
2021-07-26,0.9101895396007907,0.8938800171929024,0.9364713052662861,0.8125544979249887,0.8426519221141804,0.8694074765115669,0.8313616093284601,0.7345042875699669,0.7102445936343491,0.6944111145743413
2021-07-27,0.9096638135895184,0.8924825155214763,0.9338999673401822,0.8101091832557858,0.8415892785526491,0.868386392198948,0.829279274501261,0.7324780724356015,0.7072807150177213,0.6896093984938451
2021-07-28,0.910271101263917,0.8938229338952017,0.9315562791543706,0.8068197416051168,0.8392621058044196,0.8691454225155529,0.8273298618527064,0.7234177971590625,0.690856526103932,0.6927923335921137
2021-07-29,0.9094757227143748,0.8942248343743515,0.9317295620380316,0.8101621964898301,0.8475916513423433,0.879915060988322,0.8328257325163845,0.7361724601421611,0.7002423552028967,0.6982913792853475
2021-07-30,0.9094666820431924,0.8915698304375971,0.923268987276756,0.8095117987686135,0.8448378125383519,0.8785277324597848,0.8335817359722233,0.7353826129135838,0.6992476299536566,0.6915462258893487
2021-08-02,0.907859360610378,0.8858821867169747,0.9248818698460172,0.8025201410341234,0.8378721212822927,0.8693536046016446,0.8201847244426889,0.7477145531985664,0.7060073771536085,0.6805915332172001
2021-08-03,0.9090002130768738,0.8856141016164313,0.9250597889104104,0.7956825330476086,0.8334143152632093,0.8686546150125637,0.8174227217414447,0.7397593511250535,0.6946509995837646,0.6785550263756303
2021-08-04,0.9086159848034759,0.8873675793371503,0.9282819938673459,0.8008720318090543,0.8404793366553563,0.8704393104085975,0.8184477137951466,0.7411450899287503,0.6954654620351327,0.6707656106875994
2021-08-05,0.9107494787797041,0.8858115249820435,0.9248201692526955,0.8024530603055817,0.8384777327767092,0.8695750013382598,0.8248335050474086,0.7349114154721955,0.6976910140121885,0.6644932378204894
2021-08-06,0.9158231966970731,0.8786869799565071,0.924853596766851,0.8037122629388602,0.8371608764458359,0.8804997362804198,0.8361320043051543,0.7254798483302046,0.6914879271551916,0.6571806493975438
2021-08-09,0.9121002916910069,0.8774772156607772,0.924771036882536,0.8023119991432153,0.8421142234677697,0.8889300858286754,0.8326733843777953,0.7284804450085082,0.6784672602549296,0.6549636667626205
2021-08-10,0.9130350067718505,0.8711946394106452,0.923461563152087,0.8029444278443278,0.8391303485241717,0.8884405301498102,0.837704507302868,0.7031897560967897,0.6506332706648922,0.6433567815199858
2021-08-11,0.9142419936288955,0.8738583855065305,0.9234939798113869,0.8050057955756584,0.841199969329534,0.8907426524201114,0.8422375200338227,0.7054626704249246,0.655863408066342,0.6507716243929487
2021-08-12,0.9133625884615043,0.8713666641701795,0.9200658751066803,0.8025603840241119,0.8385499092692184,0.8884236768975072,0.8395997856180644,0.6891626293272098,0.6401758678266022,0.6446817616354593
2021-08-13,0.9147444264200383,0.8709070980732811,0.9182818290277464,0.8057607769447207,0.8390374331847069,0.8917102014050787,0.8469912484826684,0.6939151921500722,0.6445687471246289,0.6455285599715886
2021-08-16,0.9150821811547195,0.871013718186469,0.9199443662688449,0.8066114831867068,0.8397527520593666,0.8926176129851109,0.8481797809921838,0.6951490899479116,0.6459562519172721,0.6405103415995437
2021-08-17,0.9115697831498267,0.8695262263404469,0.91995955233011,0.8037881095213709,0.8391016512315365,0.8918278819763978,0.845802692850841,0.6951410581871356,0.6444603755778813,0.6346970691782892
2021-08-18,0.9114130631500884,0.8741485892756322,0.9197112644616877,0.8020428664810725,0.8391474985909936,0.8916713909998222,0.8437203716572536,0.6963116742923737,0.6438509884448242,0.6339531232967862
2021-08-19,0.910627681782282,0.874982222699462,0.9220357171205511,0.8030855375901174,0.8374782574092029,0.890699177225356,0.8443036514028603,0.6970137527351773,0.6503993902266384,0.629650576971227
2021-08-20,0.9107423727783168,0.8751704830880657,0.9238762147507683,0.8035136792164453,0.8377475079607248,0.8919023445479447,0.8452622738391886,0.6975752143627619,0.6509585472104776,0.6305641250850429
2021-08-23,0.9118307662245079,0.8759012378216658,0.9264203576323602,0.8048770909532665,0.8412136696850855,0.8946282976759954,0.8461119170150518,0.6961270047619199,0.6487719361603409,0.6370297193046763
2021-08-24,0.9117162648172568,0.8741322967708277,0.9299442338893192,0.8067910198567114,0.8424906835979125,0.8940143517166146,0.8499270064433933,0.6968246378644871,0.6493880389305017,0.6368997062845577
2021-08-25,0.9108103028001454,0.8799683768607999,0.9248268239084882,0.8046995944291586,0.8346701852604418,0.8914542106006382,0.8526701270813016,0.7075079338576066,0.6517386542892128,0.642188358376931
2021-08-26,0.9082992420437977,0.880341134951393,0.92628953802366,0.8051568226727032,0.8314369616961486,0.8885614886612326,0.8527298868414486,0.7040608225734131,0.6518885277690841,0.6425898551134386
2021-08-27,0.9122120516551168,0.8834956334508859,0.9298216327297756,0.807699811310952,0.8327809914008542,0.8923022577741042,0.8521226517897409,0.70563146382478,0.6565651412672048,0.6500378612206993
2021-08-30,0.9143067408276456,0.8851851114454076,0.9285269984953153,0.8111941852259527,0.8355312146160856,0.8945691008388323,0.855577802754093,0.7135100155234583,0.6669166025109637,0.6523509010223841
2021-08-31,0.9133176232884377,0.884319668153586,0.9277543596482181,0.8121959691506379,0.835134430947411,0.8935057512822392,0.8567203224747761,0.7117827433405721,0.6681714950275643,0.6504761128722881
2021-09-01,0.9092294587254985,0.8840911684140487,0.9285432749339246,0.8099333164511855,0.8349242502064684,0.8943979542472004,0.8532125833248565,0.7121428004697163,0.672540310135738,0.6505777482187883
2021-09-02,0.9077560856537763,0.8840814908642747,0.9399679951105746,0.8115812546090815,0.8376850549484814,0.8948339988540872,0.8533882586871243,0.6964557259417342,0.6622886845329253,0.654913162202552
2021-09-03,0.9045011346787146,0.8868877211326452,0.9404403187207304,0.8070164275029846,0.8364860036849842,0.893373276109505,0.8499812838602206,0.693537337242266,0.6511508570118156,0.6556583907831853
2021-09-07,0.9028792062009794,0.8887184124431727,0.940757466791328,0.8043460988707138,0.8367407325431376,0.8967622186522473,0.8468593603890109,0.6984681240390334,0.6522153237936585,0.6564405170887738
2021-09-08,0.90240791807338,0.8861803251354627,0.940972330593708,0.8032406433616055,0.8335309807995832,0.8928048013059835,0.8472844757815496,0.7039095033813016,0.6523765823746009,0.6558760785359871
2021-09-09,0.9144720415078839,0.8861739336116589,0.9404989003794956,0.8032711450079422,0.8398804402602188,0.8950986867908127,0.847453323431655,0.7387534695917686,0.657234314475857,0.6569093620030102
2021-09-10,0.9156190347174165,0.8869746214647005,0.9405961157119598,0.8009962223164985,0.8385953129866428,0.8959594599951611,0.8465725653362194,0.7454425421270112,0.6614646312609951,0.6662189058649048
2021-09-13,0.9098125250048958,0.8793922470813929,0.940845994672293,0.7738097413830404,0.8179717527374007,0.8906086482803275,0.8415557418867615,0.7525144963219379,0.6718888779178241,0.696218077290077
2021-09-14,0.9085256067913517,0.8637805114102284,0.9459268350140594,0.7810404179089546,0.8132575380018247,0.8841031609448973,0.8368018778584662,0.7417391912847228,0.6585351859723182,0.6639163186445957
2021-09-15,0.9065019867053866,0.8507809390293356,0.9422812685113464,0.7744378270182671,0.8086450080797515,0.8735144968290929,0.8224183630997066,0.7418211570189341,0.6413266091989297,0.6531546086384133
2021-09-16,0.9059711208719659,0.8513717729541003,0.9493259356221849,0.7695491076261823,0.8071667166766477,0.8666612206110239,0.805133331394697,0.7385167142637059,0.6447040113284089,0.6558262956399621
2021-09-17,0.9047855163739447,0.8557177133544713,0.951460681548852,0.7666694809775007,0.8082715433499672,0.8624969910673406,0.7958135506437257,0.7325140885592002,0.6426023422341797,0.6596194220234132
2021-09-20,0.9129931655915242,0.8694511487512387,0.9532472591716069,0.7843416462388526,0.8246439206764725,0.8776624345387624,0.8105607543401577,0.7383396835760255,0.6515606605790482,0.6812946510394463
2021-09-21,0.9135547952420902,0.876136996147073,0.9532178805275965,0.7796034354834709,0.8216563923991448,0.8809774671115199,0.8206908859038617,0.7281390164615552,0.6443708189535445,0.6784415750661942
2021-09-22,0.9169176718762251,0.8844135670444732,0.9572083234910844,0.791862752095727,0.8333028677671046,0.8857093604139024,0.8291144974078679,0.765612498487403,0.6800068650951304,0.6860106654771081
2021-09-23,0.9302931971571727,0.8978740574059569,0.9589970397675001,0.8740136002598053,0.875839717611816,0.8808464400594442,0.8447994051016616,0.7863237760968194,0.7097242100120515,0.7447883669815025
2021-09-24,0.9304786975844651,0.8980463971434013,0.9588664086419348,0.8618971296070173,0.8605705535155345,0.8742293122985653,0.841192455670652,0.7883884017937608,0.7114442358542912,0.7453475152459541
2021-09-27,0.93344219473542,0.9081438603087691,0.9647766056597963,0.8666806014944733,0.8665744853696452,0.8966848509928006,0.8597075765006417,0.7770245760699164,0.7039682672117507,0.7365605466022381
2021-09-28,0.9346188691410057,0.913021246583427,0.9638778226685167,0.8424007258398527,0.8490912729956915,0.8849961918578174,0.8430981503123415,0.7772998872149887,0.7066015613631145,0.7542814874473642
2021-09-29,0.933392182769181,0.910073880536924,0.9632032289013428,0.8203906906127086,0.826869281706946,0.8815457107690664,0.8427654852908952,0.7967346064903225,0.7354066073031912,0.7552825769308522
2021-09-30,0.9370220181468247,0.9120491327140369,0.9634523117705259,0.8229139625877532,0.8303805007345239,0.8853057159437943,0.8449719283624462,0.8028801412492322,0.7490382931660892,0.7708060616070634
2021-10-01,0.9339630508234048,0.9040972685713299,0.9654422865187895,0.8163596045979621,0.8281812790585343,0.873206237455676,0.836507751476123,0.8018705092398162,0.7345619482159178,0.7549692579129149
2021-10-04,0.927830390152814,0.9002420404813362,0.9632504226912646,0.7842628476273086,0.8071558771020585,0.8563144882985181,0.8104842056283379,0.7918799397695526,0.716738636744031,0.7466565640614939
2021-10-05,0.9285220579796578,0.8960890114312937,0.95838682954061,0.7891601567619726,0.809701048203996,0.8543276663790381,0.8125333681959152,0.7928361345828357,0.7177948213304308,0.7453060069786639
2021-10-06,0.9264814316435139,0.9033540674302083,0.9573086497801994,0.8074603546874097,0.8252284717517695,0.8522836958492411,0.8093363954605709,0.7940965118279543,0.7205230229932865,0.749774923926568
2021-10-07,0.9383211665572381,0.8999433674311803,0.9554849739458879,0.8139166291367956,0.821816793579873,0.8523319832008646,0.8186598255863372,0.7952615337077986,0.7349263729419147,0.7574268936675397
2021-10-08,0.9383089439681936,0.8995971992730976,0.9566405639074561,0.8125959056337172,0.8171545815495684,0.8518514521040249,0.8185701368734605,0.7943512356553357,0.7357685958369721,0.7565478971727122
2021-10-11,0.9327967863511949,0.9012919770455083,0.9551527506910229,0.8105672524762327,0.8252109817009083,0.8497267233546555,0.8132340544319487,0.7875117628550821,0.7324135712968268,0.7459092619905073
2021-10-12,0.9305609746220267,0.898525592823559,0.9514006810544654,0.797951243576967,0.8166015375233215,0.8325826724860255,0.7961407311514456,0.7458895320807202,0.701177105087453,0.7365126958177167
2021-10-13,0.91541024928425,0.8890632515399043,0.9494871106567764,0.7811300516283294,0.7589857270416743,0.7972413937187657,0.7876049638181599,0.7626882882990149,0.6884773821609259,0.6744595741232765
2021-10-14,0.894762889568594,0.8837684448450362,0.9476168510441606,0.7867676367528916,0.7542538606849892,0.791361292397794,0.7643410217988584,0.7587495535158857,0.6787176160230598,0.7113568040438731
2021-10-15,0.8960214869765852,0.8615732313713657,0.9472243165845586,0.7895184587718145,0.7603937798264129,0.7981199477535507,0.7795180729983142,0.7659097198101203,0.6908392260952526,0.7234837921279863
2021-10-18,0.8966878302005165,0.8445610282679912,0.9472522832959637,0.7880189616509035,0.7606157586419056,0.7867783764046559,0.7673459646408028,0.7733071519909992,0.7040533795221465,0.7315273129003829
2021-10-19,0.8924208203920314,0.8514893284933168,0.9446805393679383,0.7904618570588946,0.7629880589624914,0.7765033384361201,0.7661986323012584,0.7740060624873333,0.708243156866302,0.7393298633869871
2021-10-20,0.8931492892295351,0.8533719848213309,0.9432289935298587,0.7751327349947487,0.741174947169116,0.7545471414454042,0.7502271363180335,0.777558319282231,0.7128132942637442,0.7382032191084459
2021-10-21,0.8938089806859254,0.8532408133430662,0.9441833362564755,0.7763909930334867,0.7417268778539056,0.752839281888903,0.7497016753050822,0.7884521322789151,0.723758254519577,0.7374454351794296
2021-10-22,0.8947195440368537,0.8550910255861701,0.9437891957286795,0.7775909138424459,0.7441718631827486,0.7553534126792589,0.7516609553989103,0.7603079724318307,0.6974895107129004,0.7396320713661443
2021-10-25,0.8935974866099942,0.8553374711897024,0.9466883420844243,0.7776438272010038,0.7428041676960778,0.752198303674501,0.7494782032018156,0.7545257534675399,0.6879846684739502,0.735646598415655
2021-10-26,0.8937055656434508,0.8540814281104858,0.9348513863619267,0.7842229926432176,0.739648882410542,0.7584131373544778,0.7649923177372381,0.7514457870609019,0.6809024147571083,0.7369562129480346
2021-10-27,0.8971051539130432,0.8573644041873805,0.9365894603973811,0.791406547054464,0.7473793405095921,0.7651541639296362,0.7720812112116688,0.7606556658126099,0.6932552578183718,0.7438485882423492
2021-10-28,0.8974222032140551,0.8577989695279092,0.9322945074035835,0.7941594795292194,0.7523251772183077,0.7648455040495035,0.7718972098235104,0.726257540677971,0.6647951205493275,0.7475773438357401
2021-10-29,0.8964587673742254,0.8535765584362327,0.9289212445625776,0.7894459827329968,0.747586820191785,0.7623758403045645,0.7679120683941422,0.7253709979580403,0.6637367363511156,0.7454516228134498
2021-11-01,0.8911297731689263,0.854558797489077,0.9201033546391675,0.7770759171963668,0.7336930443051575,0.7399469058209025,0.7518470684415478,0.7325614386675416,0.6648999627627665,0.7309682298083783
2021-11-02,0.8960997344490723,0.8521648878454282,0.9212786402117378,0.7732144695651645,0.7388554477553018,0.7371483549634251,0.7407153859865138,0.7300422546686598,0.670300839349026,0.729963527692507
2021-11-03,0.8921663052037379,0.8537372043422091,0.9209303740477697,0.7428615241729603,0.7248527331211099,0.7279857312602439,0.7169950121839789,0.7425630044189533,0.6831360893933983,0.7078638003291154
2021-11-04,0.8926134252927286,0.8585948669100726,0.9217782947699917,0.7540889803265597,0.7269716764367722,0.7309027704954584,0.7273346256892111,0.7353863318710768,0.6679930683896367,0.6847878644970969
2021-11-05,0.8910608500459247,0.8587734644060144,0.9217256562252343,0.7507585182778487,0.7264258844617487,0.7308119565070559,0.7261401454614168,0.7269654034732103,0.6463000607424496,0.6859999558122127
2021-11-08,0.8896277003774131,0.8586204726590929,0.919999846501528,0.7507751918012889,0.726128007781657,0.7283389674384693,0.7236311361930488,0.7224211668997861,0.6411322714690395,0.6843107246840517
2021-11-09,0.8898218381642159,0.8587845237567285,0.9189424012458905,0.7511446664304404,0.7266190302499378,0.728841288987045,0.7241855145879074,0.7215507825866481,0.6399745756899005,0.6873884173648261
2021-11-10,0.8892283696550677,0.8610275368013153,0.9216297869504004,0.7311032905290128,0.718886380652157,0.7231887381861579,0.7089221469901363,0.7189230505274952,0.6394066617474145,0.6903217092903713
2021-11-11,0.8876376559296306,0.8590213744406844,0.9224371846571626,0.7273016433659542,0.7095750538404607,0.7163573751742907,0.7061714574555477,0.715168278959976,0.6351483659821691,0.6877272355025944
2021-11-12,0.8857663720238794,0.8569109867543503,0.914677335505985,0.7010266269215834,0.6965392015190717,0.7071736555968041,0.6863978555552419,0.7098468282713835,0.6190688003519811,0.6960156550402927
2021-11-15,0.8851529181032533,0.856156375590453,0.9045616867118964,0.701902477482142,0.6959380727458369,0.707168250776148,0.6864783354012953,0.7078038583287765,0.6186888064902268,0.6726355593334985
2021-11-16,0.882041585357365,0.8503571959190661,0.8994080798996968,0.6971030879896449,0.6838966932920068,0.7030321229151427,0.683016153941422,0.7136763517997738,0.6179770612922062,0.6640818006665584
2021-11-17,0.8816969471403836,0.8610390202922839,0.9001365044055323,0.6982517150509272,0.6748326800675931,0.6959993454412219,0.6833006985289187,0.7150922746232303,0.6216847604806611,0.6801442772011196
2021-11-18,0.8813405346742449,0.8597525986853563,0.9025114223708711,0.6937468711650986,0.6692021451028519,0.6892094268090613,0.6780369743602621,0.7047231326527654,0.6135436141047771,0.6732225546004004
2021-11-19,0.8871234860670772,0.8602213259211547,0.9022357527150534,0.6914972324961717,0.6714875102828041,0.6931696011879598,0.6795884682082665,0.7133241651097388,0.6208371605719226,0.6747381555940555
2021-11-22,0.8883688908467072,0.8635888492883514,0.9003890374582375,0.6982751964227221,0.684569911223081,0.7053205691645905,0.6871448824826922,0.6623186055190718,0.5866604663025937,0.6607089757438397
2021-11-23,0.8900670519377849,0.8687305488792177,0.9041439947588648,0.7083536317449651,0.696507952014461,0.7156769654702634,0.695976272831119,0.6304397072301361,0.5561556972183672,0.6713652659958486
2021-11-24,0.8868569106379793,0.8660533944025307,0.9055119366641189,0.7072485043400026,0.6998637737322527,0.7210881207049814,0.6880877845747481,0.6303750833914633,0.5577204835025398,0.6749228662498769
2021-11-26,0.9027326051563471,0.8719930252923423,0.910791917867053,0.7355047340219215,0.72239384783572,0.7351316697638468,0.7100035282721804,0.6648707226598032,0.6240783282806319,0.6993425030434473
2021-11-29,0.9040448259950774,0.8723857329848819,0.9079497991824627,0.737330256748727,0.7224402810054524,0.7355256953913181,0.7111248475454011,0.6686408847076795,0.6226476552708298,0.6577061363111932
2021-11-30,0.9061471539298825,0.8723042290309795,0.9115647727630533,0.7479959283569777,0.7290236106132781,0.7385758900247298,0.7151155763839961,0.6759420594943184,0.6432587794334321,0.6719744184493316
2021-12-01,0.906519837342777,0.8683051868855199,0.908936090611099,0.7359725482872468,0.7244381219065195,0.739177516138475,0.7156254155756401,0.677870035909998,0.6465464522843212,0.674128571193647
2021-12-02,0.9119666153052103,0.8780055883423906,0.9097609644037653,0.7507461971068466,0.7359927155030479,0.7506888856637237,0.7269369640067391,0.6924739989472197,0.6669590494319466,0.6880015458909641
2021-12-03,0.9148362520655539,0.8777121346632342,0.9113787107552311,0.7449971385240349,0.7318473734540742,0.7533178789129026,0.7289436233535332,0.6870609760072113,0.6604569322538806,0.6846221771524347
2021-12-06,0.9120453076622063,0.8778248182895626,0.9107673421465701,0.7504505882715719,0.7374493290044851,0.7593701584670265,0.7309024152254969,0.6927938628940874,0.6589582073443205,0.6836230845712071
2021-12-07,0.9108126112145806,0.8847998781880319,0.9082148999387623,0.7457622326533259,0.7420415214732086,0.7598660677757019,0.7254351947713336,0.6956857424441573,0.6553665426810908,0.7023795445089236
2021-12-08,0.9100379522643655,0.8848208415778165,0.9093003501824258,0.7385283946361917,0.7366831845631477,0.7570862025950698,0.7243493569218641,0.6816198814431275,0.6441428818133854,0.6900714282512741
2021-12-09,0.9080060276235775,0.8908445619239116,0.9053699654013196,0.7342712932042937,0.7354203940815808,0.761028684421397,0.7254963933714628,0.6804931865555617,0.6404941692008503,0.6890243650346098
2021-12-10,0.9089422911093282,0.8931662195305372,0.9034313354354312,0.7295398549311931,0.7322904979551983,0.7637236444822061,0.7317824846987234,0.6819503445977178,0.6395916592225908,0.676587084871034
2021-12-13,0.9090948962589603,0.8946323135295198,0.9054792600481159,0.7318449693630759,0.7347113991029145,0.7688140164032896,0.7409470453269044,0.6887169371205053,0.6482212106077988,0.679824673523498
2021-12-14,0.9014053970972946,0.889180334643764,0.900111536554604,0.7169802287035804,0.7186563776056996,0.7501467630951804,0.7207528028299789,0.6847798933179585,0.6409244593767379,0.6297512081331456
2021-12-15,0.9014739322715172,0.8891468094520029,0.8998300673405926,0.7129732275205412,0.7122279397826626,0.7470804644367659,0.7192175696849055,0.688063681616046,0.6454193105736334,0.6326110642736297
2021-12-16,0.9002427174989011,0.8825292487294814,0.8934891005225422,0.7012917288469601,0.7028586837170805,0.7436211017367765,0.7156522054265675,0.6763739620015953,0.630176752921826,0.6367142761785006
2021-12-17,0.8956708455859724,0.8876939392497734,0.888427823658541,0.7010486913730871,0.7037514062372058,0.7617023637914242,0.7300674045757041,0.6607594739231971,0.6132967955344862,0.6181657519437888
2021-12-20,0.8973843464496649,0.8881542854916257,0.884008151279124,0.7126837524781104,0.720078336592139,0.7773292958551355,0.7402936754750447,0.6658059561411999,0.6185103939427657,0.6258831823949625
2021-12-21,0.8946001269788281,0.8889098183646106,0.880604519876947,0.7139370873122158,0.7181518011583718,0.7744152040685177,0.7397625965768331,0.6847546901150595,0.6377948574439111,0.6422551172847991
2021-12-22,0.8941912768975117,0.8842335216093545,0.8821843690128761,0.7260597524645998,0.7269357177059557,0.7825460530795866,0.7503613596919855,0.6857310221475845,0.639013097056772,0.6293307374826186
2021-12-23,0.8942811973523731,0.8864185259264047,0.8822579848618816,0.7343449237111503,0.740697675561711,0.786599814210764,0.7516753127370976,0.687382175861062,0.6387204971570033,0.6304516261796898
2021-12-27,0.8923473062126559,0.8842450648612222,0.8800753843246241,0.7292518491164972,0.7365311174451245,0.7832989893150893,0.7474417972410387,0.6807811196310335,0.6322996868931013,0.6186663808493054
2021-12-28,0.8939831811166735,0.8877734537415148,0.8707717977134134,0.7243428672375115,0.7285212284543843,0.7935617126323664,0.748488644702904,0.6637046985100133,0.6264809295902857,0.6220567927062856
2021-12-29,0.8948454341442518,0.8840657166823006,0.8749668865556463,0.7392611698883057,0.7329792338703625,0.7993388123839107,0.7616125379675927,0.6639769729774216,0.629564550858762,0.6156311548062192
2021-12-30,0.8913920598518346,0.8820461936535491,0.8805228340823743,0.7315967566214845,0.7248827773199318,0.7919308938668251,0.7542446569448265,0.6623451561052195,0.6262582994135937,0.6070019757399701
2021-12-31,0.8917646392359351,0.8838795774345283,0.8758831113713216,0.7310742258795125,0.7244478824712699,0.7898494062128151,0.7540265657702054,0.664643105823889,0.6269615268791277,0.6059590395305775
2022-01-03,0.9013947483667868,0.8869370703206221,0.8711155652668988,0.7368995891514487,0.7373802494996403,0.8012476939430335,0.7758566635761897,0.6758806066202443,0.6436160129620534,0.5898516635897426
2022-01-04,0.9091829239965771,0.8936237174597979,0.8662177354564343,0.7606222454306272,0.7665920286828932,0.8110815461840621,0.7896462601359883,0.6875929530561242,0.6598043654372726,0.5766695525638017
2022-01-05,0.9129818248133537,0.8952308524515064,0.8648401742351566,0.7652031676839152,0.7641973150965431,0.8117447097571054,0.7918113727210239,0.6904196476605926,0.659563748879736,0.5991260957896255
2022-01-06,0.913378198734495,0.8830524384288893,0.8618139756644726,0.7723401711381279,0.7718131406240626,0.8069788186151421,0.7803855063860549,0.6979988716068661,0.6643609141423727,0.6003244079384887
2022-01-07,0.9261800449785641,0.8844344516569745,0.8626256421710913,0.777483153432836,0.8151633296539891,0.8309404604789252,0.7748574936124593,0.6813882820173363,0.6631885622296511,0.6158315415796278
2022-01-10,0.9366136773204122,0.8854619770262449,0.8613719007290745,0.7709403548988165,0.8106647582970681,0.8294194227036068,0.7861100573313969,0.677255997748105,0.6702375956971456,0.5848868857087439
2022-01-11,0.9339468456631712,0.903952409296916,0.8662677172512977,0.7721776093298623,0.8067739732861889,0.8224921981095596,0.7739149061798575,0.6674946014463106,0.6610675026457906,0.5897956612794983
2022-01-12,0.9268143738562359,0.9296259674339691,0.8659391537531386,0.7671789327099653,0.7762200936457526,0.7907467953465193,0.7770597188555745,0.665026152981764,0.6628935232336329,0.5809805711251013
2022-01-13,0.9307080845840132,0.9291353833623373,0.8672034037254901,0.7671776395016864,0.7793181391141853,0.7992909172487657,0.7774510139749088,0.6678031920080593,0.662992665181529,0.57712188238732
2022-01-14,0.8507683184055508,0.929830268088462,0.8718212923934303,0.7851295030017228,0.79319088734001,0.7804510507105762,0.796864259677327,0.6418564527890941,0.6686897151083944,0.6027086132766134
2022-01-18,0.8625796406609416,0.9303967557763594,0.8642972577798641,0.8035462444729495,0.8175367087155555,0.8078598894638047,0.8042942247620628,0.6263620153862107,0.6608311288640253,0.6181933759610188
2022-01-19,0.8509047865731151,0.8985991500994477,0.8639199591662619,0.7978053953518952,0.7882918270134487,0.8072468457687889,0.7906633633447978,0.6308058574430886,0.6456531239052151,0.5983855112468782
2022-01-20,0.850162519804145,0.8718498932502473,0.8622700432567931,0.7286830578162165,0.7415398638707049,0.8049113572615499,0.7814406838796134,0.6344264311297906,0.6484332646188493,0.5848082432453141
2022-01-21,0.852707067684463,0.8719817594455658,0.875606502574358,0.7268533869424422,0.7423111448297071,0.8046472188705683,0.7800454365584812,0.6394974804416734,0.6560352970857326,0.5748490261413842
2022-01-24,0.8471601850279022,0.8692675697116182,0.8684108617845313,0.7243751985031033,0.7377983965920737,0.8035588521939556,0.7763852540512413,0.6355946512342261,0.6498376610050637,0.5703525752284839
2022-01-25,0.8460143966181886,0.8649750668053218,0.8639374402567713,0.7216724464450267,0.7367660111997318,0.7957378840431408,0.7619694765424571,0.6286865614900689,0.6592387864886026,0.5684117198792061
2022-01-26,0.8472800827708067,0.8652154140889645,0.8654234175853445,0.7235979011920306,0.7389096661542285,0.7955165555820393,0.7622630305563051,0.6312178477892662,0.6616786073592605,0.5666898930984087
2022-01-27,0.8470950921572121,0.8615120530857906,0.8725620815212445,0.7167741917015983,0.7239805277033083,0.7918809577230472,0.7623712223709025,0.6362750542563403,0.6635469197971634,0.5662526027541009
2022-01-28,0.8486462318917437,0.8653000802522489,0.8149999400154536,0.7188574894148577,0.7256966337491125,0.7952465933803857,0.7692190546044102,0.6431927730280596,0.6656235067597842,0.5684042227698916
2022-01-31,0.8484861865570431,0.8597133830590543,0.8134655318294087,0.7394632332090134,0.7343494606971686,0.8032171755400414,0.7771911813576702,0.6470681727452033,0.6710184891352526,0.5805129811201107
2022-02-01,0.8516965339989511,0.8540828305576843,0.8109496617122698,0.7336357410433999,0.7354678885016442,0.8070205416733603,0.776483083921266,0.6542684332860583,0.6837532171902649,0.6015697397256611
2022-02-02,0.8526803249456981,0.8540972182950811,0.8092156527935841,0.734973094115325,0.7348777932212859,0.8063148249538404,0.7776417082719205,0.6576639279236816,0.6980095604227416,0.6018847824652099
2022-02-03,0.8524044294474192,0.8545221041349145,0.8121419008952757,0.7376636450628323,0.7360060039923327,0.8068029336517538,0.7785454782300886,0.6553871664094688,0.6950928546913092,0.6117008985470607
2022-02-04,0.8588706582828596,0.8556917618319966,0.813275753777083,0.7343569024832232,0.7383296641405172,0.8130300712334895,0.7840032516942671,0.6506642092017115,0.6803721697515026,0.6158147344079931
2022-02-07,0.8599823866302305,0.8540236377885524,0.8059360146542677,0.7499636715777588,0.7464763718177022,0.8171057122487027,0.7936506965395878,0.6517546977848959,0.6800207964221275,0.6180269322900165
2022-02-08,0.8627129648315454,0.8536456625983407,0.8120066049247858,0.7503313553514528,0.7471418005085759,0.8144257900453378,0.7918361114879626,0.6610287842123292,0.6871476631939295,0.6074408249710134
2022-02-09,0.8627913411365625,0.8539732496204596,0.8065460370918495,0.7502179471998744,0.7478477442836748,0.8168827041508114,0.7965581812672101,0.6622929744110058,0.6888606269641162,0.6097845043150163
2022-02-10,0.8630428767600379,0.8545872340148578,0.8147768988818825,0.7504052609422721,0.7473494584133601,0.8166502491466974,0.7969106191260249,0.6630606164901544,0.6891567852553283,0.6065745065665624
2022-02-11,0.8632615253205521,0.8571270221323328,0.8193415445429288,0.7589770372350637,0.7504043012173619,0.8185441016086875,0.8006009453049989,0.6654699905242678,0.6955240422876542,0.6019024755122693
2022-02-14,0.8649620330145387,0.8490317799599617,0.8220490695931773,0.7607394689157231,0.7602390890010825,0.8274040868377724,0.8007521603901054,0.6630553330855373,0.6919595862084575,0.5986043361005481
2022-02-15,0.8639767226796322,0.8493103179671688,0.821878286460758,0.7615856029262431,0.7607004477515522,0.8300477341842942,0.8019966745393322,0.6674351405577178,0.6922628559583955,0.5919970473468733
2022-02-16,0.8626050073373961,0.8470058384251069,0.8139434006706369,0.7572888526313024,0.7479699654112927,0.8263743429140955,0.8031395946632764,0.664241950805339,0.688759650764933,0.576573838593525
2022-02-17,0.8628501124682415,0.8461690302691955,0.8141159415373498,0.7702693780647025,0.7467351830809957,0.827313513690298,0.8075929267683937,0.6959035882793414,0.7087323670232071,0.5969437233183947
2022-02-18,0.85571393893803,0.8418805809862029,0.8076510971793185,0.7630376331454257,0.7351503162315348,0.8170518195708178,0.8003047600252433,0.7091281533245168,0.7249450211566875,0.5865108529856601
2022-02-22,0.856792793655499,0.8429064712945579,0.809768856052346,0.7652441968051723,0.7341734053637342,0.8172327274714833,0.8070285182082532,0.7085655076869766,0.7261085316627877,0.5872672404825594
2022-02-23,0.8512029437817413,0.8389137952026685,0.7825483950025959,0.7559027063701166,0.7228437421490049,0.8091899249261086,0.8046742606084271,0.7117363564607403,0.7055732091282818,0.5712618552067298
2022-02-24,0.857222860717012,0.8336711388477029,0.7836561702849922,0.7587823138095643,0.7262810011266125,0.7925657298317965,0.7897770099446108,0.7045853663464166,0.6997756367560609,0.598313535355607
2022-02-25,0.8626742555904967,0.8398931760062177,0.7770400891969088,0.7621309572751801,0.7327481266693567,0.7989067315128319,0.8001998461688364,0.7125691696180216,0.6960466887759743,0.6046687020307728
2022-02-28,0.8579112657420783,0.8448621323433247,0.7673243577558966,0.7732526464920383,0.7540450825943468,0.8002861995156849,0.8058130974590035,0.6804251592909385,0.6853164066681622,0.5983781668656767
2022-03-01,0.8641976907948262,0.8442250006815626,0.7376284894952482,0.7732336731702298,0.7585629675887673,0.803883234572161,0.8063758853165236,0.6867402647853824,0.6955128119239928,0.6023539079594515
2022-03-02,0.8646768375059242,0.8405849690922574,0.736318057336551,0.7794963369947008,0.7591696152923636,0.808878621293269,0.8107725508910497,0.6860717601893298,0.6991363567458327,0.5966410481835667
2022-03-03,0.8647515907742216,0.8402139346419437,0.7346410030155801,0.778712868514675,0.7577234748625905,0.8070205136883696,0.8123400265371106,0.6825222430573751,0.7006793764204352,0.5948270235612184
2022-03-04,0.8674274830304048,0.8334713599923519,0.730535969423037,0.7732260579080203,0.7546402026860101,0.8000601796441624,0.7995703303005748,0.6893916698540594,0.7167196699417329,0.5641585822748258
2022-03-07,0.8672259034893371,0.8368918035850834,0.7355248487254364,0.7704293844355417,0.7647250655305066,0.8021878835875561,0.7788046613604671,0.7157103549290472,0.7746667696651499,0.5849609839370307
2022-03-08,0.8651272054170919,0.8373467580172751,0.6927542142872342,0.7727846943016424,0.7648455289244979,0.8015907051108597,0.7791934086147625,0.7148512520838891,0.7781551270988024,0.579782160633452
2022-03-09,0.8750331959928196,0.8492102359221113,0.7109205830354937,0.803087820812837,0.7892664785580008,0.8178916563748396,0.7985339466974524,0.7360470560214032,0.795281762306415,0.6390944449789783
2022-03-10,0.8760702870841938,0.8487620037482306,0.7078791021172688,0.8027173579893457,0.7891419475985804,0.8179221106119209,0.797119878042644,0.7322410186626404,0.789986200477322,0.6275543167018133
2022-03-11,0.8728377065581031,0.8477124847596876,0.7083901590046296,0.8014858643127964,0.7855764646816503,0.8146496838731758,0.7959872764582601,0.7351732171130849,0.7947082896281198,0.644556502663138
2022-03-14,0.8732286327536524,0.8475601609399991,0.7248999189826663,0.7937573410548021,0.7837916789961129,0.8114413122072227,0.786890067662099,0.7371521149979139,0.798484205311387,0.6353397852742468
2022-03-15,0.868946228116552,0.8504277038599907,0.7666961167267519,0.7933536715712844,0.7869152250986662,0.8105852700351605,0.7821978833213362,0.7428425554811959,0.8054400182829352,0.6395569133428188
2022-03-16,0.8690402387806004,0.8531085436945078,0.7606107758429916,0.7906565747444827,0.8033938850108724,0.8225114522604847,0.7872949151282947,0.7371547951898054,0.8057680988578199,0.6720665332434848
2022-03-17,0.8666761218919888,0.8515001525974212,0.7634445046047789,0.7856425578435854,0.8029776112664815,0.8217353223322529,0.7858773803064546,0.7358579560869793,0.7984679498737046,0.6735420084093289
2022-03-18,0.8654235783300811,0.8485631175825262,0.7602070293314178,0.7785935652740107,0.8000281769119278,0.8200314325547738,0.7788510525951594,0.7309157595356102,0.7898859203713601,0.6666053539783117
2022-03-21,0.8655413949274398,0.8505440546997326,0.7566282229892434,0.7727132241977912,0.7941097273740959,0.8153994070978976,0.7746216338455604,0.7299159120409603,0.7889902992109314,0.6631442217018294
2022-03-22,0.8682749611147798,0.851333244033893,0.7573220988559476,0.7747060078489756,0.796404436230702,0.8166799164419495,0.7753015133005682,0.7278519594115392,0.7828607290314261,0.6668203951408167
2022-03-23,0.8699721219848595,0.8524615536977135,0.7571034145189476,0.777543446614474,0.7983643576880024,0.818937517033476,0.7796022680440147,0.7331565442724989,0.7881913955459885,0.6672064749134494
2022-03-24,0.8689108108989938,0.8521649105727325,0.7564945859377814,0.7778663870596864,0.7978308091127975,0.8191215977656248,0.7792953646014362,0.7347238285941224,0.7867933456780787,0.6668211095288118
2022-03-25,0.8695063163031421,0.8533340326650736,0.7567963651815078,0.777542448637747,0.7995468728509594,0.819465473316407,0.7790210456340025,0.7350821674344961,0.7855774924737959,0.6655075451479765
2022-03-28,0.8697266733345856,0.8531462194310127,0.7631449047866381,0.7774659799499763,0.7996758672619674,0.8196405461960056,0.7792409063784473,0.7353577842287548,0.7857304261020931,0.6547983211006824
2022-03-29,0.8690893923036195,0.8521411431312552,0.7645172985292213,0.7764473978904812,0.8003616647180523,0.8186462504346858,0.7743963047125613,0.7359899750168832,0.7854925851665996,0.6487416981736586
2022-03-30,0.8671788395624371,0.8540189453429538,0.7653756237001066,0.775073281045713,0.7950228292938794,0.8150957995285718,0.7627889022688064,0.7312345255368681,0.783866699182028,0.6467216356030717
2022-03-31,0.8626191367619027,0.8455345106598247,0.7689121034010616,0.7692735996180595,0.7886810717806988,0.8045302701982648,0.7459755758308608,0.7256397363472928,0.77327053990197,0.6564823969668379
2022-04-01,0.861562461082678,0.8422528799500543,0.7694896813448292,0.7671622774932367,0.7863796238090894,0.8012501668644582,0.7421990874516613,0.7243280388578669,0.7720265009969172,0.6471624150681382
2022-04-04,0.8600229390129199,0.8472912503068951,0.7723017957539383,0.7634100667516787,0.7847269301036535,0.8029946696066269,0.7501020795665889,0.7237081155185352,0.7745806906906605,0.6461291258854598
2022-04-05,0.8601897349335366,0.84745238187407,0.7730290198560322,0.7672919515467628,0.7839219361618716,0.8042053084749251,0.7555265128595464,0.7246424260488606,0.7795758504569942,0.6530030213627245
2022-04-06,0.8612563157288982,0.8503011742200144,0.7731570367329204,0.7667514044232441,0.7841021006895889,0.8035311379382172,0.7554106501888509,0.7267109119225255,0.7801035584045379,0.6676073020872048
2022-04-07,0.8607999749617613,0.8480598626336519,0.7720866758772176,0.7656467749706617,0.7862629746796302,0.8042626049391689,0.754740072811717,0.7259778990502934,0.7797984795626526,0.6625922546430018
2022-04-08,0.8627802100493048,0.8436232401059102,0.7736230012974497,0.7712669295095781,0.8051359936068763,0.8384365116371829,0.7631321205410059,0.7263334016529572,0.7796848541288699,0.6549531022650028
2022-04-11,0.8627629327802111,0.8443593621263777,0.7833866443719746,0.7714146674983032,0.8053356243359393,0.8384231752506779,0.763286767114621,0.7168305792848252,0.767719959271636,0.656333476447873
2022-04-12,0.9019248224290441,0.839933980336488,0.7842995253664231,0.7707181760274651,0.8048767980177101,0.8519466439245863,0.7611328617564642,0.72522443414784,0.766522881795559,0.645663731261134
2022-04-13,0.8863936627276106,0.838673533667468,0.7887424666204955,0.7584353789076544,0.7639503953514455,0.8197754294209209,0.7743870633928759,0.6926679192229585,0.7605567635443946,0.6440828973678492
2022-04-14,0.8874392097508964,0.873612132167587,0.7858507424123682,0.7347343005071377,0.7795852124370013,0.8178794578771182,0.7775643762289521,0.6868518931072798,0.7569977710442715,0.6204004006042868
2022-04-18,0.8884887268455163,0.9019133076597678,0.7868885298761419,0.7915993726776317,0.8276496451110354,0.8237934509626036,0.7922494995709413,0.688744447984261,0.7539157336721842,0.6217826745744902
2022-04-19,0.8891368096766099,0.9044783388564792,0.7852804342812755,0.794779669277386,0.8328133775516511,0.8262519630859785,0.7940443774597095,0.6859314974120284,0.7522825413554249,0.6391675530001082
2022-04-20,0.8900230961427157,0.9063108656120734,0.7864816491326999,0.7909543492025157,0.8308403698914535,0.823961653306646,0.7911852658656096,0.686141542402448,0.7526608823788716,0.6321692501419038
2022-04-21,0.8885409515882706,0.9127367743025978,0.7608532221220716,0.7928612121755823,0.8288745608108764,0.8271328339634669,0.8063206784868524,0.7177219540737352,0.7762599408462749,0.6353431749907404
2022-04-22,0.8918336477200647,0.9203093785972305,0.767503160038031,0.7997702164542565,0.8329953116975695,0.829388818415959,0.8113543537446763,0.7244015248239597,0.7815781157727896,0.6492223826846266
2022-04-25,0.8929468337059382,0.9255738192108625,0.7734467350206525,0.8036200136424083,0.8480597603314664,0.8310899784300687,0.8090206187198073,0.7187338779900876,0.7762419241688052,0.6554650486995842
2022-04-26,0.8922267873744796,0.9275799300474187,0.7981803296398433,0.8050151815836957,0.8519020007079626,0.836628324671663,0.8108964564154557,0.7260744737283688,0.7796267434879532,0.6623922844036465
2022-04-27,0.8913898766652103,0.9325736164493019,0.783602372005894,0.8041234091606674,0.8490404785890894,0.8318379208089309,0.8144083957422023,0.7238639834844723,0.7787082209110288,0.6608952647830154
2022-04-28,0.8910837871401859,0.9381007809226807,0.7958612386965255,0.8046070888980152,0.8501805230082762,0.8321668400074554,0.8152436224889867,0.724576799142542,0.7789250763557437,0.6647197600385183
2022-04-29,0.8949718443045114,0.9358719742440055,0.800294619501788,0.8099175815201106,0.8565083443856346,0.8385345821145365,0.8170028877232205,0.7371615358503387,0.7851520768038468,0.6776659593638471
2022-05-02,0.8956431730680421,0.9365311803319559,0.8002446486856417,0.8121742677500129,0.857713516699064,0.8394532164607612,0.8190390039828569,0.7245376937736826,0.7696801436244313,0.6738731749957757
2022-05-03,0.8950919777803402,0.9379835057839904,0.8020472032950341,0.8179361726325569,0.8598177931375037,0.8354685308195097,0.8136659004490078,0.7217050419610991,0.7720400194395732,0.6760825528730753
2022-05-04,0.9009375429300135,0.9423000880986429,0.8081745479838345,0.8287783644756318,0.8678919534498193,0.8441610025712544,0.8240592365265446,0.7311775499980543,0.7790606496239842,0.698235516822684
2022-05-05,0.9012705375373308,0.9396606107695024,0.8063710016764278,0.8309776445861673,0.8704978336756848,0.8484922684810876,0.8274039449098043,0.7313785927015067,0.7799492858543753,0.7093363433294447
2022-05-06,0.9018550030139946,0.9387668548045027,0.8096685896932264,0.8373084125279063,0.8726981708888155,0.8488126471641629,0.8304305156236009,0.7248723645300175,0.7754864388500697,0.7093712658415774
2022-05-09,0.900846208353372,0.9335679053728189,0.843717823378166,0.8412345725106499,0.8695552507172217,0.850751325826549,0.8313346148622355,0.7246497935394307,0.7805504098409638,0.729995236714031
2022-05-10,0.9002127530680216,0.9322415747273174,0.842169869704396,0.8392907461083409,0.8675020749569536,0.8509036949288868,0.8300464672308889,0.7109298706556697,0.773526148676719,0.7294638809032522
2022-05-11,0.9000541498474938,0.93344167954243,0.8413671869749836,0.8379718159101618,0.8668898024987209,0.8499036638955159,0.8284806932524219,0.7120489277899963,0.7739316338541177,0.7293815619267977
2022-05-12,0.8975958851983343,0.9327340739733239,0.8406303757477723,0.8357816647040106,0.866699180414131,0.8473253954936754,0.8275133901605852,0.6910340970357469,0.7704322867836437,0.7300304602076858
2022-05-13,0.897444498411276,0.9349271653145181,0.8418338685872573,0.8375150429198597,0.8754888037188677,0.8490571338637577,0.8220271544234307,0.6917347093516826,0.7637050017974635,0.7455879545773341
2022-05-16,0.8961234663325266,0.9330887203410152,0.8439887506775475,0.8342140079253274,0.8805629474469656,0.846877024620204,0.8161247916108183,0.6917211324398818,0.7676012640774598,0.7399023970450831
2022-05-17,0.901913334441998,0.9365634429944634,0.843611419730809,0.8428458355673913,0.8900133646868139,0.8596339178974283,0.8264021288499553,0.7052516054756401,0.7764284107281275,0.7455990123071288
2022-05-18,0.9019109539064173,0.9375539317865975,0.8432263314028682,0.846039872711773,0.8907536255012973,0.8610831261958442,0.8293439135858597,0.7087748196454703,0.7817322748440397,0.7512623261956458
2022-05-19,0.9018008525938866,0.9341965691021964,0.8453402172262053,0.8457224572658555,0.8911079863229409,0.8557030956803353,0.825253070724766,0.7078243089844019,0.7810673146967637,0.74824366660927
2022-05-20,0.8996462864187774,0.9373850927356103,0.8451487831865773,0.8438653564904876,0.8916169729602398,0.865276527133324,0.8298706401955774,0.7169170547537314,0.7859089219611122,0.7470407472497631
2022-05-23,0.9086131693755022,0.9385112663970732,0.8458613289228464,0.8435089650214729,0.8837052454182928,0.8609980264890679,0.8303864274972942,0.7172835175698722,0.7861971396017571,0.7430085255809623
2022-05-24,0.9135994121966963,0.9372441849918802,0.8501713878176181,0.8492890811221249,0.8713686138406334,0.8478718231791113,0.8307361067922419,0.7341983997263798,0.7904155870277518,0.7505942825866527
2022-05-25,0.9100531854781186,0.93492481782819,0.8635555944160687,0.8432582104008034,0.8659351404855065,0.8396375318883559,0.8231155817485911,0.7179959938094377,0.7878927342580291,0.7392874812691727
2022-05-26,0.9104830448624631,0.944032913538375,0.864867904002254,0.846591735175247,0.8684295598993051,0.8373004157443356,0.8257591619373459,0.7213190768504293,0.7913816436262096,0.755201582335851
2022-05-27,0.9105048176142829,0.9446781097882978,0.8659578658698961,0.8469212848723879,0.8694752386084541,0.838700402576001,0.8258415210075445,0.7247063709030996,0.7919647770140023,0.7587660536907529
2022-05-31,0.9074835461999581,0.9440139991026902,0.8699365207870238,0.8469710988073124,0.8683213572706747,0.8401196913305167,0.8284884128005986,0.7126456623174053,0.7822124942492307,0.7652937394927581
2022-06-01,0.9046737285658364,0.9425990188992679,0.8686449516558846,0.8497953582289327,0.8635096522861245,0.8385444545016777,0.8368533030956962,0.6943273331355266,0.7457302819786819,0.7593397790226049
2022-06-02,0.9076625866853554,0.9418475524206585,0.9011811949718391,0.8508306960379749,0.8604667938769963,0.8387366842870188,0.8386229033771743,0.700297634420774,0.7451240161413129,0.7469310557970795
2022-06-03,0.9062146975057463,0.93681405613793,0.9099873331413549,0.8394199705700187,0.8506675470119293,0.8285489548785385,0.8281685944979238,0.6784625622410223,0.7182428730641468,0.7290872799399342
2022-06-06,0.9060547307654696,0.9367979060000035,0.907683553039951,0.8391269716603057,0.8469873251254361,0.8254644756098389,0.8273226560361991,0.683467495172613,0.7210371851746246,0.7379454772138081
2022-06-07,0.9110893206953415,0.9367172971357989,0.9041958923074871,0.8389560332760105,0.8508833060251755,0.8275725406221834,0.8270025967635171,0.6835605696192297,0.72114515338703,0.7376859420817705
2022-06-08,0.9133137960287699,0.9381519177984522,0.902207992701568,0.8529980363366114,0.8573426259636283,0.8353603555788282,0.8428571298781083,0.6868520076405962,0.7155879666561125,0.7502951841240638
2022-06-09,0.913283783238676,0.9359773980721833,0.8908117664249082,0.8545856519705802,0.8582900195083851,0.8356978079730509,0.8509605117353863,0.6898152928376214,0.7247825919189725,0.7423427169145443
2022-06-10,0.9143148136245531,0.9388210146811975,0.8911870930078863,0.8621575194192609,0.8552029849926556,0.8417966124692755,0.8458904523371225,0.7021903393047702,0.730852714000119,0.7580657121152347
2022-06-13,0.9176716293849414,0.9385646606685335,0.9001773416069434,0.8686670540440082,0.8581464782295067,0.8370457478129948,0.8405223448285032,0.7125413366910897,0.7477402942835756,0.7623550204565334
2022-06-14,0.918201344566338,0.9384786934004944,0.9040108790777215,0.8677869363410184,0.8557121919834526,0.8337963741843496,0.8386077694836341,0.7171420302247288,0.7537086394291255,0.7637680275297762
2022-06-15,0.9187095859441206,0.9355721991288888,0.9096001094861926,0.8790300325945335,0.8639724565042916,0.8379690310141072,0.849316446227366,0.7198609255001953,0.756652185321551,0.7703127425796543
2022-06-16,0.913761247639514,0.9350527910366966,0.9118208394578856,0.870632970723911,0.8622291559055044,0.8388727339833307,0.8494351267670767,0.7079314448186235,0.7222565244326408,0.7702288677840743
2022-06-17,0.9115987447579991,0.9343448740672448,0.91700696501531,0.8634732923056058,0.8589200843708108,0.8321065030499911,0.8366768001142969,0.6758723066630197,0.7015528462905897,0.7686912712142324
2022-06-21,0.9154061414819914,0.9357143404627634,0.9210081912319042,0.8675825632599856,0.864657160576437,0.8355000614409237,0.8389871903581234,0.6697890462634729,0.6959615992638011,0.7726678484946243
2022-06-22,0.9154454457677974,0.935580725852357,0.9238770997003594,0.8700376815191758,0.8649028270156852,0.8351770460712463,0.8404949235120361,0.667908906448691,0.694505236526765,0.7719523174707029
2022-06-23,0.9160787504063779,0.9334893774273276,0.9267160052247994,0.8703363723182223,0.8645107925941836,0.8297951070405889,0.8336286999510776,0.6695273908430662,0.6961430957957293,0.7688208007893177
2022-06-24,0.9084033740529591,0.9402973826599039,0.9275486321016633,0.8481184306208612,0.8690664733016162,0.8342062919568961,0.8043380065579259,0.6822333774619369,0.6963515913093872,0.7823156209572895
2022-06-27,0.9062279519605932,0.9401117032765712,0.9287291720496336,0.8476300622528489,0.8713740026985286,0.8354632255353113,0.8022395170229072,0.6826333074757577,0.6936680898777563,0.7886549640607713
2022-06-28,0.9031729542084436,0.9392368313689692,0.9285351552881164,0.8412552743271957,0.8640757228823193,0.8362056661260739,0.8064136803982473,0.6851166855860092,0.7005709491494234,0.784274305244471
2022-06-29,0.9024193963429307,0.9370661944884484,0.9259279923701558,0.8392195428809999,0.8637908185753799,0.8326729540017164,0.7979453603415726,0.6856632412851686,0.7028697376390126,0.7833221223791436
2022-06-30,0.904301946577885,0.9394678721380382,0.9242832876123815,0.8417879246183979,0.8665221853565178,0.838025076762781,0.8017973654617419,0.676528861871433,0.6960198143639843,0.7830551223299508
2022-07-01,0.9051485493253397,0.9404503679502342,0.9244132022311792,0.8410767854090536,0.8676902530051966,0.8373155247075416,0.8004681102859452,0.678941509642153,0.6987109474138036,0.7815030445577695
2022-07-05,0.9048346320727343,0.9392897211718779,0.9254842992431256,0.8443615869898913,0.8677854285809103,0.8371502483108775,0.80328601185691,0.6792656696458751,0.6981429790252259,0.774156046010096
2022-07-06,0.9051011966095219,0.9401523703935788,0.9249215365563042,0.8449625437073919,0.867888354599863,0.8371837432410819,0.8029392557208159,0.6795459620996311,0.6986567401639091,0.7748472159420525
2022-07-07,0.9095892264161815,0.9427687242829513,0.9249297495680608,0.8460066139758882,0.8700660382422912,0.8349242621632127,0.8044982694747067,0.6855639697615289,0.7035704743881379,0.787126206943949
2022-07-08,0.9096607077931305,0.9425383330689056,0.9239999838557823,0.8458111110657873,0.8701413054134005,0.8345123435602545,0.8036744192745716,0.691607187035363,0.7133371970073978,0.7880811606165642
2022-07-11,0.9094133472533339,0.9428467375865119,0.923416815289524,0.8470138379291804,0.8722409580676483,0.8359867367720373,0.804405105579342,0.6907528658817709,0.7129989443725241,0.7907166164841176
2022-07-12,0.9219878315532829,0.9428867200630906,0.9236421828423338,0.8484348864170653,0.8958702937644523,0.8652732620719732,0.8077079555350218,0.7406121198005547,0.7249779370361426,0.7906514104691498
2022-07-13,0.9295684379822381,0.9440027829636126,0.9236770511971238,0.8753259302087035,0.9013587390909998,0.8667919717963581,0.8222786782431206,0.7438679806950259,0.7465780332413182,0.8187927141468967
2022-07-14,0.9295137741290616,0.9307935383367643,0.9244028463782099,0.8706102510813528,0.8795249394737632,0.868260332202886,0.8197731062627905,0.7379563462629346,0.7466575643052695,0.8332373606987339
2022-07-15,0.9293269223125381,0.9355298702828678,0.9248372105108462,0.8711026588088899,0.8860598153159225,0.8765943669883511,0.8270799348682654,0.7535091455312874,0.7573490479528293,0.8236335915539914
2022-07-18,0.9267579027095384,0.9318866105779895,0.9258079080076366,0.8731869854359113,0.8815709196941235,0.8571292994887847,0.8209316176774633,0.7511159340254697,0.7572189787975356,0.8275953329367144
2022-07-19,0.9299804135641544,0.9299075233536365,0.9399915525607914,0.8776500946138018,0.8864782083871918,0.8564547158605357,0.8260481294189529,0.7590174896626344,0.7675401999699948,0.8339465094214605
2022-07-20,0.9277659691346932,0.9239035220776574,0.939013048599556,0.8739695032267576,0.8857484070179147,0.8517686341413442,0.8178930267295961,0.753747798716342,0.762954856268586,0.8346271826035925
2022-07-21,0.9287263350439019,0.9244862998920939,0.9384341624862257,0.8758067042285463,0.8857846333113534,0.8520235582641812,0.8202641003766489,0.7588161794265429,0.7732621589392956,0.8342850433027909
2022-07-22,0.9287066165909926,0.9228366434841122,0.9387751019908801,0.8747654464401985,0.8815750969129086,0.8477801399238538,0.8171324732852548,0.745657086549143,0.7607048484890291,0.8292423795894273
2022-07-25,0.9296779918385092,0.922859544798369,0.9491286348854346,0.8736267406622633,0.8831980495937315,0.8498879439744162,0.8158171385397489,0.747077565068677,0.7610100911716862,0.8292791919699943
2022-07-26,0.9295920557604767,0.923548641107455,0.9491137890761491,0.874319323210798,0.8828089308865084,0.8498951871657615,0.816250178321521,0.7463006992278405,0.7615213371898998,0.8321602587414213
2022-07-27,0.9281883690725293,0.9211880240784642,0.9497814343527715,0.8714197447558059,0.8790754955070978,0.8443378914585369,0.8122171233802027,0.7373046190827535,0.7547072605647641,0.8272678865467958
2022-07-28,0.9278425269590734,0.9210121833474838,0.9509176953513776,0.8624597031844737,0.8733253944695769,0.8392192722199592,0.8041905971102756,0.7456100732691276,0.7647301294230505,0.8331342613768926
2022-07-29,0.9248855599622794,0.9218966967624241,0.9283655033040675,0.8613200500393599,0.8697699026474799,0.839401237376975,0.8064375143676001,0.750467771584626,0.7735827246281791,0.8358032588276177
2022-08-01,0.9193465031230544,0.921127565433896,0.9271393433703307,0.8518880653912215,0.8613728310969472,0.8337304740093833,0.7997060828414013,0.7397842648491003,0.7646354179280765,0.8231875814651776
2022-08-02,0.9179136068685719,0.9188231852216397,0.9276557698370459,0.8461259547357527,0.8566299197226602,0.8302710140921553,0.7950908249295744,0.7319573582787393,0.7569116288354091,0.8200773314184077
2022-08-03,0.917893108949353,0.9204670030838698,0.9295552880647717,0.8494316970035988,0.8586998513004314,0.8315403964712061,0.7971710995493898,0.7384256013365256,0.7658390091043807,0.8208580104515968
2022-08-04,0.9191309466011879,0.9291062941126228,0.9189969127183305,0.843553224137356,0.8618966062191113,0.8299151650059379,0.7970523623726128,0.7307133629032585,0.7539733837567459,0.8105512135874395
2022-08-05,0.9171333495629425,0.9287481060191535,0.9194522668303823,0.8417951950857392,0.8536831996963306,0.8198312606818992,0.7944090855769131,0.7346425811684556,0.7589712365254987,0.8142387212144919
2022-08-08,0.9176731189411669,0.9287427283652181,0.9185029841738654,0.8436046019399636,0.8544231422374222,0.8180819382565571,0.7932700860290263,0.7324268536469235,0.7573988130791705,0.8117511792529596
2022-08-09,0.9209712450894794,0.9287766520760484,0.9194607160056774,0.8421828122089412,0.8539816658886672,0.8189133279994072,0.7914987559521656,0.7506697436147076,0.760500067454151,0.8114943868892457
2022-08-10,0.9240038294036107,0.929669173407148,0.9186276629447664,0.8548717591596549,0.8608762841847362,0.8262947316299122,0.8056732274416107,0.7593337021087126,0.7753461128867613,0.8150335044601202
2022-08-11,0.9239418409435277,0.9293377081772876,0.9199023262795651,0.854488746819651,0.8616460444071512,0.82631393865481,0.8029080620330974,0.7567402144118728,0.7683504299604664,0.8158409396477572
2022-08-12,0.9201315898518977,0.9253691596550094,0.9196699564690196,0.848196677845811,0.8557528342700038,0.817073834784655,0.7951642824015288,0.7489724150870423,0.7600442864578407,0.81923461928901
2022-08-15,0.9208356569118096,0.9246687007862977,0.9208624151371948,0.8414883424735329,0.8551930553156214,0.8141200295669958,0.7897323124820975,0.7452621662177447,0.7493082567296888,0.8110339688513821
2022-08-16,0.9206365814791456,0.9290756014929928,0.9217781033512392,0.836264777392373,0.8502078624987421,0.8166233728192245,0.7899588752149095,0.7410008576374997,0.7453489184614426,0.8126936617662386
2022-08-17,0.9216133088888309,0.9291565169551392,0.921775748063186,0.836349790738214,0.8500323839745144,0.8164002570449659,0.7912985481434256,0.7416518637195039,0.7474385558422513,0.8179030175510619
2022-08-18,0.9085838820014999,0.9268737465729955,0.9216182941685085,0.8276902937895089,0.8468897628154309,0.8236644205611345,0.7895088420166099,0.7303215435281712,0.734006996970028,0.8239257414111436
2022-08-19,0.9219220862334208,0.9275023175166602,0.9214055178477563,0.8313275987493628,0.8613638553790742,0.8396612020944547,0.7920463208572485,0.7588367157788118,0.7383118492327712,0.828865640008225
2022-08-22,0.9229014767300716,0.9288618343757197,0.9205146027508299,0.8347821854323533,0.8642806150666948,0.8430703885777043,0.7965982206315633,0.7660358360650271,0.7514089133856159,0.8332277243458763
2022-08-23,0.9215997584068122,0.9271955256286746,0.9235045094829938,0.8301997051705732,0.8628145984239015,0.8401209711704253,0.7914748715463805,0.759798449840051,0.7433492347535724,0.8239787458809448
2022-08-24,0.9220425365680232,0.9266201449145872,0.9232735092279669,0.8296942823831458,0.8608530384682218,0.8386678127501834,0.7904094368091712,0.7555612363045632,0.7432053582273392,0.8215364464096698
2022-08-25,0.9223689348735609,0.9275089466399986,0.92242325793606,0.8339803510709786,0.8648213151549761,0.8382948964257604,0.7924209145612815,0.7636140913909594,0.7491878434842651,0.8237844107660423
2022-08-26,0.9254236626338388,0.9289719099652723,0.9224052151427419,0.8404875507480076,0.8710572264427244,0.8433733393589169,0.7991970823360474,0.7701808499633764,0.7565908925746077,0.8349868763110995
2022-08-29,0.9278162002294803,0.9275385791229219,0.9207155745542922,0.8366658959201235,0.8707049021005252,0.8446907554524862,0.7984356030369496,0.762105011552001,0.7549543890491184,0.8466062369876286
2022-08-30,0.9269403915901306,0.924966192198421,0.9203621318568493,0.8283780976564553,0.8655312911038734,0.843105365171543,0.7954391470724853,0.7605389707728437,0.7530647114389867,0.8446517437459672
2022-08-31,0.9255628350260987,0.9246201446698575,0.9197260710678885,0.8193320732650217,0.8637336256104082,0.8425222824293945,0.790251255004665,0.7595845737365975,0.7552825090490457,0.8382247006430608
2022-09-01,0.9248377161119837,0.9228952848803398,0.9245674735529946,0.8182990786712987,0.8641985975140882,0.8414719365834866,0.7904459127636515,0.755888074391713,0.7536057693654847,0.8345969802989488
2022-09-02,0.9238958324342478,0.9195309541127318,0.925377167606425,0.8202099051736608,0.8629518440096003,0.8400297941771923,0.7891427753178635,0.7539779495814295,0.7511615292997679,0.828122610314192
2022-09-06,0.9238254189926214,0.9181663026153021,0.9245471282398395,0.8144757787874766,0.8525068767857794,0.8309162668827473,0.7769892496859826,0.7464242976070719,0.7415675950418734,0.8221753421443005
2022-09-07,0.9191645422941018,0.9052133967477839,0.9246871720927458,0.8003171744288158,0.8354291889231038,0.8048411466895243,0.7591330311371577,0.7312319597107703,0.725592860812884,0.797092598728516
2022-09-08,0.9167707920387682,0.9105020270210172,0.9200171211935055,0.7885903167765507,0.8275404711077274,0.8050450823789866,0.7574552368644557,0.708778467819582,0.6949401314755064,0.7902832771985698
2022-09-09,0.9151176432182923,0.9107091136155547,0.9193664816304374,0.7913065140298802,0.8300339225939526,0.8072466412230305,0.7601256074691506,0.696965228819882,0.6861325454566937,0.7895467559905662
2022-09-12,0.9147119799073988,0.9130549623469615,0.9194545518599067,0.7898886402025396,0.8281650784172913,0.8065542911628006,0.756083745802349,0.6979257327718515,0.6839704984257251,0.7874797812366253
2022-09-13,0.9239934575745922,0.921139317369816,0.9210870031106215,0.8166954360692733,0.8403686218493815,0.8196426839068462,0.7778792934453393,0.7377952136031332,0.7550493125979748,0.7979407678957446
2022-09-14,0.9247340462842562,0.9191995286224166,0.9157285994543237,0.8250487262110017,0.8441013460418044,0.8247669741307221,0.788566571294616,0.7904982791088431,0.7939220886901482,0.7999599174632026
2022-09-15,0.9229371213170312,0.9193439862621156,0.9121590130225677,0.8204286524963473,0.8402426737266263,0.8246193524321815,0.7880448769159656,0.7936793425901334,0.7969080448504972,0.783466212031236
2022-09-16,0.9227230955237036,0.9197600199379077,0.9063540600272507,0.8214976620773174,0.8400716517423067,0.823218369051265,0.7897956372803506,0.7914725762068732,0.7979485451055606,0.7835061933384159
2022-09-19,0.9220514044529069,0.9228072711808809,0.9029727567366518,0.8228425265710237,0.8400417095023107,0.8292204076044255,0.7977708444898657,0.7910129114530399,0.796661301875398,0.805848685243079
2022-09-20,0.9386543284832148,0.911295143464301,0.9019978472580146,0.8737974587054063,0.8401217835642023,0.8298051029705382,0.8539481810385585,0.7817630164159192,0.8107445906137845,0.8031535538466102
2022-09-21,0.9436163682040251,0.9113160234989603,0.9003737715534783,0.8715686780427132,0.8355958515220384,0.8215075531434759,0.8487367428952463,0.7929898530239251,0.8248884518983727,0.8046813695856329
2022-09-22,0.9429548843485978,0.918903691224692,0.9007136927624311,0.8774732934134585,0.8393684543331315,0.8191143069206384,0.8514704716561536,0.7836637193744593,0.8257162316142158,0.8115791861478998
2022-09-23,0.9453679024306978,0.9289692193253827,0.9122833998474812,0.8758573197392988,0.8331220041240538,0.8254825099660881,0.8677422333068615,0.7918240693001295,0.8286269454059222,0.7991611450314696
2022-09-26,0.9453052364383862,0.9310122793893048,0.9152533621681165,0.8764035985426455,0.8321198496111715,0.8259460839905057,0.8677975823990705,0.8061986581156857,0.8402616486102201,0.8004080740610314
2022-09-27,0.9444225668246915,0.9299880899346883,0.9091909761290808,0.8745328948443527,0.8317300798265524,0.8266712502149705,0.868653464764322,0.802552012111538,0.8341448594793944,0.7996200371236322
2022-09-28,0.9451366481647364,0.9320003720185511,0.910728243589609,0.8741482810012677,0.8373287612288299,0.8312319548037059,0.8655567337076837,0.8074775592264487,0.8361855905010952,0.8042414194717226
2022-09-29,0.9451168437508823,0.9317597896887757,0.9101529507987693,0.8732686957021158,0.8399373388109784,0.8337143721493399,0.866401953821382,0.8105393664669129,0.8366637232475861,0.8093849564219558
2022-09-30,0.9435112497050101,0.9314039376493642,0.909948399988261,0.8715130069345248,0.8375946605675401,0.8335749930299878,0.8666560425142482,0.8087278533676668,0.834430940730281,0.8091317311599894
2022-10-03,0.9454365338659518,0.9325548475768357,0.9190889467201854,0.8725049096190759,0.8370603551181846,0.8361954151096396,0.8699534812556061,0.8215716384135283,0.8426455859690324,0.8091888267818831
2022-10-04,0.9478549923938612,0.938877139973985,0.9224162723907664,0.881514577535066,0.8522805306334366,0.8534828802456345,0.8782829732843513,0.8330385636893617,0.852435187243141,0.8118338368849495
2022-10-05,0.9487506789461799,0.9388352879808197,0.9047168256142045,0.8827214171111853,0.8534657375937158,0.8547108591119718,0.8791625400375214,0.8359383074910952,0.8530539751596816,0.8131570367162617
2022-10-06,0.9491169817492197,0.9380485926703166,0.9058695832504245,0.880906271993983,0.8564264738103178,0.8554595745104664,0.880637365059971,0.8393674741185709,0.8605514306019689,0.8147605798949155
2022-10-07,0.9527353194441938,0.9440093053054894,0.9054817605809188,0.8880525148819999,0.8766692210796984,0.8489966440329922,0.8777841349863529,0.8423992230277186,0.8609429100138524,0.8231782951672124
2022-10-10,0.9525139488364748,0.9384246237165054,0.9066124730559606,0.8810634291571932,0.8634380602001707,0.8336624745351668,0.8749973383025468,0.828123959809171,0.8547706230599106,0.8331138134633369
2022-10-11,0.9573966171412059,0.9433050495187808,0.9051727489018343,0.8840474351711363,0.8744824944994296,0.8642090997640426,0.8894475000448796,0.8121949004888483,0.8378004336386043,0.8401442357462116
2022-10-12,0.9521793546105776,0.9443363356516303,0.9045936110768503,0.8738965141487028,0.8570346234747338,0.8694152847276724,0.889006296343826,0.7935674235365968,0.8251014349743976,0.8262454031858423
2022-10-13,0.9594139464039816,0.9501140707986668,0.9062024691331716,0.8770728830663617,0.864401984557226,0.8829242344178347,0.8983058744805338,0.8098778731714397,0.8360365798276761,0.8391026359657731
2022-10-14,0.953486843271008,0.9337859718131889,0.9095077520518399,0.8171738106657139,0.7609292738992156,0.8467913457155292,0.885563593078812,0.7581048653669648,0.8133247471576904,0.826015422908219
2022-10-17,0.9534046406148693,0.9356272439327328,0.9087805897562801,0.8116607816770124,0.7679844036567707,0.8487286379531855,0.8731109589186686,0.7837027353342797,0.8330395478962357,0.8313277113630508
2022-10-18,0.9537867099825155,0.9373123800853759,0.9057210262656715,0.8203893170333539,0.7750621683227342,0.8529829353966232,0.8773923659076708,0.7902126662651293,0.8402390231379676,0.8322743079943714
2022-10-19,0.9536863297068403,0.9316549261534783,0.9079757774266296,0.8216987159794876,0.7765249156148896,0.8486769755724624,0.8692833663214953,0.7891819775362308,0.8365053098712426,0.8240217732183575
2022-10-20,0.9531473052654643,0.9283346244293924,0.9080940515879593,0.8200692274933601,0.7729599318188393,0.8471477944034446,0.868172499810654,0.7872398052452677,0.8355027192003485,0.8197014343141305
2022-10-21,0.951116474498482,0.929047915500903,0.9087462700690758,0.8396058784223945,0.7934674322304994,0.8696704177167565,0.8829287417622234,0.7124657161124764,0.7932780552956153,0.8274162567490422
2022-10-24,0.9526096957638629,0.9273332124835177,0.9242775700935012,0.8385385342765772,0.7959797550726783,0.8688407914965983,0.8805446724972572,0.7110771110139956,0.7903395636666056,0.821824836290028
2022-10-25,0.9528616468484739,0.9278297874266582,0.9174424587195952,0.8384277463385217,0.7944115202582124,0.8674111254717933,0.8805865949107872,0.692671132277261,0.7780339246818097,0.8203819266343247
2022-10-26,0.9523692564631765,0.9285378604802844,0.9178184342005004,0.8410381805344149,0.7956103932514278,0.8667791075935322,0.8799613902904524,0.6894902956108943,0.7765803924986402,0.8201065236134673
2022-10-27,0.9530994698797219,0.9268557849256978,0.9158952835655549,0.8387277712946525,0.7958167101053799,0.867204132736729,0.8787160559987007,0.6907052299350893,0.7743400531363004,0.8125287577352615
2022-10-28,0.953312891491243,0.9251598990128536,0.9112890411271236,0.8337781116281773,0.7968752306575753,0.8684032423413233,0.8781948508188243,0.6997017310476724,0.7770913303480323,0.8147854530452017
2022-10-31,0.9560353926163095,0.9237422365465011,0.9105328192419786,0.8328022327735894,0.7998125688271253,0.871464588989755,0.87512334991407,0.705133788378664,0.7776436534773412,0.808527553655747
2022-11-01,0.9523876565697175,0.9233855118707088,0.9113128039272635,0.8316610439229256,0.8050328697790846,0.8753040774611051,0.8771750674684724,0.6976705326919425,0.7784928311174066,0.8078421576480305
2022-11-02,0.951647082707171,0.9229007331312079,0.9130457178393803,0.8293359009597301,0.7980692891088303,0.871439875333535,0.8764760506932779,0.6981460737447923,0.7727640085258173,0.7976663486674128
2022-11-03,0.9502498080870829,0.9195801418008486,0.9139724241857531,0.8228854713209168,0.7911197566864239,0.8688657370955051,0.871004409954213,0.680287776734851,0.7613188375766412,0.7893215768352556
2022-11-04,0.9524184713193027,0.9181227620794045,0.9123732568023866,0.8227451541803066,0.7913993482678634,0.871837600452196,0.8748701244178286,0.6907649498957944,0.7700417761249405,0.7914233099065557
2022-11-07,0.9526085415283166,0.9204003359300097,0.9134335667539024,0.8224790565530354,0.7889822564199189,0.8713226195364216,0.8739634961105989,0.685983969650545,0.7682476861369515,0.7866643870978155
2022-11-08,0.9526388415659649,0.9195341133904283,0.9115094386548925,0.822965965430006,0.7891244772998912,0.871228419486262,0.8750173527034583,0.6786562266100771,0.7625715478107283,0.7822021235909673
2022-11-09,0.9529248646108043,0.9161208358228342,0.9189342651536627,0.8270319635220424,0.7924526184976801,0.8732377157656864,0.8773984131357278,0.682237223150214,0.7660784178808091,0.7857861361735942
2022-11-10,0.9558650536486532,0.9208506934676909,0.9189504487372865,0.836433147274733,0.8032922432990067,0.8813925098270312,0.8858936042715548,0.7044069303155996,0.7831843263964141,0.8181539531958512
2022-11-11,0.955561882786547,0.9219536982142871,0.9205165092260671,0.8346824229014609,0.7991249204190449,0.8777522406457872,0.8845174975128534,0.7078003614013894,0.7844510097200553,0.8190411997359215
2022-11-14,0.954819535177795,0.9212581555706215,0.9206791990308932,0.8326507722069564,0.7973671997406531,0.8774663054939943,0.8827795094534724,0.7064632446932702,0.7812588380350357,0.8128409800341279
2022-11-15,0.953399326478455,0.9196176755218053,0.9208622693188069,0.8287839549156939,0.7898247162555293,0.8741600388985992,0.8803091118298928,0.7004014708820425,0.7765356335459493,0.8092247864152007
2022-11-16,0.9517215607880047,0.9202446509768234,0.9188224747391904,0.8300918171200534,0.7906064098466004,0.873661659039867,0.8793300400786221,0.7012914496363089,0.7779938773106185,0.8097499290429137
2022-11-17,0.9518556548759086,0.9205006051357256,0.9187709211888987,0.8302997981605341,0.7911813211871866,0.8740924158829162,0.879472666055165,0.7035892825928266,0.7793740902080704,0.8098829972557006
2022-11-18,0.9504578007289401,0.9192885651329402,0.9191272736103133,0.8286505239581607,0.7893009836331352,0.8719338292878367,0.8786267730665107,0.6999560602097381,0.7744059893248928,0.80896880139314
2022-11-21,0.9462060100532917,0.9152656714519849,0.9195802792460788,0.8205625845533595,0.7777276517321319,0.8638397346051161,0.8731098119984364,0.6870904520003933,0.7667914604872629,0.7993031666827943
2022-11-22,0.9445090060610887,0.9155722227104197,0.9247141525099286,0.8222960923581841,0.7791032243967346,0.8641832947848249,0.8729836477911013,0.6891509326047413,0.7670938427163362,0.8035074857937511
2022-11-23,0.9446124867469682,0.9165782751884899,0.9250286631033497,0.8266727092349193,0.7795825997319662,0.8640493755017088,0.8739435594504302,0.6870694818769463,0.7667403050106436,0.8040301016046796
2022-11-25,0.9449979637913306,0.9168189554190744,0.9257691714981215,0.8357621589681606,0.7831048425284421,0.8659258824180682,0.8796393672333216,0.6856408172082045,0.7643583723436399,0.80717046627709
2022-11-28,0.9462001566988812,0.9180509636795043,0.9277632089097237,0.8368333266401692,0.7843043818150339,0.8685912750734621,0.8819186612649865,0.6923658360006492,0.7690976370985758,0.8112499345852131
2022-11-29,0.9447180242998185,0.9181733475497187,0.9262577511755528,0.8356882762278242,0.7881176353788881,0.8655084168809775,0.8825231128265111,0.694200704521097,0.7644054744232035,0.8056523074034029
2022-11-30,0.9442794252115827,0.9166488981682754,0.9257580726258154,0.8371828935152454,0.7897715878806868,0.8702775370753554,0.8817286858835324,0.6950187654551285,0.7670506638531832,0.8101695904087485
2022-12-01,0.9423352020980696,0.9161928757446645,0.925727180984469,0.823604894795424,0.7838413162062005,0.8696931878130488,0.8752845367009954,0.6876687936064443,0.7531545330368377,0.8081016498819834
2022-12-02,0.9424555847264788,0.9160934742279647,0.9261625391877714,0.8236119678555935,0.7820293148314472,0.8699607402059033,0.878782766967479,0.6886703807037025,0.758251407680168,0.8065855574221457
2022-12-05,0.9429275668232278,0.9179802874176639,0.9287846311036838,0.8254773804764887,0.7891367806321545,0.8760009907535903,0.8804959457050381,0.6882142684268184,0.7404099168600508,0.7972885445502735
2022-12-06,0.9132455776815273,0.9200261755255772,0.9308473419615234,0.8286355137233111,0.7784230565167982,0.8634712672658478,0.8824013971688195,0.6868071173854349,0.7292878235637426,0.7854409309970133
2022-12-07,0.9090269005557379,0.9167555979196355,0.9293344616894539,0.8204919838649816,0.7666268827579682,0.8536586279047812,0.878689145919109,0.6659272960056816,0.7141309438641802,0.7759906520171435
2022-12-08,0.9037955518538736,0.9073730976006696,0.92797562034957,0.8106990654840455,0.7676937187934049,0.8487221849570961,0.8790177852089813,0.6653232304314635,0.7156157847566826,0.7670745874146283
2022-12-09,0.9024193308587233,0.9060542666494358,0.9209457188834893,0.8082434319659726,0.7615255339785809,0.8460046566666743,0.8781906222359706,0.6676863215103079,0.721052044922589,0.7790463572355434
2022-12-12,0.9024812674926312,0.9070816606382258,0.9178870123023838,0.8081954451718187,0.7627216296400514,0.8476185940664653,0.879696529770139,0.6697131925120511,0.7212077192305313,0.774150942761246
2022-12-13,0.9030961818738058,0.9086209906326291,0.9162533594922672,0.8030831020736522,0.7559381511777402,0.841434547977519,0.8778640252736906,0.6687015950063602,0.7187828455553489,0.7756786691542721
2022-12-14,0.9036360652384043,0.9097160262525256,0.9167502053883818,0.8017436714821811,0.7497872246978005,0.8331078565931561,0.8752746093775798,0.6665446484799212,0.7190529540296813,0.774866770850921
2022-12-15,0.8981220377833409,0.9127382113216164,0.9178094858263007,0.8041433182398562,0.7637337616659697,0.8457952664883684,0.8743066123623746,0.6623263500605241,0.7119250137883212,0.7756423631297169
2022-12-16,0.896182821056773,0.9132322804834785,0.9180393634228108,0.8002185393353785,0.7622339602786686,0.8469608122771267,0.8714071642935841,0.6613996779703699,0.7012393114985654,0.7725915123354902
2022-12-19,0.8930406593192158,0.9067102882119173,0.9056640378357474,0.7842195353848616,0.7513096070260259,0.8448148056452326,0.8661272757765424,0.6527914922217387,0.6889788735259531,0.7792405362871652
2022-12-20,0.8908596051673566,0.9052718064972838,0.9034990615187176,0.7782951725676864,0.74437258315347,0.8392539571965864,0.8629878482832335,0.6453763788881974,0.6833672769073951,0.7794053332613465
2022-12-21,0.8899230193393847,0.9082403532660583,0.9123430048205102,0.7812501012775676,0.7447687315013323,0.8378270096743109,0.862734514760801,0.648347114418172,0.6872324495718929,0.782669647429122
2022-12-22,0.888802272503931,0.9053535839686542,0.9096145986703654,0.7798584051456898,0.7408084145335343,0.8401351937468021,0.8659491539541561,0.6459955078012084,0.685250843891142,0.7864025705267098
2022-12-23,0.8887723656054749,0.9035873045181155,0.9120642121887524,0.7775080788091401,0.7351241273141919,0.8365590051315552,0.8649478416204118,0.638324933715246,0.681238043683571,0.7819718509099208
2022-12-27,0.8877720801094203,0.9038294411676397,0.912852604933743,0.7725288586155582,0.7308976543917419,0.8311132123335949,0.8589683272803957,0.6307877970556571,0.6765616958807383,0.7798594160109908
2022-12-28,0.8837696963984358,0.9031603186811235,0.9035264595676382,0.7665421998553804,0.7265525922763144,0.8263913205964497,0.8529199278427675,0.6091080761753868,0.6548094379783851,0.7783070649321377
2022-12-29,0.8744894210191527,0.8973838200491365,0.8975373827566812,0.7499959449975275,0.701083004558826,0.8061719698042235,0.8456092254668564,0.5744882331347201,0.6334651848155973,0.7779076132764279
2022-12-30,0.8726619120754091,0.9004588434869019,0.9265855071432061,0.7484240862786665,0.6982695011555795,0.8025664925331661,0.8452714688793426,0.5732229433694408,0.6319657709813824,0.7759831582638682
2023-01-03,0.8729063999523109,0.8987665901457651,0.932924431747529,0.7462376198416278,0.690224763961046,0.7986754983747646,0.8440391438641615,0.5661556820279143,0.6241219455542901,0.7716939176396891
2023-01-04,0.8676792645793497,0.8991722210010291,0.9274695972000372,0.7394583168913231,0.6783235493507221,0.7957891458649465,0.8379468819697926,0.5517972946104677,0.6198562305322014,0.7616317021895577
2023-01-05,0.869840708165375,0.8990615890560173,0.9267249846679518,0.7389627132934562,0.6775423711706575,0.7952786962110581,0.8347779757024112,0.5457706256117638,0.6148119256924897,0.7598264867687935
2023-01-06,0.8628311149406938,0.898426227121743,0.9283288606445207,0.7329625674012742,0.6754394497683656,0.787208205409899,0.8278165957537081,0.5696180461229501,0.6249153223761504,0.7562389058520983
2023-01-09,0.866341197823658,0.8950138459627914,0.9258752866704233,0.7302284135167717,0.6827923447038324,0.7770881324706598,0.8071224534835809,0.5745351167192589,0.6213062520466783,0.7533779486117829
2023-01-10,0.841676450771942,0.8911903630291304,0.921203140965207,0.7149225075608169,0.6635150918217755,0.7496805012596928,0.7836394075950639,0.5377300886571735,0.5901388856564339,0.7346650519287351
2023-01-11,0.8480411328178428,0.8862989513965258,0.9094787726947273,0.7736437668991767,0.7736679218649042,0.7986752445125391,0.8012255290828213,0.5862333963440757,0.6073659172464896,0.735813759114105
2023-01-12,0.8252072983255847,0.8834109106940504,0.9102601940128044,0.7859884987310077,0.7673677790726617,0.7888259497879756,0.8124945801633309,0.5541568769496663,0.5803244418807295,0.7238628977788566
2023-01-13,0.823020869957656,0.8797686022505014,0.9114519682734002,0.7741791668851792,0.7539512850819009,0.7766929186080351,0.8053167065612249,0.5274831952403642,0.5508938393781377,0.7204315720402888
2023-01-17,0.8193239511849767,0.4568290489012147,0.8958851487184358,0.615500005854704,0.5925646544866976,0.7422928382688584,0.7643303099079268,0.5264486235289701,0.5502308073640994,0.6405433510485918
2023-01-18,0.8240088871071203,0.4569056930201699,0.8992597028312735,0.6145395838788592,0.5818334543988573,0.7159039710359545,0.7555288235315546,0.54289810063655,0.5626876928057863,0.6387192621464374
2023-01-19,0.8112787896779766,0.3986571789730525,0.8979022977232727,0.596261603416318,0.5660971823540674,0.6572952442442334,0.7192156397940486,0.6873984601883576,0.6435143115082872,0.6319637883749154
2023-01-20,0.8023741583482841,0.35589711311787187,0.8991573694363285,0.6058036010398818,0.5614400237302877,0.6423861634661151,0.6569124478187914,0.6747909784197458,0.6546086340717429,0.638088832977367
2023-01-23,0.8075740061868335,0.3538490427525091,0.9084035044030506,0.6037132225652982,0.5625190083512649,0.6523077991326615,0.6607254071748112,0.700180880765737,0.6621994871929214,0.6377867100334612
2023-01-24,0.8071169489638869,0.35359567915970985,0.9060170023734287,0.5869891095444957,0.5465381938343281,0.6466762049210794,0.6555372742472005,0.7057740688478277,0.6664627141780965,0.628659642331633
2023-01-25,0.8066939297952429,0.35492434093685893,0.9059138140199243,0.5872457532290931,0.5473685971441593,0.6467392727246174,0.654904095777038,0.7061707111459714,0.668634295234936,0.6348239471868564
2023-01-26,0.8043258667682925,0.34573374216243474,0.9191605683122281,0.5860435565170932,0.5418250298447532,0.6430209862500345,0.6571338202004922,0.6992157667611499,0.6563578590750241,0.6296762563805518
2023-01-27,0.80394478754381,0.34742058938908543,0.9067814028699032,0.5857031168257416,0.5414652461641701,0.6460166570821789,0.6587413298420894,0.5700491536871918,0.5485826837347589,0.6344174674063041
2023-01-30,0.8076662013035925,0.3365642073425019,0.9070420223784338,0.5861338770534372,0.5325548962751621,0.6282234266239091,0.6531014201643394,0.5882243098296475,0.5529881316617771,0.6344394040957128
2023-01-31,0.8106742936565772,0.3452065406353763,0.8929865867955927,0.5887789873356127,0.5420676414841393,0.631876295255313,0.6507667342860889,0.5824678238700789,0.5580454502407325,0.6478375427691025
2023-02-01,0.8018277106688932,0.3433857532785467,0.8928510528882301,0.5886533874629829,0.5410478762900465,0.6319080986427629,0.6459615267793145,0.5957862537543764,0.549351735329054,0.6457613386429986
2023-02-02,0.7858946936525742,0.33637112531351687,0.8847185856919283,0.5862062281939473,0.5326652948416035,0.6049762017942254,0.6319653127327983,0.5734686155832359,0.5255060457534798,0.6434609373794206
2023-02-03,0.785427884581759,0.33393017041965106,0.883686361862139,0.5834856702739224,0.5253607963939029,0.5985087057766745,0.6295492327394541,0.5836081993425201,0.5267621047246065,0.6413829877425713
2023-02-06,0.7843638422140286,0.33419118298425127,0.8835625359488355,0.5850406196871831,0.5211369543906276,0.5989984118213457,0.6289774119899042,0.5799211252766114,0.526063843540896,0.6487542572888222
2023-02-07,0.7820302905235509,0.33040222090532734,0.8774503410583592,0.5727109271460334,0.5044355722175925,0.6021084218542173,0.6312930837182614,0.5692370836075679,0.5162302151915935,0.6386625237195013
2023-02-08,0.7448919325800659,0.19801385346623374,0.873517006483945,0.4882877884519233,0.39091978304165664,0.5306847402339567,0.5726603575815841,0.4951117360816521,0.4423111972988101,0.49696607353678074
2023-02-09,0.755334654006154,0.18713910882216023,0.8632830068768775,0.4912880179362154,0.4050615423241375,0.5504303506822421,0.5826904228984388,0.4870137463088255,0.43703426274277674,0.48780422055717415
2023-02-10,0.7489190841271461,0.18317981727520247,0.8606994015848485,0.48256366897318964,0.3972709942488913,0.5492818277418302,0.5768510128183533,0.48375410424850895,0.4351922342585238,0.48458248383586977
2023-02-13,0.7498046656753893,0.18672515573253654,0.8606757499552586,0.48404270136702177,0.4093835908047904,0.5560768210831067,0.5772715262659281,0.48621466689617054,0.43581561509858485,0.49001332592839586
2023-02-14,0.751520748875245,0.18152162219243334,0.8474600261668539,0.4789976077234289,0.412112586119729,0.553337729340969,0.5775532240186496,0.4860947066439706,0.43228677344442534,0.4722285578159973
2023-02-15,0.7503889960668774,0.17683209693594276,0.8471865353833806,0.4776908154191724,0.40828889880978514,0.5523308284385572,0.5749468381580539,0.48130511316136376,0.430810823361336,0.46700443885967596
2023-02-16,0.7514378039022165,0.18693947620492912,0.8455749777793273,0.48115286494488074,0.4223779092638864,0.5615957933178509,0.577569290957927,0.48868336536035184,0.43489816023084477,0.4769267797046174
2023-02-17,0.7574222116494504,0.1885196712433331,0.8439961379598555,0.48190932668525355,0.42089281995003835,0.5644301187293503,0.5756796553439336,0.4885704843178724,0.4337437273522989,0.4772150016403897
2023-02-21,0.770123644496004,0.21058821960361743,0.8354362785923162,0.5000357316036461,0.44257797474559085,0.5749837869782559,0.5882174030202922,0.5029132126501924,0.45012911843447545,0.49903448189137917
2023-02-22,0.7713107987695667,0.20991623911860827,0.8327515246328825,0.5010519506295723,0.44582528120306675,0.5701003780518826,0.5864905895941159,0.505869324432633,0.4502876544718171,0.5004600206216855
2023-02-23,0.7690009478308504,0.2082422123037318,0.8337615476777248,0.49987049265781053,0.4479655115475377,0.572888810622634,0.5847034983663936,0.5044168125509465,0.4507436051760881,0.5016474251533156
2023-02-24,0.7562061793741678,0.19536409282125908,0.8250846463625754,0.4903850665931192,0.4316689557039735,0.5607355966034346,0.5743084444851764,0.4806962392729162,0.4332127281726813,0.493066168089449
2023-02-27,0.7586402881828451,0.1868005960463548,0.8254888544822518,0.4851117751942294,0.40911745592868737,0.5646756530374958,0.5734734244268622,0.4603565602501993,0.4303816833659717,0.5033941297744987
2023-02-28,0.7551265796024847,0.1686704369087358,0.825738751913387,0.46241608108982396,0.39181356445165566,0.5008254497574469,0.5244174015835171,0.4510851715392997,0.41619826984215885,0.502057608824572
2023-03-01,0.7467661179848233,0.169926434773456,0.8266086872373123,0.4761279783301221,0.39677979561235177,0.5042725179343753,0.5342494606065346,0.4482375036921102,0.4236657973045412,0.5054458746554962
2023-03-02,0.7474741516858009,0.1635578069888316,0.8263878869433096,0.469377332394575,0.38972537874836854,0.48528561792408725,0.5177752836216425,0.44685988696800105,0.42266133468067923,0.49758864169269723
2023-03-03,0.7197050632286951,0.15782484664139115,0.8213246457001411,0.44330968563274054,0.36469656971667624,0.4769581042935668,0.5131542407277592,0.47339593327537216,0.46295409376157975,0.5229266441224415
2023-03-06,0.8123242811016699,0.11534999013304754,0.8138872705294863,0.3809483501217024,0.37682191814380744,0.4841065955730481,0.4877938673303036,0.4745362833945473,0.4838976607916533,0.5494141096478631
2023-03-07,0.8381850625856796,0.16534630233704273,0.8165225829712152,0.42883354536461693,0.42493797154548285,0.526921343216665,0.5288340877441746,0.4942305856311147,0.5036844191071198,0.5665163488560305
2023-03-08,0.858597361163961,0.16907098931823955,0.8143874819836671,0.44815708002204335,0.417618577076519,0.5253195863033197,0.5085234022752895,0.5031136962487017,0.5014167135327341,0.5810511874196245
2023-03-09,0.9020003253452858,0.211948592164726,0.824825733074577,0.5459397016793607,0.5225023183051205,0.5276841639098316,0.5047034947850402,0.4849352553573124,0.4749686436664064,0.620131217101283
2023-03-10,0.8565122655703498,0.2509174995197109,0.8244819314901253,0.5408150863713002,0.4380100718224022,0.40371805775295816,0.4946817653793209,0.3839135758670202,0.46876450170591255,0.6371417972619599
2023-03-13,0.8250510445749513,0.27444614809163964,0.8257828902781856,0.5620712318853187,0.46220979729648953,0.43264068216640494,0.5474189066652468,0.4120089266969373,0.5402190709690378,0.6321455661207107
2023-03-14,0.8202246880450158,0.2759278104508245,0.8227881214133184,0.5602602642421135,0.4861388241170889,0.4524943192500681,0.5459709163155633,0.4417722837634935,0.537531502386022,0.6364602307762172
2023-03-15,0.7725876562396403,0.3002527674796187,0.8439649800736893,0.527600004990074,0.547754517766112,0.4685446669118115,0.536941031683132,0.4453098698937013,0.5315005077198675,0.5963927836902997
2023-03-16,0.7786552269517125,0.30438009729499504,0.8414900425276367,0.5393508421272547,0.556824571937908,0.47213505253726756,0.541905460073924,0.44171316362526714,0.5364403554119693,0.6055203593209579
2023-03-17,0.7988008204946832,0.3490928292163518,0.8425727169350113,0.5921243434918401,0.6008785239530788,0.5145468690988572,0.5813589788140737,0.4712216490930617,0.5658032967630023,0.5800215211152178
2023-03-20,0.7952591595665499,0.36256574428207694,0.8425667604921394,0.5895773187048757,0.6071886488416895,0.5198670753776524,0.5746451780673364,0.4744094766517756,0.563777853064093,0.5855046465829963
2023-03-21,0.8034397234417147,0.3808836526762778,0.850938755779219,0.6078940844546825,0.6237895529153675,0.533142286776582,0.5856431496378061,0.495118927407702,0.5843040325592308,0.6004559680318902
2023-03-22,0.8118255160222194,0.38308528563496913,0.852715543767573,0.6116360275913155,0.62789060085551,0.5317687541205685,0.5831882097678524,0.4955194085292146,0.5834133625016906,0.6054010688653698
2023-03-23,0.8040252198155019,0.37363909120719896,0.8481822420236357,0.6221185234584731,0.6251718468340229,0.5307721952808115,0.569833758868797,0.4945235016664561,0.5769516840909765,0.5906840243644691
2023-03-24,0.7893868120482944,0.3716942008187958,0.8438488280248303,0.607625420550341,0.6368787332613194,0.5348318015092036,0.5689476739216927,0.502994081213481,0.5654488974553546,0.5962885505678592
2023-03-27,0.7973027608775869,0.37549911682936987,0.8428384490431073,0.5951163153999263,0.6374473867686686,0.5484677996858741,0.5791226381160441,0.520575400577634,0.5776788782151134,0.5973023489644883
2023-03-28,0.7930980337994372,0.373069866278138,0.8437055840014045,0.589708661132589,0.6366513740275836,0.5472374489856593,0.5751827105042908,0.5091141126670091,0.5758623045148763,0.5966871070659843
2023-03-29,0.7875625227396353,0.37675632108321444,0.8438378031483154,0.5966739128638133,0.6366099504076367,0.547743497198804,0.5763698567127642,0.5063563380187902,0.5851829718982314,0.6035491292500323
2023-03-30,0.7859701528158213,0.3741395654496061,0.8337021477304702,0.5942670493589423,0.6354104718457844,0.5454781534321448,0.57131135367728,0.5099525148411493,0.5930563660025122,0.6006271594886502
2023-03-31,0.7874401994486332,0.38431721111381495,0.837181136047082,0.5955744448560832,0.6375509413832992,0.5500164968037237,0.5770320191012277,0.5097852600062497,0.5887260884094057,0.6034449238987909
2023-04-03,0.787256780562496,0.3812357537683664,0.8517239163515087,0.5951931623506068,0.6382771332670114,0.5517330129104818,0.5787610131192987,0.5158043497088088,0.5947358631161748,0.6069632712235044
2023-04-04,0.7880608515963032,0.3802424255511454,0.8510351017546088,0.599449450560268,0.6343727481397603,0.5494912809436725,0.5786245538785402,0.50761026521914,0.5917584487050375,0.620233455265513
2023-04-05,0.7862112790691396,0.38128083480839897,0.8513037276122692,0.604076841683209,0.6309734806131149,0.5547002692467227,0.5922360044182265,0.5064667953302058,0.5946872852909836,0.6322572085889695
2023-04-06,0.7831776549734774,0.3754589903654498,0.8533563852017556,0.6023019433366986,0.6278362866397841,0.5513046247472014,0.590132344866469,0.5022827539141305,0.5828188672924371,0.6297956016556732
2023-04-10,0.7824405503271341,0.371458752339838,0.8562463887913192,0.5999642367381341,0.6260254727603387,0.5495772285770566,0.5884590477807837,0.5008467576379219,0.5818987321751272,0.6278846866545877
2023-04-11,0.7754713688035015,0.3684109608826612,0.8553962766171588,0.6041677241784884,0.6294933542777468,0.5544813393505604,0.5883040835642541,0.5013752260465901,0.5734459747312123,0.6358935745441591
2023-04-12,0.7674406822237809,0.36447787949536886,0.8550805070076081,0.5972261868254811,0.6256430513929938,0.5487199990884833,0.5791847605043311,0.5026230241606289,0.5770819625526803,0.6348837420712186
2023-04-13,0.7648979387798213,0.699924574315043,0.8624993895919006,0.7189180032997174,0.7467799372202154,0.5666414249059178,0.5981030799624254,0.49949073394811466,0.5740291292053428,0.7187707924526839
2023-04-14,0.7573213537259427,0.7036690651366098,0.8597324782932784,0.7235288413345382,0.7081971353197182,0.5565182795859064,0.6090671297556887,0.4322904890948044,0.5555977947233064,0.7148441134691529
2023-04-17,0.7495283691187885,0.7193626792967229,0.860682227514462,0.7355316073440707,0.6968360789710625,0.5650202535300353,0.6153646466682657,0.42432788943131255,0.5417180771416855,0.7036485647020027
2023-04-18,0.7553311556878257,0.767798235434158,0.8508864809108284,0.7308421573862277,0.7073498049664017,0.5628351005642347,0.6471173537420022,0.42952377522081814,0.5312806433890718,0.6902352142607746
2023-04-19,0.7503875009899571,0.7687933723054517,0.8506882001397584,0.7180558983640816,0.7027809226370972,0.5533034109536203,0.6302146693272993,0.4239308129462936,0.5232790011468298,0.6880669614549156
2023-04-20,0.7496495234246566,0.7725201900887249,0.8514186613083532,0.7329856012112028,0.7163651994516899,0.5532141746992199,0.6306839947424103,0.42295138341720195,0.5220169741161758,0.702806127217036
2023-04-21,0.7494719212463509,0.7735834483526054,0.850431287905503,0.7327765758175387,0.7135585871893069,0.5500737598723344,0.6292821590971087,0.4218036546815634,0.5203757769934455,0.6744560448086058
2023-04-24,0.74988693829184,0.7645111741382333,0.8428206156147391,0.7293089065826248,0.710563777658146,0.5492469286861992,0.6229339497616468,0.4198206531520395,0.5246900397591062,0.6738650893704035
2023-04-25,0.7565035240236658,0.768336385480586,0.864581285594336,0.737907318639809,0.7181232749717005,0.5562366054646697,0.6296279627318543,0.5355625008211772,0.6501580907758908,0.6842957504726956
2023-04-26,0.7584350737899257,0.7662390613894666,0.865792360068491,0.7323118129387032,0.7079574739085192,0.567208303621681,0.634429861921276,0.5351588149637513,0.6495006928794896,0.679762698853861
2023-04-27,0.7603484437824541,0.7673392901621978,0.8766016490859407,0.736993690322958,0.7111716216314475,0.5752073804618221,0.6426897870704399,0.5397779740913412,0.6545366008188278,0.6841775950317284
2023-04-28,0.7667653294455773,0.7699189121213158,0.8776207518586919,0.7354022537575392,0.7157242954734367,0.5767053986485629,0.6464289854093269,0.5416125745175813,0.6683774691735012,0.6826638099810819
2023-05-01,0.7580017462324034,0.7659029853862984,0.8700616105055639,0.7290223345015181,0.6818066845621844,0.5671880716815109,0.6451967068968177,0.5220971863172146,0.6702248019102902,0.6824435934725195
2023-05-02,0.7593927011112002,0.7702499932885778,0.8795199461252757,0.7344207041159251,0.6867977915922626,0.5749865698820787,0.6554992882578318,0.5231906140341179,0.6865982049643343,0.699769482641723
2023-05-03,0.7571195782687805,0.7742746497688697,0.8821085423259433,0.7341546481727638,0.6936492332829992,0.5800192218573468,0.6556634676820845,0.527909345504775,0.690767733695817,0.7089465365516522
2023-05-04,0.755922532520827,0.780700886707339,0.8733647241365295,0.7419697162918159,0.6950194544612994,0.5807987015461876,0.6621791320698264,0.5285423956314207,0.695040457859461,0.7155556104210135
2023-05-05,0.7608669553952109,0.7872891250520961,0.8845629128774385,0.752788073004788,0.7018829032427901,0.5916624903549325,0.6731605448651332,0.542136998165069,0.7081921154201413,0.7325853765069156
2023-05-08,0.7583489200274773,0.788461791490442,0.8879164062460617,0.7518427698383121,0.700569834358896,0.5863175021517797,0.6684813375801103,0.5489110587415151,0.7166115629887506,0.7345575722256362
2023-05-09,0.7576529244174323,0.7875651972393735,0.8860994228790237,0.7526542477357934,0.699475588207167,0.5864115883596885,0.670055005161791,0.5471854744123733,0.7167616112797638,0.7305097007120082
2023-05-10,0.7560913509582107,0.7864438679230591,0.8869769112093399,0.7532854338228206,0.696692683258414,0.583337415068793,0.6701235650835495,0.531117165912151,0.7117508157588743,0.7295017747362773
2023-05-11,0.7544498825585951,0.7937644981138604,0.8954070277907274,0.7492792865452607,0.6965732993865978,0.5850747458800325,0.6691924054538861,0.5311402869788286,0.7106010218580164,0.7107449539799365
2023-05-12,0.754457798035736,0.7934122674526517,0.8973727190404384,0.7486287993985322,0.6931478426347862,0.583106316670656,0.6697507141273787,0.5270027158429939,0.7089379697944651,0.7128758968256914
2023-05-15,0.7546091579325546,0.7935982325580656,0.9025619257766792,0.7494458377491265,0.6926913916085535,0.5826320905838402,0.6725498380232177,0.5260033162608903,0.7148308515203674,0.7102459252167046
2023-05-16,0.7548383603381605,0.7929178845025636,0.9029222932208542,0.7497096789043296,0.6930610906409465,0.5834287179408582,0.6738213351116487,0.5272966197251975,0.7160941861868797,0.7120727713731202
2023-05-17,0.7626980116055215,0.7989205101886708,0.9085771472349865,0.7576361449623432,0.7011006869181319,0.5962396528723332,0.6898376713260909,0.5379146457036788,0.7237002444472792,0.7229734392934162
2023-05-18,0.7617025486870616,0.7970028189881849,0.9072048509276261,0.7557496075879705,0.7024294030648913,0.5964535915554531,0.690148509742648,0.5445952358502301,0.7242866690938611,0.7172880140053945
2023-05-19,0.7616591854723083,0.7940525667851291,0.9064461988925755,0.753748055272856,0.6932660648170383,0.5946804943336162,0.6921732491078765,0.5439698987247891,0.7236082562056116,0.7100954440245703
2023-05-22,0.7559913307307125,0.7935121942978125,0.9056701544074255,0.7533767110422309,0.6919753237734537,0.5945720448132269,0.6894076615886672,0.5338153759546587,0.7249776640894022,0.7140404260472362
2023-05-23,0.748482413069913,0.7964776516314505,0.8984226449881161,0.7563608902914136,0.6917443881716611,0.5931680721860892,0.6865605456637528,0.5393298893788339,0.7107135035719427,0.7017438003330358
2023-05-24,0.7491198610156844,0.8354316406125347,0.8988182471497795,0.7585821182181962,0.6937045181553252,0.6411243146567601,0.7306918989313297,0.5399645280968848,0.7119117898295252,0.7064494923787625
2023-05-25,0.7493606567483032,0.838432754147725,0.8999955466209253,0.7527630224049118,0.6871824941751522,0.6387458796625024,0.7300739735562841,0.545849994443443,0.7162118234003166,0.711045984435611
2023-05-26,0.7490699238160121,0.8375094751217028,0.8997870770040668,0.7548105498348466,0.6907528998053706,0.6449464370167317,0.7307359726748067,0.541485006634838,0.7003430498705595,0.7149101308518573
2023-05-30,0.7447747649986963,0.8319092939920993,0.8993244454994319,0.7490650770800109,0.6837707370285372,0.6369953087197153,0.7244568669278693,0.5334114210645343,0.6936602562765494,0.7090494915590001
2023-05-31,0.7471382825155783,0.8337655415782068,0.900242270532052,0.7509258850362529,0.6876488162670806,0.640545063308501,0.7265172406791636,0.5291306791894156,0.6879261261427851,0.7146725388879471
2023-06-01,0.7395800010418331,0.8081877097950039,0.9002005623976649,0.7451064399962747,0.6796244628697382,0.5931965632410536,0.6909216481479695,0.5239585916742033,0.6799795848999515,0.7055111526742606
2023-06-02,0.744562513508922,0.8184677700879461,0.9029160780197583,0.7580397732745445,0.6876942265273471,0.6091808831368961,0.7130676569187715,0.536601166597938,0.6962099820100739,0.7148997633577472
2023-06-05,0.7030070075900119,0.8153170118536758,0.9047719496701666,0.7374141232975708,0.6592086967162057,0.6005275469101312,0.7130507158684414,0.542667081878352,0.7140212086821411,0.6914983009218412
2023-06-06,0.7158086470695525,0.8242435693092088,0.9046357363164773,0.7470275792755878,0.6956675866178438,0.7108819108352801,0.7485705802820757,0.6059397589765655,0.7322295479910956,0.6849211195854005
2023-06-07,0.7245452735085707,0.8163032139021131,0.9062679409799271,0.7510872358510543,0.6898780549891687,0.7051338078912094,0.7048829053482708,0.5973610075552972,0.6909353645060614,0.6737122970691706
2023-06-08,0.7262842539896763,0.8108491833088795,0.9090501773739268,0.752697467455968,0.6805799782988551,0.6954618584624408,0.7069514974697638,0.5797690222710156,0.702925509819357,0.6641902836345316
2023-06-09,0.7564662393018319,0.7902656696361456,0.894844250302145,0.7892502634394013,0.6275163037679513,0.6601154743256605,0.7209847862369865,0.5573778258157238,0.704759301774508,0.6798529390194779
2023-06-12,0.752843410611262,0.7917665559696858,0.89799955523329,0.7768218946655355,0.6141124342252946,0.6543398225606615,0.7129672940766896,0.5560760843887699,0.7008518222309111,0.6698009390901395
2023-06-13,0.7293007443542534,0.7745947042187501,0.8949779329996008,0.7594039609703891,0.5790071838270919,0.6084113086959337,0.683989286321101,0.5284865427536931,0.6848771459520593,0.6930724551645508
2023-06-14,0.7340243283109301,0.7662372672985268,0.895144779469078,0.7703518628909454,0.576686161144694,0.6069853364991851,0.7020294826159852,0.5263738908195671,0.6911634469968582,0.6882954715162617
2023-06-15,0.7229208819091978,0.7480109462069567,0.8875915683968076,0.7594007077552117,0.5543213090332071,0.5861489433079432,0.6869404784036478,0.49354877164261596,0.6705140494526977,0.6652014016128784
2023-06-16,0.7041133850408613,0.7447637610673231,0.883908783219349,0.7589867433874775,0.5429172089170651,0.5748521226074162,0.6816868191574245,0.48595282979593296,0.6720959140081636,0.6630089013132637
2023-06-20,0.7112666885574703,0.7655109993920562,0.8872159180337412,0.7530147412677869,0.5469248395820082,0.5736196795685582,0.698628162042896,0.4894104600368276,0.6870547209877098,0.6883243515330281
2023-06-21,0.7267845676637567,0.7610714673258295,0.8906902271506683,0.777555509701951,0.5333111499751441,0.5653685779028412,0.7064001203614659,0.47776577359271305,0.7037169568294658,0.6845650034955427
2023-06-22,0.7173200337215572,0.7715719717227841,0.888925962054755,0.8160706938340342,0.5510146894835535,0.561494955733575,0.7068771653524103,0.4477522290297911,0.6896657293283416,0.6918190802202802
2023-06-23,0.7238383296604304,0.7739601327277409,0.8881948861384819,0.823846026075792,0.5531951846903509,0.5632345283210451,0.7096948278549244,0.4602594678462991,0.6860893947229911,0.6897074796618456
2023-06-26,0.7293143930279092,0.7709953361650056,0.8911477185610572,0.8160974253855423,0.5580789972580711,0.5620621500612827,0.6958168057835085,0.4690330919499111,0.6664880563811777,0.6828189056798186
2023-06-27,0.728388589890633,0.771036018286639,0.8906650281701148,0.8193224732017562,0.5546304748746246,0.5623371188220744,0.7019947587423512,0.4665374086512443,0.6654301180321651,0.6853680919805317
2023-06-28,0.7268100594175765,0.761861929175092,0.8915698983813087,0.8203304590020437,0.5494761703933595,0.5550171361682644,0.699550349561346,0.4541838713756253,0.6559727013680691,0.6799708909828758
2023-06-29,0.7345128148262839,0.7618156726376736,0.874472895750619,0.8253997937587975,0.5601795315610001,0.593024577938585,0.7084317746552502,0.46291005664993484,0.6622094581897183,0.6773449600199284
2023-06-30,0.7251086696242063,0.7606278308977479,0.8749746462664024,0.8195121568651754,0.5471730897936138,0.581271206856513,0.7032557044072465,0.46392444450031567,0.6591610599539018,0.6744236497472054
2023-07-03,0.7277068917700924,0.7647827890374045,0.8785154192581731,0.8194918445557254,0.5515755319624042,0.582557195100374,0.7086423471266979,0.46562761449359963,0.6575786763805697,0.6722674222764916
2023-07-05,0.7308655900959489,0.7596153600901917,0.8768599349233864,0.8195862156415742,0.5551353577404058,0.58598832840157,0.7020382484711832,0.4650511644626941,0.6707000677861386,0.672782207276421
2023-07-06,0.7317990133456344,0.7758859949073461,0.8806154714703153,0.8307730314993645,0.5602250855074336,0.5929191000116673,0.7165254792308403,0.47600461015060846,0.687547938893908,0.6869407071194177
2023-07-07,0.7447414060456542,0.772924822075804,0.8787563606789073,0.8290373742744946,0.5607006611437167,0.5942336820982239,0.7205640517545402,0.4707819237290336,0.6905217300018667,0.6816338485501641
2023-07-10,0.7454917200281419,0.7724187804492196,0.8789095402223013,0.8340716749492172,0.5620514038756442,0.5989102073415181,0.7312810494292561,0.4735018781312234,0.6896762922250552,0.6781856715523992
2023-07-11,0.7482247279545841,0.7773331522180335,0.8818528547727801,0.8348260951955981,0.5695739813144033,0.6053694626159795,0.7345959934979978,0.4845862186712603,0.6979340507289061,0.6874868559846276
2023-07-12,0.7695399467906159,0.775083131304953,0.8813666548105363,0.8429800287590914,0.6457628302112,0.662844629527293,0.7331480878012103,0.5857108542323888,0.7082858107789641,0.6892645653292657
2023-07-13,0.7761404443358743,0.784283602603497,0.8822961919701109,0.8328069830147825,0.6514229238338255,0.6615043371512301,0.7389721433052056,0.5851269412265887,0.721174646990294,0.6908244807792628
2023-07-14,0.7563724378465989,0.8060782158996389,0.903674985291171,0.8275728167475408,0.6460384464166946,0.6856415001244854,0.7585326103654211,0.5816623929514215,0.7190326636862112,0.695080047429078
2023-07-17,0.7556810130833215,0.8050253551456256,0.9030666710092864,0.8471638780008995,0.64533893647857,0.6778852083044802,0.7801092595405804,0.5842466502961808,0.7307231897437672,0.6937373370144887
2023-07-18,0.7097600496718446,0.8106951396140769,0.9017407106242582,0.8621758348961996,0.5618904208720501,0.655731438356028,0.8035601295438142,0.5795123116137115,0.7205894441546689,0.6613753209003239
2023-07-19,0.6996782833086653,0.8116746885131636,0.9046342723452027,0.8626246066887495,0.5647552035728503,0.6606537656116538,0.8053564695127492,0.5781311531142995,0.6936004767701958,0.694784589990136
2023-07-20,0.6987227710394909,0.8043363147175456,0.9034582749504156,0.8632469478439818,0.567718596656837,0.6643599550514581,0.7889477935613112,0.5813601835437094,0.6976692113769648,0.6923631926701387
2023-07-21,0.6655233119459162,0.8019690299246891,0.8995725532716758,0.8564770622343302,0.5412421483594835,0.6536169677961607,0.7896941843794402,0.5525576863604778,0.613729719420068,0.6778873474188613
2023-07-24,0.6677224589054132,0.803054744340485,0.9045286040273709,0.8636080160419967,0.5592176122816859,0.6640173408766362,0.7932852061470758,0.5202808864934613,0.5835075778983316,0.6913851206650207
2023-07-25,0.6683556421420442,0.7975700546174063,0.9053015304655752,0.8574417298843796,0.5508248679752639,0.6632948440765126,0.7936052352953238,0.5160382110193293,0.580468069878553,0.6792672633432558
2023-07-26,0.6669957582083461,0.7875563615905614,0.9043604612837336,0.8500871781539044,0.5442053228841088,0.6633132613106304,0.7944904767114016,0.513550002172004,0.5767346746729294,0.6808745309993494
2023-07-27,0.7082970977563278,0.7906423800057724,0.9111783459406063,0.8536107659985097,0.6138591620369822,0.7012818240834559,0.7944876850335197,0.5659108758580369,0.5828344882034246,0.672623300094037
2023-07-28,0.6906259841313758,0.7843877736406565,0.8974982290477945,0.8516121899402096,0.5981513493012437,0.6856414267322866,0.7853062207979141,0.5403260158114578,0.5400938856530465,0.6539438178071765
2023-07-31,0.6907015635218282,0.7776084580633372,0.9018447810710014,0.8500676855791874,0.582000987506529,0.6806302460669837,0.7815171179336879,0.5431202425467316,0.5307474252805764,0.6446837181163251
2023-08-01,0.6786458038503842,0.7607026595938072,0.9072517614780348,0.8411571865597975,0.5652319588091074,0.6599516882209108,0.7577909570781255,0.5189949510830246,0.4953901337625891,0.6309780314784877
2023-08-02,0.6722010647978727,0.7623213013331084,0.9028681043692235,0.8371952064665467,0.5576055024124983,0.6612224635188207,0.7570511917714975,0.5121757929873014,0.48528455729394127,0.6298849521471401
2023-08-03,0.6731069423932693,0.7602257367702632,0.8929804696992131,0.8351434280280567,0.556504711885188,0.6621592395499907,0.7573142149065241,0.5099284589759726,0.48370034052874383,0.6276095876819568
2023-08-04,0.6743280818458263,0.7606067779310777,0.892262178114749,0.8354928658666193,0.5583898952288674,0.6601093329052576,0.7569173737853014,0.5142515869921689,0.48575557741711717,0.6315818617066304
2023-08-07,0.6743793951776701,0.7590605656425975,0.889320724489444,0.8293327068603132,0.5586645338602133,0.6608771033979919,0.7536749157871121,0.5306168283564879,0.4761839724874848,0.628715796617895
2023-08-08,0.6791850528854214,0.755163036757145,0.8920412517826068,0.8327212566416256,0.5587601827403891,0.6623486061991609,0.7647180562522037,0.5321761960554579,0.48176570441358707,0.6655956664486489
2023-08-09,0.6815046231121431,0.7575794137668932,0.8831066036052592,0.8364285502829727,0.5698936007898747,0.6773697190645075,0.7698733732697546,0.5499989142061483,0.49158438473499555,0.6704615082932153
2023-08-10,0.6791830537300417,0.7550943624907819,0.8834311786668242,0.8399992424191357,0.5679094658878034,0.6768142722627202,0.7689832044600448,0.5471879089114272,0.48276095536282226,0.6711780267922832
2023-08-11,0.6758132125269313,0.7563024240963384,0.8777372701020174,0.8348541603992059,0.5610147453151543,0.6760300782292488,0.767000758500863,0.5426236765398084,0.4796033630512984,0.6640419310787327
2023-08-14,0.624888645484549,0.7436699090023188,0.8764422944068266,0.8305294504626258,0.5312604898292052,0.6459838248487977,0.7513100341702355,0.5125408328921144,0.43607349346258156,0.6465949017883542
2023-08-15,0.6677391470333138,0.7510086303629164,0.8892678840689208,0.8288607108703527,0.537291019976713,0.656173980426605,0.7546326882759091,0.5474700742599028,0.48051114537659945,0.6612272987258491
2023-08-16,0.6667142781641072,0.7530746865514165,0.8836685202766196,0.8191691666130093,0.5440687870844922,0.6575542972163185,0.7515284963131033,0.5489659873446084,0.4832384567811387,0.6726229348057379
2023-08-17,0.6748570440833304,0.753667330806029,0.8861286083961666,0.8210851882410424,0.5457323504040416,0.6573818754135576,0.7556172854292108,0.5724750034444624,0.47999010994345864,0.6733886448086446
2023-08-18,0.6925502402090845,0.757747120109653,0.8924969675891784,0.8211577423322869,0.5531555998786397,0.656511257745435,0.7616905846538425,0.5605232385879546,0.5026282992301497,0.6892696065217846
2023-08-21,0.6860955250776573,0.7561746242362534,0.8926956798907564,0.8134547290166754,0.5395104541069765,0.6473052746363087,0.7551543192575418,0.5534380111187268,0.4933504271706062,0.6812225823395346
2023-08-22,0.703626129384088,0.7555631838673619,0.8893240751575721,0.8305058471241069,0.5625304895495207,0.6487298274221092,0.7573919950778565,0.5600613078561723,0.5031389061113831,0.68398879294437
2023-08-23,0.7021097070282243,0.756099225282951,0.8853607990886485,0.8305216671274578,0.5594272156702168,0.6487641912672651,0.7650947453753746,0.5663425008026994,0.5250544772263839,0.675104230184948
2023-08-24,0.7006250155264683,0.7540054527755657,0.8854107375711229,0.8301827244354029,0.5619158149909447,0.6504011395458082,0.7592333152298594,0.5653296518977142,0.5178434633625225,0.6741401380985034
2023-08-25,0.693306396928432,0.74925887064356,0.8793222060759793,0.8261838944814277,0.5472053546933313,0.6428673285717367,0.7539060187533594,0.5785693314197796,0.5270939070551292,0.6562096470839422
2023-08-28,0.6931038595197844,0.7805847864692013,0.878664646091358,0.8266248816048334,0.5476090662369661,0.6963473179130525,0.7879305702920395,0.565202596205558,0.5322084039271568,0.6611546456478967
2023-08-29,0.6739908562981275,0.7732639162686926,0.8708136368896934,0.8160323966553759,0.5219975549808461,0.6820416038422594,0.780192336315275,0.5303062679925925,0.4842471914501676,0.650452700842754
2023-08-30,0.6745884003037594,0.7726914817647144,0.868002149774377,0.8157002272857627,0.5188980003365724,0.6822799211951024,0.7798381247889223,0.5260002787908015,0.4817593351493461,0.6431929310340233
2023-08-31,0.6852029126141642,0.7686276062071593,0.8688221678441922,0.8056088280732195,0.5278414855562663,0.6826830152776772,0.7750110452692555,0.559022728454654,0.44895821709085443,0.633046121317296
2023-09-01,0.6820542497163206,0.7754356850977209,0.8686089255615856,0.8055080976603617,0.5247608614520576,0.6808159286521723,0.7790100040046288,0.5619748904839017,0.457764832629649,0.6400505131568408
2023-09-05,0.6878590119106474,0.7781817043733164,0.8593320084950804,0.8085853578068914,0.5320567260157977,0.6854179095257628,0.7834479198078955,0.549286852941668,0.4510993201412308,0.6466755990269718
2023-09-06,0.6875477873796195,0.7799624441263727,0.85760879559726,0.8101152489624815,0.5326971584370345,0.6852177151448674,0.784715954102248,0.548108484870835,0.45618113658222736,0.6484752840828597
2023-09-07,0.6903133942453791,0.7748817934527984,0.8551316951073703,0.8256201259936371,0.5399624661944331,0.6815446759869975,0.7888976924766775,0.5578868429410111,0.47006201896771826,0.6599728524009119
2023-09-08,0.6861743349972549,0.7761477995622208,0.8543184836687912,0.8245844563112241,0.5315137333569906,0.6747904204147772,0.788483205001912,0.5527754963244551,0.4674670552724988,0.6486549557778972
2023-09-11,0.6857908346119826,0.7709511179815572,0.8526527458479024,0.8066893563087348,0.5148996108451118,0.6721231629365282,0.7850395303643176,0.5534817081504054,0.46825810968951664,0.6267532428003499
2023-09-12,0.6912009768566222,0.7821906246361761,0.8573762699411209,0.8098427753884733,0.5231656523421574,0.6825032607687068,0.7908051077983416,0.5645175956515762,0.4754490877130616,0.6078846396038733
2023-09-13,0.6925184919945434,0.7859734007079557,0.8560530548960699,0.7884411026540697,0.516887934182497,0.6783046177998546,0.7807995775639456,0.5665410520377927,0.47031618839389244,0.5908056703585829
2023-09-14,0.691669058296583,0.7898782500519732,0.8443909801729701,0.7864992898952998,0.534806114346852,0.7003103258457724,0.7760115919489095,0.5833922061630722,0.4702369981975743,0.5909495437898846
2023-09-15,0.6924881077567365,0.7956396860400187,0.8408037507768262,0.7877505623961563,0.5357001313386855,0.7074012820350355,0.7753698913089386,0.570215468552129,0.4408958943331363,0.5932893194353909
2023-09-18,0.6763556941685575,0.7879289882928924,0.8436547957439521,0.7768261339484889,0.5095156972957325,0.6955801144137728,0.7664304546824284,0.5711112919299665,0.44719258501238157,0.5764886572622645
2023-09-19,0.6747363043747036,0.7847698339228337,0.8416836782927859,0.7757960862296814,0.5055357487500584,0.694292764735003,0.7672233112446216,0.5727853602510135,0.448249820338372,0.5822193630530389
2023-09-20,0.6776340958114486,0.7931205211903188,0.8376869294987925,0.7764786459017925,0.5090766634089903,0.6987159344481471,0.779529856070198,0.5771940464583054,0.4578637863926957,0.5874234343714434
2023-09-21,0.6841321536725526,0.8040945497614155,0.8416646873877568,0.7823882531956813,0.5212079188286778,0.7032544262062039,0.7863521628812103,0.5871972990715517,0.47041926009630874,0.610646444593979
2023-09-22,0.6886701597482359,0.8036915799527361,0.8395872321010067,0.7862441260455869,0.5305012030154342,0.7067908512983976,0.7884681679054134,0.6053690568749649,0.4873534244996705,0.6217712218156517
2023-09-25,0.6804557349723056,0.8034093588651574,0.8391303974570573,0.7813737246090601,0.5220780330854365,0.6751221868781497,0.7792534942264681,0.600178994931857,0.470318881076861,0.6214841356861256
2023-09-26,0.6963088555873892,0.8055057190854947,0.8367146156066027,0.7834255042824839,0.5334673368629582,0.6987409661827075,0.7845707525005265,0.5961595372210421,0.483092431959769,0.6256769408581102
2023-09-27,0.6923302179925492,0.80323789049163,0.8432340380010394,0.7759601128093558,0.520436459688456,0.6862598326960735,0.7760011446138474,0.583405566661552,0.4708564791199449,0.6257421287074829
2023-09-28,0.6971222120697881,0.8128672674854011,0.8427842044180723,0.7768560507142322,0.5218887664826329,0.6883508306516845,0.7895573423730912,0.5894897018151499,0.47468411034383395,0.6273971653294537
2023-09-29,0.6831471792983632,0.8011601363338853,0.8350343096731134,0.7604703768485492,0.5061436119392946,0.6740120284108408,0.7769924670320603,0.5727394535458897,0.44400522941573994,0.6064666961492481
2023-10-02,0.6843525361444398,0.8074349637117592,0.8421379323587813,0.7686267593720153,0.5166605884835762,0.6777577998185996,0.7832155622701681,0.5718720599131288,0.4277583244579825,0.6074064999080487
2023-10-03,0.6816791215945125,0.8231217737265663,0.8425180460855115,0.7858918494142502,0.5216785710569498,0.6595442469393552,0.7981145993601696,0.5688912887086076,0.46975389156517106,0.6497853642410588
2023-10-04,0.6752658504335111,0.8201836850004548,0.8554493229429939,0.7777018718613427,0.5056030698785271,0.6529392632241606,0.7936065153184297,0.5507871993325217,0.455043965742798,0.6437281025980907
2023-10-05,0.6743135935984207,0.8184328492396576,0.8265840517744574,0.7746882134350772,0.5020736723273617,0.6531350594853989,0.7909176136644008,0.5540885471020344,0.46006615678605034,0.642120457716953
2023-10-06,0.6614297519597058,0.8169549731264932,0.8248979302840426,0.7686198156829391,0.5148876243889079,0.6497190427897399,0.7890939530424926,0.5716955168795834,0.4562464395292847,0.65659254936188
2023-10-09,0.6802435659368172,0.8157755110973086,0.823683450258144,0.7643885946779508,0.5208796070916927,0.65917124352919,0.7869968262388725,0.5762740817261894,0.45483886211405183,0.660456875550372
2023-10-10,0.6861757093551287,0.8158128905415473,0.8249398233865818,0.7468402589375197,0.5278659821049485,0.6882584420009498,0.7791176971585186,0.5700988235168595,0.469735484656013,0.6601948338863325
2023-10-11,0.7359582992309106,0.8283670745759725,0.8454252743512324,0.6750880863767718,0.6184897650210822,0.7070261919629441,0.7502996385618812,0.5754694233937888,0.4390784166149937,0.6751981398649276
2023-10-12,0.7507076112098309,0.8283538565236129,0.8449834459727477,0.6574996597211694,0.6156622668177667,0.7045161519074123,0.7529854912333845,0.5783336369316896,0.4668566429733348,0.6688532083000293
2023-10-13,0.7261045574591631,0.8418953539893728,0.8471665115562591,0.6532905064512741,0.6002493036924634,0.675666333232812,0.7715671382257998,0.5723092336335648,0.4657099813558453,0.6554654084344609
2023-10-16,0.7420152221732502,0.8466584028461396,0.8493380963046263,0.6580113628642608,0.6002404832628804,0.6712995747136309,0.774658987070807,0.5772874295556035,0.5762266602592777,0.6656854013013903
2023-10-17,0.6913103069941751,0.7691354619359039,0.8498827693208136,0.6782966811371911,0.5705063899654143,0.6436331278620763,0.6828763343772405,0.6467499098431868,0.6476364987218602,0.6492648342458629
2023-10-18,0.6908483824092475,0.7391875393622548,0.8512636916402039,0.5963392026039425,0.539964854167462,0.6500498745156666,0.6784050904392722,0.6539691959209076,0.647823199190135,0.688122036665616
2023-10-19,0.6874098618235152,0.7478190794014766,0.8509409386287257,0.6122081334303852,0.5464067361771922,0.6467242885983343,0.6761689398326673,0.6499879877146234,0.6482483276690071,0.6395564328064375
2023-10-20,0.69750833558546,0.7482765460736807,0.8624750004011315,0.5828671092776989,0.5193150204780955,0.6156435014639046,0.6437715418564195,0.6454094311347388,0.6485873355543181,0.6319259387958247
2023-10-23,0.7109986414945431,0.7412707080596372,0.8409762588602007,0.5936981025877078,0.5333110057669713,0.610660036308661,0.6238843398776353,0.5724894181954929,0.5564469897770311,0.6306515914784715
2023-10-24,0.7089192654449595,0.7424483156267245,0.8232930879115299,0.5928779868264333,0.5335472025929346,0.6058628694969878,0.6213437302435912,0.5636672829173307,0.5569175062939339,0.629790044661278
2023-10-25,0.7020454025812736,0.745376196900247,0.82147684985999,0.5928029583914886,0.5314339370179278,0.6141418547015931,0.6270558016319306,0.5699604678628302,0.5624137585754991,0.6287528611830442
2023-10-26,0.6905504681234498,0.7396666665472384,0.8202992712135613,0.5941319779349786,0.5256932612760196,0.60554792098897,0.6118488149141301,0.5603952001143887,0.542300365522401,0.6171393642193065
2023-10-27,0.7237651297034683,0.7505699900896717,0.7639664413266261,0.6108921215886984,0.54046908045063,0.6251026450824719,0.6339285435599964,0.55216664306823,0.5507117116471367,0.6301986772641927
2023-10-30,0.7349256876476825,0.7441898246777188,0.7624035238339916,0.6233154101408876,0.5542250310153599,0.6394566689240864,0.654252329289483,0.566316528972751,0.5661145546997832,0.641993399398643
2023-10-31,0.7444535876164202,0.7437295329054893,0.7637846583509538,0.6185559633192009,0.5529608723196641,0.6428689618603579,0.6556882754450809,0.5781206234312506,0.5808412300397973,0.6418444112146897
2023-11-01,0.74603596089376,0.7499113790040399,0.7628164414687942,0.6221922871063089,0.5523941427036244,0.6411507762525628,0.646111710052381,0.5770884863512459,0.5821793506828662,0.65362656536572
2023-11-02,0.7579034125031714,0.764718560930749,0.7838236089359896,0.6641042822304649,0.582609972313958,0.6528904317429112,0.6631486315540209,0.6005358026975367,0.6241904038267603,0.6926023771020899
2023-11-03,0.7641753241855159,0.7929644419908188,0.7836790688324957,0.6875476836636741,0.5949967081934396,0.6533310150942417,0.6899322754112591,0.6082762352574074,0.6324235326375768,0.7108311543484146
2023-11-06,0.7563150401388162,0.7908099544719148,0.7747938354149952,0.6891506676749121,0.5900448847820783,0.6375147097612973,0.6902623862368428,0.6038475443078298,0.6276273330341591,0.7108702896936451
2023-11-07,0.7618411867898918,0.7914625156847654,0.7781421277528526,0.6905176509383177,0.5907930803961399,0.6425920494927249,0.6876653363998182,0.6030939833812452,0.6347523949183825,0.7107562516017256
2023-11-08,0.7334909515858172,0.7895813749442011,0.7701807416264076,0.6858786276177938,0.5965894881516395,0.6349267631737666,0.6768235610877031,0.5738362627539676,0.6095562660716374,0.7198930999986979
2023-11-09,0.7364283827557474,0.7943905349475832,0.7745953651097667,0.7006821989849726,0.5939513710855788,0.6333817836213423,0.6785450315437251,0.5730677081387232,0.6092595445568176,0.7168536527239194
2023-11-10,0.7386579386045088,0.7986492883388744,0.7702223561350503,0.7006146378011702,0.608022141630767,0.6420551555083943,0.6794624703922767,0.5874356952928129,0.6100873131793288,0.7228755307549625
2023-11-13,0.7392349919229829,0.7964961679422842,0.7707284243008363,0.6996253803483344,0.6115662044434965,0.6429190071897365,0.6786895574389278,0.5872447576560806,0.6100441029297726,0.7215539005637751
2023-11-14,0.7496170226078366,0.8157171198363229,0.7731893911331211,0.736952375170026,0.6402392394666487,0.6720204768898476,0.7170633177718096,0.6004287730594322,0.615061890786697,0.7547626895135312
2023-11-15,0.7409663746771384,0.8013997569000711,0.7693330739719775,0.7378779629631015,0.6438098831849192,0.6648645665973398,0.7069907409070593,0.6030088282640977,0.6147402967934679,0.7570943530741424
2023-11-16,0.7323576245045947,0.8011583913629575,0.7752355306314336,0.7382560709823376,0.6372657312976693,0.6512534344910345,0.7102527074293021,0.5941663172431981,0.6151909578745848,0.7598486509544522
2023-11-17,0.7370173912773333,0.8045471884638269,0.7813163682889613,0.739342646677756,0.6391723834205358,0.6528810944506976,0.7163994354476525,0.6012095098182794,0.6285347299844577,0.7627819882242224
2023-11-20,0.7365214995103118,0.8037693777523522,0.7806207438432997,0.7385083436539059,0.6366027373822515,0.6526152432140242,0.7168011140467669,0.6025986840037912,0.6288449297554388,0.7600533146013001
2023-11-21,0.7358221209706177,0.8039421215857586,0.779526908384555,0.7400486116886758,0.6367362282656229,0.6542740838082292,0.7198714263074772,0.6023733236732338,0.6312478718771788,0.7528209783838978
2023-11-22,0.7327065188774688,0.7994468585329529,0.7791356408992358,0.7368473928520624,0.633096301851071,0.6496041544979104,0.7120701909807263,0.6002289141596236,0.626606516202745,0.7494942222362478
2023-11-24,0.7322406433830797,0.7994653116034987,0.780741006783314,0.7370135346315264,0.6333788083637715,0.6490258678877491,0.7116510282122892,0.600799113525325,0.627013881101046,0.751749156104994
2023-11-27,0.737287401968852,0.8001567782700487,0.7805946438462692,0.7382664539923466,0.6433306189086218,0.6546113456301673,0.7119582559692952,0.5923952119254756,0.6281709597956617,0.7517611685669366
2023-11-28,0.7371154024000034,0.799833483683325,0.7714800902455708,0.7351210657455883,0.6385958168664122,0.6551828246610446,0.7154184795174304,0.5914986777918646,0.6221704050603923,0.7398354828466724
2023-11-29,0.7297332274882095,0.8030046704227398,0.7771104317028124,0.7418073005619342,0.6366922003109772,0.6506677323123041,0.7186393591961403,0.6029860690831721,0.629788736033044,0.7440770963327723
2023-11-30,0.7326299715688598,0.8017478508444383,0.7771420099423914,0.7428952192892126,0.6388370884857282,0.6474579457274886,0.7154800633945778,0.6120102287341783,0.6313304479431356,0.7437469150508189
2023-12-01,0.7304518463229113,0.8065868984573252,0.7776559976948884,0.7471238588633751,0.6408213703329527,0.6525468033323251,0.7226140749866446,0.6076037296080822,0.6339125176108595,0.7428962069468126
2023-12-04,0.7256096665080422,0.8050215725148058,0.7782127968703663,0.7439465962383577,0.6449821796753162,0.6548730712250602,0.7204181338049046,0.6026053078625966,0.6344918422852794,0.7473464871811293
2023-12-05,0.7250970994374684,0.8052223054273366,0.7788321514569035,0.7530254440650376,0.6531729042171743,0.648138752130085,0.7195989801429578,0.5992086109408631,0.6363615414223287,0.7601877028158042
2023-12-06,0.7145227592245716,0.7983799132998409,0.768496753549086,0.748431940447861,0.6445233342373459,0.6319496924949105,0.7144340149029853,0.6131784274787816,0.63146539828414,0.7721078458547985
2023-12-07,0.7147767819387109,0.7970416181939171,0.767991923694714,0.7609880088406054,0.6525995802884322,0.6363123153782096,0.7216745130928774,0.6139573012549318,0.6331529661829095,0.7810063697909092
2023-12-08,0.7200370880528625,0.7974498121581168,0.7731355864741933,0.7585900132133885,0.6489135913233313,0.621931625876763,0.7267359634315559,0.5961836852748517,0.6277220798564824,0.7614359123940313
2023-12-11,0.7172004924697127,0.7966654092977041,0.7763045149467974,0.7550793404558597,0.6485205993712964,0.6209156771647708,0.7246238479780049,0.6054901945253591,0.6455275602998406,0.7637190419209796
2023-12-12,0.7099368503273269,0.7956026198307897,0.7776807781196995,0.7514181065611113,0.650900775507735,0.6192408967157421,0.7243158869747687,0.6310471832749305,0.64570422254614,0.7676134998532648
2023-12-13,0.6851720552615423,0.8026940426783615,0.780368891013589,0.7585052691149707,0.6453318014591058,0.6070585358273232,0.7418152665726077,0.6254698900797137,0.6583563550719708,0.7761116236481439
2023-12-14,0.6998542097987479,0.8335023722234425,0.7957414937576416,0.7954261576236766,0.66105456509008,0.6250728424025694,0.7845263712753601,0.6389104023901045,0.6741372940807722,0.8042649095835953
2023-12-15,0.6828653726594253,0.8225406983325563,0.7952527917752334,0.7840447164723375,0.6542301186416271,0.6076108930491565,0.7810250198868024,0.6331618765371235,0.6566497195436145,0.7956036014083644
2023-12-18,0.6719708580354257,0.8229511664288826,0.794800803903104,0.7812113336466162,0.6408344737129613,0.5951532113809825,0.7802559217492868,0.6276318900435762,0.6426382620649971,0.7792090970853857
2023-12-19,0.6659695640454937,0.824400080925022,0.7949614900845063,0.7783870823960615,0.644791496606489,0.6011367074170296,0.7756544971694849,0.6349383509976054,0.6370741612607238,0.7785847052276945
2023-12-20,0.6663210003107741,0.8241561355266255,0.7963755501257306,0.7773945678041742,0.6427594492510378,0.5996651348436324,0.7751247559979753,0.6408813436258703,0.6368473407075058,0.777841594837047
2023-12-21,0.667091734323089,0.8230886943929998,0.7933746961696178,0.7772489817775134,0.6475314762253983,0.6054397267784939,0.7771517824811536,0.6465904811509642,0.6347126186675782,0.7785198323558021
2023-12-22,0.665451203996067,0.8231971809863444,0.7938360522775574,0.775738893141893,0.6500076798681532,0.6043572700355472,0.7756052687910501,0.6531693713913096,0.6361047922011456,0.7786057529196748
2023-12-26,0.6732870615041051,0.8224262281889583,0.792469465340844,0.7742065255917454,0.659280543494533,0.6098856546559273,0.77284990008915,0.6530790939894403,0.6315826291098371,0.7791113895194153
2023-12-27,0.6609421725968497,0.8197672447306081,0.7908532742642627,0.7688590642513776,0.6538092771390956,0.6011163430794003,0.7647889887582461,0.6587704237724702,0.6407003789612856,0.7779379589008396
2023-12-28,0.6509190555877161,0.8117067886533189,0.792930925084414,0.7558252501685908,0.6433099568510274,0.5941971171425637,0.7470703285830987,0.65190135230355,0.6129863276074364,0.7647173523699996
2023-12-29,0.65323834858499,0.8122302546367545,0.7897280360635188,0.7605041621637257,0.6446887212445028,0.5950862502268319,0.7492618987759502,0.6532706916001376,0.6176309155060504,0.7641965105540035
2024-01-02,0.6506283029843113,0.812897353858066,0.8023996709046726,0.7606789594253026,0.6435533390435753,0.5933442246450192,0.7494734073534833,0.6496602644775041,0.6179053703116009,0.7496094149327035
2024-01-03,0.669630631603941,0.8193278503857986,0.8029475016223999,0.769378356026826,0.6457436645245122,0.6039554921223869,0.7540935502088861,0.6494442938068173,0.6300713843544342,0.755919501658011
2024-01-04,0.6745627423158346,0.8193644290486266,0.7930515766794827,0.7725528796132239,0.643640135221293,0.6027855894588782,0.7553594147170474,0.6483541327613819,0.6344977740207084,0.7552783147661344
2024-01-05,0.6759797199944844,0.8201066732406523,0.7928023894242947,0.7833132381444939,0.6445444356478375,0.6028178852582411,0.7608817543779725,0.6480357275499143,0.6318975926535624,0.7492466836944589
2024-01-08,0.6779355393563824,0.8190552435536305,0.7709799514586863,0.7833156965687975,0.6494947771200523,0.6027344300363162,0.7562967548725409,0.6482938870294905,0.6318990337695358,0.7464743634553392
2024-01-09,0.6833765391523579,0.8198084834095523,0.7738560126358738,0.7868280512726104,0.6538016215957452,0.6085655784492534,0.7607407770264785,0.655258249091821,0.6388434874948836,0.7432890906882255
2024-01-10,0.7063627475865234,0.8206514933869218,0.7756465054021064,0.7874283707340162,0.6666076203281565,0.6252296042349731,0.7602642439721256,0.6690530788973836,0.637168744359161,0.7498344588652396
2024-01-11,0.7124653912274695,0.8214663011781829,0.7758979249724735,0.7892695913176503,0.6747588764365845,0.6377477605811055,0.7629598736447953,0.6744031955997829,0.6349077217651472,0.7480774216950892
2024-01-12,0.7339198196431218,0.8606416945316634,0.776116378679736,0.7871636509932572,0.6912587798320166,0.6396110097864435,0.8070568873048711,0.6887720575019608,0.6379080457090487,0.7506637198712196
2024-01-16,0.736137959624641,0.8195833915313471,0.7845870006389135,0.8496316789719432,0.6975961807188815,0.6149178465533313,0.7926011523542008,0.6795837162267383,0.6356551613054424,0.7195213914904564
2024-01-17,0.7360290783793392,0.8215696238086705,0.7838263049742691,0.8510454424473407,0.7012241941304591,0.6155563145375782,0.7918620206167123,0.6746823904613999,0.6294831695778377,0.7502372451057648
2024-01-18,0.7229899940835306,0.8218808543909697,0.7812516528572186,0.8687471092727448,0.7268225166467259,0.6355018997629999,0.8062519434971194,0.6527713494420417,0.6344493934736825,0.7535261637962688
2024-01-19,0.7062910016433517,0.8265655379351867,0.7824026833226412,0.8664195481321504,0.7198438198818556,0.6429596978423193,0.8179430450809801,0.7412960848477622,0.7132438492340467,0.7594785850130664
2024-01-22,0.7009020729530301,0.8258035478645998,0.7839475612098854,0.8658336203865643,0.7173094855033804,0.637344821508744,0.8181021894132232,0.7338197163892182,0.7129658259777053,0.7458957163040765
2024-01-23,0.6954616353009957,0.8050662043573392,0.7764522682420503,0.8655671373206547,0.7003303291629762,0.6405210793730539,0.8089777569525507,0.7249969932794694,0.7161958157324437,0.7394581712656004
2024-01-24,0.7021945117043068,0.8016782462426303,0.7838648770219692,0.868065667416201,0.7021934532200271,0.6311871850557049,0.8177631704703556,0.7208045862015866,0.7318523937074704,0.7329702374931587
2024-01-25,0.6722474077860648,0.7915378254424105,0.8619900480090626,0.8637032494846868,0.723912663012074,0.6144863409228798,0.8043945835492015,0.7564074978897659,0.7189024972556217,0.7229998235923085
2024-01-26,0.6631703110298515,0.8018675321262426,0.8634034294681007,0.8628135596267955,0.721460656820045,0.6115008083600119,0.8029508838606361,0.524577789704844,0.5643538672916907,0.7217107870419328
2024-01-29,0.6547478813879203,0.8008089795766085,0.8635269668743789,0.8744722230577686,0.7295314270819272,0.6103999086444186,0.8068042293469395,0.515972330748071,0.5532849475608199,0.7225339381704802
2024-01-30,0.6783206686711574,0.8031382079496018,0.8657150442318391,0.8596190828112784,0.7137542582429318,0.6237738791411185,0.809259092011899,0.5204622161414393,0.5581680411212848,0.7110216594431802
2024-01-31,0.6727979473812339,0.7984653422621102,0.8543361173076089,0.8419658892063338,0.6874693111529695,0.6137524397495698,0.809505028677492,0.5188036872225756,0.5475585906150106,0.6901746204257011
2024-02-01,0.6712349792428263,0.779802880725163,0.8510068545828675,0.8335687519828221,0.6846658696017841,0.6134480384385056,0.8034525516364476,0.5015599438865898,0.529546011506483,0.6663761661745009
2024-02-02,0.6744521926609519,0.780311711387446,0.8039113008620524,0.8310726401407926,0.6919265681334487,0.6330030865096856,0.7992572063019985,0.5066506098733983,0.5215084315379492,0.6651136347464023
2024-02-05,0.6752947286786383,0.7855702744635672,0.7967332474614626,0.8339099518870173,0.6925700905477493,0.6354247730527327,0.803975523641409,0.5078364812524048,0.5231556873634253,0.667167098127653
2024-02-06,0.6820055283155152,0.786180050534369,0.7888348438380387,0.8419416448229936,0.6923031736387844,0.6359166582375807,0.8067107846737039,0.5087477680979355,0.521600758836423,0.6666351568546667
2024-02-07,0.6770569509486044,0.7801626291905471,0.7897327839733682,0.839600316973224,0.6892709938479675,0.6298890367991858,0.8029245141139987,0.498695219558706,0.5147670153413745,0.6639130477185659
2024-02-08,0.6867843527921339,0.7781581331119528,0.7920588602966506,0.8429331073066689,0.6861138835023783,0.6259600952125443,0.8065861916497206,0.4862227140029281,0.5120252437863874,0.659948023218925
2024-02-09,0.6908094712426338,0.7789139064374463,0.8023965818151555,0.842450196004561,0.6856213199411039,0.6341048841395444,0.8074317041063894,0.4838424552007378,0.5111745453611795,0.658715193600606
2024-02-12,0.6594348720074176,0.7492203766416395,0.8008386620525436,0.8202232255943503,0.6557747761066133,0.5927852627685086,0.7833115009078474,0.4734029553445448,0.5061559928586173,0.598659402090088
2024-02-13,0.672984832976816,0.7918797004945751,0.8064290401692579,0.8308326253921584,0.6697198222146523,0.6258973881516131,0.8078723468095989,0.4842998894716027,0.5182585572657682,0.6339395046877995
2024-02-14,0.691479007660373,0.7919093686638418,0.8010802533253917,0.8275904726292341,0.6729682107249649,0.6304854414998337,0.8006890726977447,0.4987348565717391,0.5161193466374349,0.6337995412718347
2024-02-15,0.7064788752307078,0.7968018268638841,0.8134641649089018,0.8320410410320673,0.6789245226962136,0.6410644752943355,0.8070192390393872,0.4722129131572871,0.5012170846264951,0.6435924554619665
2024-02-16,0.7025893072754029,0.7918758574173644,0.8135999518276544,0.8303596140883596,0.6648946067576456,0.6412034813351114,0.8067148558583656,0.4731760817905513,0.501983759307773,0.6400916763725435
2024-02-20,0.6978684747182848,0.7831396039028685,0.8143130046824365,0.8263860867225055,0.653960603881725,0.6374928157312063,0.8032159127079076,0.46647544737197166,0.49513033107326615,0.6424290277574093
2024-02-21,0.6884080979004056,0.7846610526412302,0.8119697949695586,0.8235199129911187,0.6524758695195805,0.6419964803953544,0.7974081260940014,0.45644057227175394,0.5019133502792379,0.6403699247801939
2024-02-22,0.6737620270953915,0.7848923093046382,0.812024548111495,0.8214322271378335,0.6488387060739719,0.6389614758390766,0.7951182543103296,0.46361184108127285,0.49520105686514243,0.6399649772851299
2024-02-23,0.6722153273500289,0.7820405363736458,0.8122776540456215,0.8210577376477426,0.6463360396307039,0.6362391365889272,0.7920800202801037,0.45980872721292293,0.49099527077596156,0.6394474261929346
2024-02-26,0.6757534076305345,0.785604851559896,0.8128208651835923,0.8269016950995747,0.6545847932229995,0.6366644690524198,0.7917162922203915,0.4506073938645643,0.48372939048817687,0.6615877688909394
2024-02-27,0.6684673624348814,0.781096675555298,0.8020475508873303,0.8057721229564592,0.6591928519165489,0.6378278305449745,0.7774633701218657,0.4491400988642571,0.47770655426545533,0.653388548610323
2024-02-28,0.6631823639390991,0.7818306217371752,0.8040831236232427,0.8033317955307739,0.65763944277425,0.6423434051987266,0.7747836239114395,0.43558286920489486,0.4702550415560031,0.6527315359303465
2024-02-29,0.6676943947523732,0.7710715860505906,0.8038622780944978,0.7950470858305669,0.6559949127603923,0.6248145465379297,0.7489631475066739,0.4348914487853268,0.46215755270776265,0.6523019104162355
2024-03-01,0.6762314257336457,0.7684409077686367,0.8034287564553362,0.7939306991562483,0.6470626791930079,0.6261264672125271,0.7512213812911708,0.4420475092872091,0.4607995404065645,0.6532884078547909
2024-03-04,0.6763127741736857,0.7492780476785545,0.8012087634943742,0.7954858289307107,0.6349623435113312,0.6359287263395422,0.7554024448355141,0.4325805002817403,0.4322149759913072,0.678033392044225
2024-03-05,0.6860183771821914,0.7520695936368954,0.8043116457316143,0.7875792571962221,0.6119595048074008,0.6366512453064802,0.7513288072121077,0.38204060268564816,0.42749533609819296,0.6784624789908255
2024-03-06,0.6851864482598982,0.726613173820707,0.7891939459784891,0.7493661801927545,0.568191232339119,0.6344541335016406,0.7512679153793538,0.3824009237836223,0.42703752655670646,0.6079403690821759
2024-03-07,0.6637158173012188,0.7152523968886848,0.786963960322055,0.7521600941265469,0.5384073163580729,0.6229047916883182,0.7496171458027916,0.3449624361904931,0.43052338114441263,0.62372742079855
2024-03-08,0.6654852044381665,0.7080505255959856,0.7861311036698084,0.7516114738511468,0.535373778635983,0.6227937803793527,0.7512970214222279,0.3464125911759978,0.42979142950055343,0.6233723978724364
2024-03-11,0.6722254010378328,0.7092463011790123,0.7795219120539689,0.7564395136834323,0.5325168655416428,0.6259847724572167,0.7494906474944314,0.3408256701100875,0.4223581012768336,0.615922438801286
2024-03-12,0.708227985859704,0.6955636549927631,0.7771058086884359,0.7492046966868801,0.5388235193571872,0.6489019727537181,0.7246750451178694,0.3474559876918044,0.3967107544184287,0.6016809594793792
2024-03-13,0.6931036450616566,0.5797888297082091,0.759880894756464,0.6439974854634761,0.49476813588693086,0.6376595861553029,0.6046589716054903,0.3082502697231588,0.3502642333799436,0.4517604972203807
2024-03-14,0.7082595095058302,0.588313891815953,0.7631851543068853,0.6543101752118449,0.47120212829365166,0.6534799830152165,0.606244935717387,0.3309898452229536,0.3717434387080491,0.44056930231230096
2024-03-15,0.6863151646077882,0.586148345811202,0.7638874519049679,0.654773403368002,0.4589041414744321,0.6522624536733431,0.6058518766249056,0.3007181864911868,0.38730743320319144,0.4441140584859781
2024-03-18,0.7036678011650497,0.5781368634462932,0.7555040997182564,0.6416677838759896,0.43424442786690853,0.6102282052894566,0.587119853419602,0.2932759501696768,0.3959522140474915,0.440178453523948
2024-03-19,0.6895379678034418,0.5763473818128361,0.7547580636177063,0.6390188273236042,0.4311340558244567,0.5955895785799834,0.5656598555470448,0.24111726883178952,0.36261543669356444,0.4357391552395656
2024-03-20,0.6988836620836464,0.6021539503148788,0.7503153540439745,0.6563470043332192,0.4547691578126351,0.6098252603176515,0.584022186231218,0.2677080349940602,0.3894529471695608,0.46253472355609015
2024-03-21,0.7143770675012676,0.6132074517612286,0.7505127574397461,0.6717872235841369,0.47360113137298576,0.6135038356443017,0.5978250433490461,0.26731203344627574,0.3855920653385029,0.495073463001997
2024-03-22,0.7211804805154313,0.6230086556494884,0.7534493948616983,0.6789607270062789,0.4879466754758265,0.6322279193905084,0.6113887272415518,0.2984103639855781,0.40530041451169985,0.5086767484454587
2024-03-25,0.7224291339352482,0.6226880943567598,0.7555673058150542,0.6847824598564766,0.4903560182497515,0.6306128200627041,0.6164953088869302,0.29771954488395586,0.4070391896545949,0.5093189952553621
2024-03-26,0.7237643633285245,0.6234309298544327,0.7506018960380657,0.6846808652759782,0.491028026381956,0.6301185661419444,0.6175736664805275,0.292443422042867,0.39970703266286683,0.5094195451072714
2024-03-27,0.7330616215512116,0.6409283395328086,0.7511758822006963,0.6959226643958523,0.516448872765045,0.6509263528220641,0.6322598041057015,0.3074029508592627,0.40831601860860506,0.529211070149801
2024-03-28,0.7340337674419419,0.6407560142487253,0.773138105246356,0.6943641322188292,0.5142333257781331,0.650248632694219,0.630896626014816,0.3068438665144715,0.4073693192213049,0.5452374212156695
2024-04-01,0.7353894324752007,0.6282804489732269,0.7764183204900422,0.6885223448952571,0.5086648612090038,0.6518960825394635,0.6284548450877244,0.2985523587010144,0.39739083940422715,0.5267158613187165
2024-04-02,0.7348468406338089,0.6311036304782389,0.7641274015115138,0.69078236297464,0.5099717546311008,0.6525753108735367,0.6315508092680154,0.29966863208602035,0.40136468126162067,0.5310013809426539
2024-04-03,0.735414031915578,0.6275193830626558,0.7629903064324468,0.6872209582715714,0.5051097781681971,0.6403096292029211,0.6277338311594324,0.2954076421203803,0.3962788734807642,0.5388576223940523
2024-04-04,0.7408703312974664,0.6259592007066314,0.767146253530383,0.6936700087200295,0.51094229385565,0.6557240246677374,0.6488507264528707,0.3229151326560167,0.42106299573603734,0.537360513152821
2024-04-05,0.7330776605133897,0.618008396157345,0.757997858641548,0.6865404547167518,0.4992697730936754,0.6472627249739048,0.6396692951201183,0.31374038327516085,0.406800140153215,0.5372490710708259
2024-04-08,0.733260189563153,0.6178425765644734,0.7530887590583379,0.688069038915037,0.5009398079830405,0.6488736642104884,0.6406493982582481,0.31642810365266594,0.40821290592683396,0.5389336781068065
2024-04-09,0.7162047581570358,0.6122828719350001,0.7563865473397987,0.6848695107655755,0.4784857286702144,0.6412450774789782,0.6373045380143978,0.3349160459844599,0.3910415626221342,0.5403752376553455
2024-04-10,0.717365764627829,0.6342816946282609,0.7527225649171873,0.7029824926877597,0.4921882402184421,0.6520775344158428,0.665852505601504,0.3303072839176417,0.39318420070413573,0.5819473751162958
2024-04-11,0.7118558726979534,0.674792152709606,0.7266067530537025,0.653153031664318,0.44733055385321296,0.6685111031730288,0.7049787695100592,0.3228814866351787,0.38360852359098635,0.5067873837164029
2024-04-12,0.6104102624376018,0.6678676250503487,0.737772255827827,0.646459328879947,0.3488978852495557,0.6041147063660751,0.7128586719986847,0.24310424733391872,0.38215068505826694,0.5011173172563855
2024-04-15,0.6107409795678862,0.6603178433890557,0.7407880054343555,0.6454540589222613,0.3479600155887738,0.5775123056591907,0.6913855191307113,0.24476695062927248,0.3792675316607933,0.5097006228798908
2024-04-16,0.6045041286076256,0.6159220013726949,0.7459418347120391,0.51075349839433,0.29668469795041263,0.5748921143794029,0.6745837210931134,0.22797183100073673,0.3527105109341145,0.4481484581307366
2024-04-17,0.5948354433459662,0.6187109209589711,0.7469321720022817,0.5147611272152461,0.29200095685985494,0.561828177841461,0.6793289160655801,0.23259466746189236,0.3370531824090702,0.45990357007692795
2024-04-18,0.6029983171008487,0.6401738287495753,0.7505068204039059,0.5097147245452774,0.3016408667992956,0.5549088341812014,0.6844103309473539,0.23075777397963462,0.33004259713446704,0.46044848583475817
2024-04-19,0.6287859632553392,0.6460423418077069,0.7444792112581383,0.49562830090237586,0.29601084959082674,0.5470593547336648,0.6622379671841789,0.31426178148890915,0.41598424134371415,0.469993820756485
2024-04-22,0.635770558941056,0.6483410889358622,0.7206098028598474,0.5046329451829213,0.3092548896687887,0.5642341622554344,0.6707904033584094,0.3104359149656671,0.412873108706853,0.4783778086692881
2024-04-23,0.642337728185138,0.6565818086796511,0.7204839900728592,0.5136393372258864,0.32013089214441176,0.570138377260389,0.6817989018148333,0.4265945750922817,0.5151505208054892,0.48392559806705027
2024-04-24,0.6407812336582794,0.6582253086383849,0.718258282277315,0.5143183808113494,0.3201268329243367,0.5686169838184227,0.681958880672109,0.42672873683958296,0.5180786067857721,0.4842054000492795
2024-04-25,0.6197169787071478,0.6594604339463601,0.7151798247070206,0.5244385769297474,0.31110509714569706,0.5557947923383982,0.6796608501166784,0.4102143448194427,0.5117977573255182,0.4968695721549353
2024-04-26,0.6111133553790836,0.6533858056977744,0.6268937080323961,0.5278933591612682,0.3080885877054838,0.5428571557442841,0.6660374421621985,0.39511193894257085,0.49040055477258154,0.4951826886885475
2024-04-29,0.6104028701372731,0.6524362754054983,0.6243760509067819,0.524754465268398,0.30594951967850803,0.5399302275216944,0.6618094009152043,0.3969998305366798,0.49747647762692176,0.5079936797243694
2024-04-30,0.6183673698663519,0.6567141719561369,0.7048608004402482,0.5355989652970792,0.31345935750467413,0.5438695729477021,0.6728104461790211,0.4060720573004858,0.5242143023765168,0.5121029990588953
2024-05-01,0.6214188830155278,0.6484080562360913,0.7120957819139204,0.52245906370579,0.31125252351522464,0.5450681094064947,0.6657888592771656,0.40326197516003426,0.524056504761836,0.5067192116883248
2024-05-02,0.6219830492583586,0.6516277382120741,0.7114831016571784,0.5168243232315353,0.3073482187862188,0.5386314309207958,0.6580730670710214,0.4032586126123284,0.5227953756865835,0.5108588846458021
2024-05-03,0.6122870879549094,0.6547931891271888,0.7119723678848034,0.5203098267239864,0.29982928414892474,0.5262224397924946,0.6603942562017339,0.41130438281125803,0.5143346842723773,0.5188517023608032
2024-05-06,0.613634216005949,0.65665358532324,0.7040605774530223,0.5232391388630548,0.3018663093901409,0.5273374739353014,0.662766812562188,0.42183672120531646,0.5251775612319559,0.5238569505383118
2024-05-07,0.613041007264873,0.6543727187401336,0.6754568020940829,0.52363676079807,0.29890180743318007,0.5279096227662514,0.6616867233381628,0.42229869302311934,0.5273930453100887,0.5270636485688084
2024-05-08,0.5933104355183424,0.6509569569158732,0.6743537443475357,0.5200436644529898,0.28714534572262035,0.5304005272166638,0.6496169925642559,0.42455274647685337,0.5323168254184901,0.5252564789244147
2024-05-09,0.5925448195947507,0.6224841790576223,0.6825738141502813,0.48908189427811627,0.2770671006267537,0.5344377034776177,0.6204611257265084,0.42000821620414286,0.5243717396121129,0.49199989999953875
2024-05-10,0.58972882475736,0.6220023347565774,0.6840130198718973,0.49266079762268666,0.2790289185434564,0.5376982328457328,0.6265436790543809,0.4206497211488896,0.522448277097488,0.49312116211845713
2024-05-13,0.5679680598732484,0.6118081860831722,0.6352463063642636,0.4746115709731811,0.2580621362510301,0.5222637619218495,0.6142115062228553,0.4164595514784707,0.5322627550787044,0.47859166781377194
2024-05-14,0.569786933982837,0.6186035115891002,0.6271766734330443,0.4778687460829609,0.26710747792588496,0.524755102412143,0.6158535071793009,0.42304426502604653,0.534074199984158,0.48447268525189985
2024-05-15,0.5707891606939678,0.6231287011970242,0.6183774985819538,0.4780825282846591,0.27222914618081967,0.5220538369772395,0.6193533614091855,0.42351656491596895,0.5303213423474697,0.5008804638768405
2024-05-16,0.5784571668648126,0.6276290130390935,0.6126167846300838,0.470309220355956,0.2719289878054158,0.519651132222001,0.6250138350658327,0.43015649984301585,0.5223115756960356,0.5098702452377001
2024-05-17,0.5844777489800425,0.6279440015985001,0.6202476384166205,0.47141192543851945,0.27343471912368744,0.5208086375604207,0.6267808275269733,0.4244809223257014,0.5329153739969249,0.5117680166203634
2024-05-20,0.5836891466544295,0.6254127800715854,0.625193346034295,0.4665157000597189,0.24990198464824154,0.523257480553766,0.6368603368341059,0.3987280726802726,0.5336035149972839,0.5112351610682088
2024-05-21,0.59656601200899,0.6271712592009813,0.6315241226416084,0.46430655712379215,0.2556558634607327,0.5323810010922682,0.6438570803358503,0.4007056892725647,0.5430182882457812,0.5040690886807718
2024-05-22,0.6057689509463177,0.6301491810733082,0.65618212248796,0.4773346144776662,0.26015604158036504,0.5341346661653296,0.6431352826411161,0.40589120840335424,0.5412292980028591,0.5058814220912341
2024-05-23,0.6089599581090509,0.6369972719268614,0.6506252835475447,0.4943196711209296,0.2679178725965036,0.5374426785360965,0.6544538691612575,0.4124644816981738,0.5572459294277551,0.5229483834074815
2024-05-24,0.6127621803674823,0.6385842924337245,0.648075100786232,0.4947070611251085,0.2639894649936677,0.5515138836807417,0.6781812798098887,0.41884960499695906,0.5607522935958075,0.5240287398884971
2024-05-28,0.6137614415312793,0.6417000005983378,0.6516503964952307,0.4991741824715352,0.2676803221704463,0.552054450470266,0.6779897014921885,0.42113325592757894,0.5633358451407182,0.5245466974307363
2024-05-29,0.6185554045363177,0.6559049430065237,0.6453314057879347,0.47854035223825764,0.2709656545992291,0.5529480163995135,0.6806325876746989,0.42756564831833943,0.5880802861421472,0.49560774024398363
2024-05-30,0.614180757247356,0.6518855229779492,0.6437005617398194,0.4874756014780356,0.2804463575571651,0.5507320257069189,0.6853590379876892,0.4387386622711733,0.5935652170516615,0.48798909271100344
2024-05-31,0.6212419754484617,0.6780188005171505,0.7070485742268876,0.5057608120610557,0.3183674316090538,0.5608852142446209,0.6817740633082426,0.44492823018964744,0.5914835885339029,0.5760812666978128
2024-06-03,0.6285126333424863,0.6823521615977878,0.7384006457019875,0.5065222727170215,0.3246290303802742,0.560209028922393,0.6862627198254616,0.476128327758724,0.5963419475555791,0.5671409531720577
2024-06-04,0.6308206419678439,0.6893604503655693,0.7429937858290484,0.5132562357133926,0.3336743136228813,0.5595914782196876,0.6859381256770141,0.4716269047514796,0.5946243468992174,0.5464616409212647
2024-06-05,0.6240018086297252,0.6839478116786026,0.7365308223706163,0.5149771788436652,0.33312798507689045,0.5442511921447716,0.6916821263039387,0.4816577043961315,0.6008581226206018,0.5460334977068731
2024-06-06,0.6248968420846815,0.6804501227330264,0.7393693758199913,0.5133516502859454,0.3341743407931495,0.5433662655819453,0.6941385199990765,0.4788939915436391,0.605509836137028,0.5430311584379204
2024-06-07,0.626795382302535,0.6787166686580164,0.7272288509570911,0.5234117681587093,0.3274582121777893,0.5220154524371327,0.6848550810556707,0.471021970147275,0.6018618309157558,0.5647498441107746
2024-06-10,0.6199926635948895,0.6803072581836942,0.7206316379753629,0.5240244357758554,0.32611318201973716,0.5134342651899142,0.6810147906918864,0.4620649947365959,0.5966040985188034,0.5690113784434592
2024-06-11,0.6541234815484025,0.682351109885961,0.7191210002571045,0.5283455479370697,0.35343837053698507,0.5487733854565612,0.6946568552824882,0.5159078808284591,0.6170007039567956,0.5714102706736482
2024-06-12,0.6238276098573017,0.6797681216985036,0.7307018934549799,0.5407163528153132,0.35839817614587777,0.5491024061929265,0.7204968162507216,0.509256128813725,0.6045659837262713,0.5633900292778319
2024-06-13,0.6165461840133677,0.680849510534008,0.7311737034340325,0.5427978213786848,0.34939602147039694,0.5362643228813672,0.7246131531131158,0.4972377109091316,0.606471343754519,0.5618926980438469
2024-06-14,0.6097616126703179,0.6696338086451319,0.738755939195449,0.52145267792451,0.33272502676675675,0.527811400268904,0.7163124072211637,0.48500007615508356,0.5842546383783201,0.5347292530737116
2024-06-17,0.603170813589285,0.6529868762380134,0.7318033974859808,0.5035103370917238,0.3204333011504861,0.5277445462653845,0.7131343642797232,0.48526971636839716,0.5868717164259376,0.5169856222573673
2024-06-18,0.6014573054747705,0.6402261712847029,0.7283512087187862,0.49405978841504994,0.31095194938356896,0.5253155976181344,0.7110536804215082,0.4793423131557845,0.5801415448735233,0.5000554427885184
2024-06-20,0.5967758181859889,0.6378228207233662,0.7415237386276626,0.49118055112962744,0.30216262863936844,0.5205242287295118,0.7097477392029782,0.4819428779840828,0.5804711144190147,0.49409138696867944
2024-06-21,0.6017401373283411,0.647666114827155,0.7422285494258993,0.5017259856676219,0.3131304830280963,0.5286166521492051,0.716417391115898,0.4830460823604616,0.580169823542822,0.4766510434212475
2024-06-24,0.5952352727165667,0.6297351700064047,0.7649670582449011,0.4864029637014514,0.29290122628997894,0.5209334698835018,0.7084737008109364,0.47259684209957015,0.5707896498072524,0.45610519261435273
2024-06-25,0.5923899878351527,0.6143004293705353,0.7579864210994134,0.46729171175699474,0.28814201407508117,0.5203630173901904,0.7137315291039201,0.47381816148562866,0.5692186535391908,0.4521464829756395
2024-06-26,0.590019040790621,0.6123702034711258,0.7419807120628389,0.46864959145125157,0.2860912775678083,0.5184065119332203,0.7105450143645958,0.47409905869564545,0.5689862576205711,0.4537618504618456
2024-06-27,0.5925779683608405,0.6167317113878787,0.749496595972414,0.45385823275469067,0.2738874292724236,0.48575950450497896,0.6747632271487747,0.46445267742181834,0.5577725793244163,0.45226521836512457
2024-06-28,0.5999932597194387,0.6238457567577764,0.7500867890760824,0.4626063793553496,0.28861696657416974,0.49822629814261826,0.6798325832967979,0.47525361631571794,0.5639278272432531,0.4601771842456084
2024-07-01,0.5976837811912247,0.6372808377035278,0.749872513281204,0.4557792007482026,0.3014867296251359,0.5080034024966115,0.6630968312079406,0.4806938468116025,0.5517094134317282,0.4323437144967089
2024-07-02,0.6065667431577482,0.6374501199335634,0.7468614637138751,0.453428589739902,0.30372405433103666,0.5057631369456012,0.6528848894187206,0.48173818579430855,0.5550073152462345,0.43443938190239134
2024-07-03,0.6060891776953655,0.6371476619670712,0.7457714412774764,0.4488916807403089,0.30123681583767586,0.5044836490370322,0.6514952306923444,0.4807936435163429,0.5528999060597732,0.4308020422185068
2024-07-05,0.6170274571696449,0.6432793478632416,0.7496966524660431,0.45181780114301573,0.3142809118987876,0.5096330520756054,0.6566191833612548,0.4728646755913427,0.5674073109846075,0.4281520990762094
2024-07-08,0.6223640683245253,0.6093055002041267,0.7439071319543338,0.40406796179409094,0.3043597318957605,0.5078341927216602,0.6262246640195391,0.46677592199461543,0.5584326589201489,0.37085096462065276
2024-07-09,0.6287461875563793,0.6876799586603489,0.7463747450086017,0.45139770685228053,0.38171801881567835,0.516056335355158,0.6312745174492717,0.4729782057887182,0.5713414894677837,0.5088462847190343
2024-07-10,0.6581112574377237,0.6829114301459546,0.7468136230757204,0.44009554381972266,0.3751925599294962,0.4724523137072393,0.6173763899470698,0.5741227684516657,0.5785460809168874,0.5019574015772065
2024-07-11,0.658450296718016,0.6823072713690504,0.7402316710703699,0.4366079448919744,0.3710015183728886,0.49628324106281696,0.6361651498720159,0.5744262781671367,0.5788117280378328,0.5136183521739159
2024-07-12,0.6634115221407236,0.7577815247342662,0.7381057893323262,0.6190068891712447,0.4421640914650132,0.4826298419211306,0.6350515016713387,0.5742632270522092,0.6199897163648654,0.6215605287757989
2024-07-15,0.6721764407939508,0.7551796899737628,0.7470378487068826,0.6143987739900377,0.46376862833370713,0.5286489212223044,0.6188583640733738,0.5927195193794068,0.6287496172783734,0.600979310608384
2024-07-16,0.655512822853514,0.7552320508809757,0.745666745276155,0.584764522799388,0.47017860657859945,0.5449051701522205,0.6390838595350006,0.6053955853185425,0.6455942246808543,0.6002075388286846
2024-07-17,0.6172678199486146,0.7503145401731559,0.7470183541007224,0.598715085825472,0.48036862026306026,0.5502374112072379,0.6737748256317424,0.5886596466629587,0.6103874251829199,0.5937675773010973
2024-07-18,0.6354292328556375,0.7699094709668977,0.7468535666449972,0.6155708114095412,0.5179376974528154,0.5892660435575484,0.6868388027754786,0.5659500240881146,0.6000510252776592,0.6066357917828108
2024-07-19,0.6290365965494392,0.7345689726493829,0.7577142851197187,0.5824380874123468,0.48391270890087196,0.5823447325630676,0.6811315673289403,0.5346831516256619,0.5706916581423904,0.5627690506405153
2024-07-22,0.6214567875967169,0.7352181598161991,0.7581580300366474,0.5714234663894534,0.4845172246963091,0.5850713966341768,0.668750656198277,0.5326233027400314,0.5434202194492365,0.5595450105674492
2024-07-23,0.6262274805890071,0.7352063778198799,0.7674819019012765,0.5597272157801292,0.48966886738110593,0.5850214118310574,0.6629255101086924,0.5319240323295222,0.5357339091207998,0.548527868380061
2024-07-24,0.6288240017305136,0.7491222160898071,0.8175456139403209,0.5620656853703243,0.4971280546678036,0.599181535696913,0.6804052443451932,0.5366662869578123,0.5321992978908071,0.5730725635461775
2024-07-25,0.6246363003039006,0.7515813991887411,0.8284745004813596,0.527814487272085,0.4887004237455807,0.5986778184216374,0.6687235444066195,0.5467241651615676,0.5548603545908339,0.5806131107350812
2024-07-26,0.6092493761707747,0.746087675404804,0.8412159133070243,0.5108170049897971,0.482607348437069,0.6019156174090402,0.6534379532879969,0.5569034486231171,0.5143581932097956,0.5632783997475252
2024-07-29,0.612582018880269,0.7569364732561221,0.8421888914591746,0.5310537939372918,0.48905534370580195,0.6052513452258038,0.662077084577032,0.5503730617783912,0.49365812119971436,0.5436479863874226
2024-07-30,0.6067121277411625,0.7562617774128042,0.8495064197488481,0.5390053521897517,0.5072902910276657,0.6279907309420156,0.657556201423034,0.5672834347253211,0.49164289903614106,0.5482565291234095
2024-07-31,0.624660543616615,0.753619730319098,0.8493330765259256,0.5130447425013922,0.512880879345036,0.6306317689976654,0.623942940693446,0.5583797604984548,0.486529073994488,0.5448181888477666
2024-08-01,0.6406595799254148,0.759938738875153,0.805095891032801,0.5255943187317861,0.5313406399883271,0.6461655757399081,0.635601380027455,0.5780622425929884,0.5008699925921952,0.55204207537326
2024-08-02,0.7010985081501292,0.8383265833580341,0.7850258122963015,0.6375871258444932,0.6288638529409286,0.710460113646637,0.715941389471834,0.6590115584455227,0.6209582278926405,0.5907086212351538
2024-08-05,0.7280501582805758,0.8428453623698998,0.7937986745967831,0.6567706994752259,0.655303647343544,0.724462957273946,0.7314201289413789,0.6738906232807251,0.6423874708017612,0.6170665394446504
2024-08-06,0.7200211337487418,0.8387355181087187,0.7865088222714565,0.6517736986337904,0.6584799010476018,0.7350863165002203,0.7234817967771261,0.6859343874254156,0.636437335639415,0.6110920966656672
2024-08-07,0.7165423103255606,0.8328931361555828,0.7764902330261929,0.639807255559797,0.6562767935121944,0.7366466250074784,0.725396768876173,0.6832916961064232,0.6247333221825587,0.611815928274688
2024-08-08,0.7247008283565867,0.8425184085767194,0.783618207087728,0.659787933631639,0.6660972306712267,0.7436493463996873,0.736599975157156,0.6959250637728683,0.6372088417196132,0.6352630185164133
2024-08-09,0.7231110906139163,0.840594904258727,0.788135078825102,0.658353414773002,0.6627970580640851,0.7429885347918822,0.7348147369661744,0.6929195021595175,0.6300827322347201,0.6327130548856406
2024-08-12,0.723792801427615,0.8335221459329686,0.791835494207817,0.6543393643766388,0.6646593353555555,0.7423788344300414,0.7312153309871622,0.6923198993064202,0.632216181930947,0.6029640961364818
2024-08-13,0.7259593448811912,0.8341339222397506,0.7926262120289221,0.6628804080821225,0.6674099685768556,0.7445835550902435,0.7369981272490812,0.6939666146128634,0.6361452873403658,0.6141233717058383
2024-08-14,0.7294082188061619,0.8291815612860344,0.7901537736074933,0.6599645495298372,0.6648880668973611,0.7464578516501208,0.7389532578780071,0.6955112683553588,0.6383739183044902,0.6008015461501816
2024-08-15,0.7553734660939887,0.8287072130685206,0.7877743595453273,0.6647574866204082,0.7279154261480649,0.7748119124713835,0.7354586227121089,0.7437272744433506,0.636549543462326,0.6109109100474619
2024-08-16,0.7491145718679613,0.8275926798990165,0.7830990519325169,0.6620808951676206,0.7264039816494581,0.772633801084834,0.7322947801292827,0.7525379477454542,0.6445144307323942,0.6140345567064736
2024-08-19,0.753463088064774,0.8282431775305279,0.7789550918117318,0.6653797955046463,0.7251716810689334,0.7716885937908787,0.7424987108981623,0.7520063690584625,0.652547174653689,0.6098288369898666
2024-08-20,0.7455844615387575,0.8291856996388786,0.7770248236424563,0.660198142466665,0.7250596656283409,0.7693562010581869,0.7451639049068348,0.7521573203777445,0.6395081504658956,0.6004286203681308
2024-08-21,0.741507723521546,0.8298873092220846,0.7728078285497122,0.6641338199905014,0.7349846855581774,0.773495380388582,0.7450945190211697,0.7336179384578981,0.6163901424611343,0.6012692528666496
2024-08-22,0.741867299246037,0.8294200440421349,0.7709462365910517,0.6586908636682863,0.7316078792359324,0.7718616144023506,0.7419260797046311,0.7337441458536339,0.6162599395901229,0.6051445969750096
2024-08-23,0.7407117491320874,0.8315905415827755,0.7719982689854565,0.6568862168726245,0.730422625110647,0.7678691398239609,0.7450334092152957,0.7337069210049055,0.6200353700330574,0.6024497773330573
2024-08-26,0.7427425626716924,0.8317616181068551,0.7683107330204496,0.6570997313035702,0.731765175627105,0.7739032481993344,0.7441680414438402,0.7327879899945968,0.6214872061266623,0.6025960674424188
2024-08-27,0.7375340785685988,0.8321897426656859,0.7539853998855959,0.6729207801402319,0.7317386164269772,0.7701923979190161,0.7511261160150439,0.730987986175843,0.6229662992629446,0.6014799353007906
2024-08-28,0.7377389453513307,0.8291831139551835,0.7360350701798416,0.6716149538564773,0.730765040734018,0.7644323274021315,0.7426330329009987,0.7310775098202226,0.6257077231783588,0.6054157875926292
2024-08-29,0.7396649929588223,0.8298768176977844,0.7395530782969346,0.6710939151288774,0.7288947242597865,0.7696731895771981,0.7432756574385826,0.7382639749017869,0.6274067472190638,0.6181158391894943
2024-08-30,0.7546090989643912,0.8340424419468937,0.7417764863103604,0.6747262151522962,0.7348867567677279,0.7889343347719081,0.7408057735675958,0.7267697856792059,0.6259665210799288,0.6201837100660346
2024-09-03,0.7403557358675253,0.8582150979274299,0.7527917661715822,0.6365089258309766,0.7468901324276478,0.7953330176873065,0.6953727062509114,0.7333510302888375,0.6198937008052352,0.655511709486875
2024-09-04,0.7401898437189626,0.8613679054455231,0.7651379143333807,0.6314867083472753,0.743676314862811,0.8071273929798429,0.6993114619786246,0.7452612277986536,0.6248940615066304,0.6572010361768021
2024-09-05,0.7417835799793514,0.8620108770741887,0.766155733724989,0.632782872981875,0.7444442517854374,0.8073359727096572,0.7001010379126337,0.7429071106509063,0.623352706618244,0.6552185520329962
2024-09-06,0.7478035093358413,0.8627854378520398,0.7671986550953352,0.6520533305930608,0.7662203317044622,0.8050285624530599,0.6977014639815333,0.739453328926818,0.6318782260828091,0.6622712816729653
2024-09-09,0.787412705425827,0.8659710620076168,0.768205212413343,0.6614289796323213,0.7822263561087348,0.8303691744583768,0.702234385119404,0.7529783325023095,0.6508196630263371,0.6752055725180356
2024-09-10,0.7224433633545723,0.8529229257890789,0.755685055449784,0.660265179640327,0.7539935279461004,0.85516383180059,0.6754876130296958,0.7525563175914365,0.6465199958224828,0.6618435255471179
2024-09-11,0.7162761220741198,0.853193618967126,0.7554291782961398,0.6571403860880528,0.7543850416895833,0.8556241113179899,0.6698140068583163,0.7446210436231603,0.6119338158862918,0.655081175211891
2024-09-12,0.7160828199133876,0.8521099987507158,0.7648901659448066,0.656518446624819,0.7559130033512064,0.8529296581743431,0.6658623263877465,0.7437427798168263,0.6087769776068906,0.6438907026298404
2024-09-13,0.7126580869642464,0.8530514903710129,0.7603618519802191,0.6473515888440105,0.73259673823465,0.8388517454778271,0.6585055178910741,0.7275526887430764,0.6046181604487045,0.6363769370753705
2024-09-16,0.7174504207461139,0.8535846574502483,0.7533549824330409,0.6519703088038193,0.7402094868918616,0.8411386726899033,0.6613581527879445,0.7267734932853837,0.6054354936906912,0.6405628346724865
2024-09-17,0.7145853146700861,0.8515687966366061,0.7547509609245515,0.6421942025128405,0.7348694782265206,0.8378569762544855,0.6530869294626085,0.7300122541854259,0.6116911335031465,0.6443737997060066
2024-09-18,0.7079600961738802,0.854806540205215,0.7364385844847756,0.6383683077007302,0.733940072169968,0.8364975000420197,0.6469195520526013,0.7339559922312917,0.6084371423980941,0.6198262169522435
2024-09-19,0.7100394036394662,0.8557624602228787,0.740348864102202,0.654997745681793,0.7408696381524548,0.8306169954817348,0.6681063603930053,0.7371704389803403,0.6224178552958898,0.6329101260645363
2024-09-20,0.7021822717737118,0.8348564205073306,0.7417191882533384,0.6258060493596365,0.7366188707096587,0.8257803130840572,0.6711811813172011,0.7368497825480892,0.6198370027444643,0.6081371334609922
2024-09-23,0.6983072872319291,0.8340017536245089,0.7467629567752558,0.6329419502878948,0.7481241771934684,0.8499655789860224,0.6896018061632321,0.7455318419052468,0.6297353860241003,0.6011381105001453
2024-09-24,0.6918190234359314,0.8325381973938921,0.7463196829590556,0.6262744263371988,0.7449436924083818,0.8487755614074076,0.684355458016863,0.742777276516011,0.6277476296008246,0.5996407740420384
2024-09-25,0.6924735736534942,0.8257023138951257,0.7570297909950057,0.6268844954657167,0.740114297084703,0.8462807547019153,0.6862524681125525,0.7425082887099831,0.6268233145552488,0.6261874730717671
2024-09-26,0.6827837354477609,0.8246019764852744,0.7645794066237712,0.6328691128389424,0.7294651302011693,0.847163033683935,0.696310251757849,0.7419369314652966,0.6301150062087993,0.6263973000570437
2024-09-27,0.6817770260864909,0.8229412343245313,0.7784488322648822,0.6335482569929864,0.7280582718584404,0.847705037039887,0.6960775928974512,0.7419927864032912,0.6275314846373208,0.6289750283760763
2024-09-30,0.6775120642461983,0.8208052079280926,0.777836878690458,0.6311343030865348,0.7277557236358325,0.8460200429857171,0.6887047052997491,0.7471323299999452,0.6286472216481092,0.6291667916410671
2024-10-01,0.6811959381450863,0.8201746714354691,0.7886735630397329,0.626538951802698,0.7183995664505068,0.8455455048925462,0.6920893927910321,0.7504794438072537,0.6356761577455264,0.617830477193943
2024-10-02,0.6773041704937497,0.8172764213003051,0.7886889837253473,0.6167872698914442,0.7149453001980386,0.8437858636505362,0.6867782226664677,0.7480336537794292,0.6323888415056131,0.5936158872044185
2024-10-03,0.6751069043444509,0.8130172829334416,0.7880631327929821,0.6150275416223218,0.7132606239982723,0.8476219788859604,0.6807850794005127,0.7497125264227892,0.6297516696596754,0.5886394755587389
2024-10-04,0.6897973637583721,0.8167001600399854,0.7771571614562325,0.6321776783861132,0.7357062537699879,0.8427853964252555,0.6875365040480274,0.7607679807317025,0.644279532727049,0.5536899129214212
2024-10-07,0.6900298639698519,0.8178411291458366,0.7778877416989987,0.6317339270393211,0.735731090490421,0.8479448058201712,0.6883295627110141,0.7618321750551699,0.6440797705890033,0.5534888887806183
2024-10-08,0.6922764896586735,0.8184320632381441,0.7764076346448597,0.6297555053008485,0.7366203493381388,0.8418150803608739,0.6890071582744421,0.7500098360232029,0.6366882555115153,0.5626695558597139
2024-10-09,0.7129184168216922,0.8222872686800488,0.7761623841818931,0.674838018972213,0.73915576602985,0.8403146139241185,0.7021039001132285,0.7448369567388189,0.6444733145649475,0.566806331043016
2024-10-10,0.7214548531024088,0.823364684509072,0.7755465738413628,0.6772178004736684,0.7392277077915493,0.8491774520237142,0.7022106004816637,0.7512172995007126,0.6450482186722689,0.5721482293203755
2024-10-11,0.7496751814218207,0.8241925143232478,0.7748508510671529,0.6646229774813635,0.7333279681408152,0.8351745313002513,0.6883148531481939,0.7645698449218162,0.6429309700984566,0.573396306373705
2024-10-14,0.74924650337993,0.8389849062478263,0.7684442512931274,0.6708917322130159,0.7369995896132402,0.8283761474181219,0.6852645422508543,0.7788110208348453,0.6539937438065274,0.5785933083364319
2024-10-15,0.7563499933939066,0.8390100351477826,0.7827184428521058,0.6758363875022615,0.7361582030491336,0.8276403209703745,0.6916789523263319,0.7793034923927316,0.6661326642907599,0.5742673923266982
2024-10-16,0.7543885100123402,0.7936607683702281,0.7761877053676024,0.6615745362608325,0.6809140884583462,0.8292382846085129,0.695470616853555,0.7799045659684418,0.6700308468445895,0.5442196572104396
2024-10-17,0.7522113812148847,0.7917318499279387,0.7606720548149968,0.6617945496483846,0.6777434117934171,0.8272797429049361,0.6950165280010399,0.7805256602248027,0.6675527373955461,0.5294869641288343
2024-10-18,0.7527904609577698,0.7868965098169524,0.7545065868752894,0.6705968305779049,0.6809580451686488,0.828881325689936,0.7075541945853564,0.7499404428645998,0.6599292179938356,0.5254645381299283
2024-10-21,0.762501606735526,0.7946777545722864,0.7549933716725346,0.6765304782854783,0.6868422545925013,0.8279261494165953,0.7165679504578646,0.7470886638497855,0.6743860990337868,0.5404120932283525
2024-10-22,0.7607791885646142,0.7922067516942599,0.7532806536342519,0.6654746675019848,0.6849823111553011,0.8269980920729016,0.7090943351347863,0.7526189033022171,0.6853765756964095,0.5525385705012645
2024-10-23,0.7650950887489292,0.7951402368232489,0.7464852258359986,0.6648706159274653,0.6843436167768142,0.8219169663437833,0.7155388633477281,0.7485919889216129,0.6859090694993957,0.544989114343127
2024-10-24,0.7655626228585102,0.7946528703121849,0.7449229085662593,0.6830274989943735,0.6893776014629407,0.8316545926289252,0.744027174097635,0.7494132679793947,0.6994621215782291,0.540724515451816
2024-10-25,0.7595999388029384,0.7969315036289533,0.7826973877585712,0.6859685388555132,0.6892428336049249,0.8303033250691266,0.7460033555910299,0.7461398560995844,0.6940508050502218,0.541911446544474
2024-10-28,0.7151346585565477,0.7484634489293137,0.8169230085595269,0.612830832808971,0.6313991221754632,0.7995424732633216,0.685296798398913,0.6958807925872541,0.6082807690217716,0.4943181889138941
2024-10-29,0.6974064049290982,0.7330620273170073,0.8187651136880205,0.5747343588900521,0.604135516962612,0.7830881620385591,0.6648596627941661,0.6787622520774246,0.5798936829380535,0.4517181933105435
2024-10-30,0.7004387917778122,0.7340259773785967,0.8200923384786216,0.5773257797127169,0.5994740657782599,0.7721965788966654,0.6675258873875045,0.6671269095218523,0.569241443196486,0.45421060290586396
2024-10-31,0.7093247097712853,0.7453803003099673,0.8371354804078163,0.5962097867905011,0.6054225586760644,0.776953928265733,0.6730614778903977,0.6759141501208092,0.5933840123024511,0.45201717596287777
2024-11-01,0.6987237866133912,0.7343528690455993,0.7349796694512902,0.5772436724512928,0.5934462821704161,0.7705709668837573,0.6549812265162154,0.6679482716767737,0.5765387089741962,0.4325756542698973
2024-11-04,0.7054146019847033,0.739837853902011,0.7192988188791819,0.5812645752490792,0.6001641961001791,0.7744293582240084,0.6624184900085018,0.6708807114966141,0.5870347166675361,0.4265758763800074
2024-11-05,0.7074639687122711,0.7377723351667301,0.7167369864093821,0.5853424127483755,0.6024463803924897,0.7684057140723073,0.666321122308122,0.6719319670030821,0.5936944761239288,0.44652578454486563
2024-11-06,0.8341668968616774,0.8610995614373176,0.7195000090614869,0.7584440589746968,0.7910724483193274,0.888247391432855,0.8122710372187316,0.7601879555346225,0.7109025508234611,0.4161752985078662
2024-11-07,0.8284322394603818,0.8663961472119078,0.7170169232086062,0.7650932979480914,0.7975068316851309,0.883608921133484,0.8154678124378,0.7759785958288499,0.7163174969467195,0.4071925953802308
2024-11-08,0.8276670703520231,0.8678925602769447,0.7180460558810294,0.7651592556552061,0.797241443787057,0.8831617874837703,0.8164919582316024,0.7815683574539832,0.7207670035261026,0.4051637557018784
2024-11-11,0.8249376526098943,0.8693029982443321,0.7205776268654265,0.7703947198632297,0.7941803866936159,0.8818827693967803,0.8186912655560187,0.7803018157861344,0.7248742365667407,0.41868357674554924
2024-11-12,0.8236381793950291,0.8702159037023651,0.7186885638663605,0.7725030649227044,0.7924621486706462,0.8777360085446436,0.8200989093847826,0.7738594001259288,0.7243595553108503,0.42582837475417906
2024-11-13,0.8344544143309239,0.869104131789689,0.7072956392624397,0.7748342187070419,0.7920238211246226,0.8785290995315774,0.8215514810638959,0.7713479979409011,0.7330086662210623,0.4172923116948109
2024-11-14,0.8341781112449589,0.8690757357995045,0.6978510643936245,0.7748787314664024,0.7911128207262765,0.8758364734897861,0.8206116708892719,0.7885744644846304,0.7491072815451091,0.40571860505343177
2024-11-15,0.8346329729304443,0.8697150137484847,0.6986245897022316,0.7796349395282746,0.7946938188180521,0.8762954196213371,0.820445854795612,0.7803964100932763,0.7355179421188885,0.4032922637742896
2024-11-18,0.8351766601983789,0.8709637660290883,0.6948988859748225,0.7792625110581981,0.7943979537315227,0.8779144092989098,0.8187535210443946,0.7806832249440409,0.7336694054182773,0.40158915028952863
2024-11-19,0.8358890896897369,0.8722458065441606,0.7031706457789496,0.7807156150474919,0.7952389489506972,0.8793399835919506,0.8205635164637679,0.7808147532440093,0.7336260034921577,0.41174018040630256
2024-11-20,0.8403836470976987,0.8715165630509655,0.7035313945199115,0.7810105754916349,0.7975100979881913,0.878367912155651,0.8192563583478168,0.7749681340982136,0.7304303954769001,0.414636014799326
2024-11-21,0.8402064565552736,0.8740486854269481,0.6958385804235241,0.7814571379590601,0.8002785898040863,0.8824730175693963,0.8221096544375037,0.7772219435486929,0.7295819231644228,0.4126328129627092
2024-11-22,0.8410615314258334,0.8721357615770582,0.6921267285011635,0.7760686598916718,0.7931412525840857,0.8831966996304174,0.8228701854978164,0.777059857165054,0.7280102573351378,0.40934767772377445
2024-11-25,0.8404962793707996,0.8706506335703575,0.6997926213882774,0.7683718109394835,0.7880330486678695,0.8828260880943397,0.8221524453596635,0.782766578957662,0.7385739373301184,0.41206200813728144
2024-11-26,0.8441249385824332,0.8492978410524057,0.6473017256279363,0.7826188736405381,0.7833510555882438,0.8877283981595782,0.8489162050162566,0.7781518453650701,0.7420594860116788,0.37820795268555035
2024-11-27,0.8439286762870836,0.8493177871551326,0.6411896918381875,0.7860766451353791,0.7854990707990952,0.8894864627135162,0.8518655001270468,0.7782129598123017,0.7407603594610987,0.3803905401622825
2024-11-29,0.8424538412482492,0.8486057246880521,0.6367042178385104,0.7838974370844175,0.7845840560511644,0.8887846341024507,0.8490979896631689,0.778686039004544,0.7414170555414576,0.3751408973750669
2024-12-02,0.8403844450566278,0.8489493675927385,0.6420055039347171,0.7719013387764814,0.777905798928888,0.8870418629056513,0.851446000399797,0.7741164564850839,0.7253631900431887,0.35403967737338804
2024-12-03,0.8385703769309367,0.8474536162457911,0.6359957007401753,0.771738993524508,0.7774183753535524,0.885721197398109,0.8495560922111911,0.7714721675467671,0.7204763006866693,0.32859878373399515
2024-12-04,0.8770240339845455,0.8540165048488155,0.6495920611516801,0.7722736883394532,0.7892188684813142,0.8742588290398823,0.8726950117515493,0.7639069245565554,0.7217582839046068,0.3416069291041435
2024-12-05,0.8830651559542136,0.8542592451950635,0.6487502733788711,0.7700184539598909,0.7885839588875929,0.8706636923931959,0.8700925885854598,0.7754134873944103,0.7599148764169419,0.33795223306650324
2024-12-06,0.881611752026239,0.8552654056698297,0.6451789220701678,0.7690903038110357,0.7850589849071856,0.8718018559330571,0.8730969332635683,0.7763563754324672,0.7585563650808365,0.3459309338396346
2024-12-09,0.8832094424040677,0.8564383183303956,0.6366610851275459,0.7784999737509176,0.8012593055581585,0.8816747785153725,0.8756523164886396,0.7963358747308125,0.7773627574922145,0.34661862694440354
2024-12-10,0.8830035165807335,0.8581826654845311,0.6327164071496497,0.7767626409771862,0.7984257066872579,0.8799313346709292,0.8738540486230041,0.7829738585378168,0.7627575237925329,0.3263667651137507
2024-12-11,0.8830393506305261,0.857532284128011,0.6312929801537098,0.7825540188680394,0.8006420909675591,0.8793446954178034,0.8776013618721467,0.7852099052590243,0.7604305609688615,0.3322793171474805
2024-12-12,0.8839638721044993,0.8575278998761362,0.6270508804333611,0.7837265535529374,0.7982526821144958,0.8793263988373622,0.8778937835060834,0.7852235503333924,0.7643869704504578,0.3535395666464486
2024-12-13,0.8930914199515245,0.8675298462001745,0.6276652239078275,0.7926057350420436,0.7979059767919608,0.8876042299301603,0.8719433087829576,0.7823209250453048,0.7474874411759534,0.35048511899583146
2024-12-16,0.9026022346628901,0.8798743709493536,0.653042377143062,0.8103300897791191,0.7974056399780852,0.8913599439845108,0.8707177935599596,0.7813379715598268,0.7511941863095679,0.365874119562323
2024-12-17,0.9065370921619823,0.8799930864259041,0.6456390217680238,0.8139106272653139,0.7978619626602876,0.8882620237395032,0.8732542986419233,0.7835993754143503,0.7515854318364351,0.37924772706808024
2024-12-18,0.915816598014931,0.8897942298976905,0.6528334175474512,0.8352065383945677,0.8100784703345777,0.8952032798973922,0.8879467851147781,0.7964424903028685,0.7772243522015853,0.4544679290472977
2024-12-19,0.910664542039909,0.8887580598716353,0.6374412334699954,0.8353894679269861,0.8045671167550473,0.8951152489754579,0.8860393361609361,0.7970132269222888,0.7658506943269273,0.4550282602233532
2024-12-20,0.9141417391011963,0.891134751437333,0.6292717872138539,0.8397944325215099,0.8163406043672616,0.9001013224592659,0.8876878963048037,0.8023490843604211,0.7694807487729063,0.45862181308909267
2024-12-23,0.9126595060028565,0.8925149418716285,0.6006478809107405,0.8351082416240101,0.817484961490429,0.8997430866307148,0.8835774196061169,0.8036111795977913,0.7736627272261917,0.4590072293115817
2024-12-24,0.9140410541105517,0.8946579769484619,0.5931695964242976,0.8372554722349417,0.8192655480824715,0.9019501363807005,0.8885617492016733,0.8055067323485345,0.7761548840940841,0.4676376258276672
2024-12-26,0.9130613248643795,0.8950403661324816,0.5756478555508809,0.8413048383180497,0.8258148882014194,0.9017717338159675,0.8869009828835438,0.8040625444530612,0.7739831102288077,0.4748768008786632
2024-12-27,0.9132791939766396,0.8958056001728836,0.5703819580488421,0.8417143093141323,0.8268079922599406,0.9023999212038124,0.8874496542675908,0.8068498029773509,0.7765723251195114,0.5013702208607873
2024-12-30,0.9158938010444333,0.898258613283031,0.5731113629901493,0.8424135100319601,0.8293155925239014,0.9016978354332643,0.8895235824065786,0.8063935363262221,0.7803593457716149,0.5040722434840323
2024-12-31,0.9145581669085912,0.8990146419535462,0.6088210345850722,0.8379826651695146,0.8236486025568527,0.9063479052141021,0.8893802869536556,0.7965729687558329,0.7736844063050379,0.5200591534406616
2025-01-02,0.9132267328618427,0.8965824959356204,0.6025759264142803,0.8321831410874959,0.8223173510001288,0.9061747599150851,0.8888464044153819,0.7964928640246426,0.7735244558091289,0.5231740835978576
2025-01-03,0.9137239795080233,0.897259095447051,0.5908268670420985,0.8319934541143347,0.8221953379112927,0.9061961952793807,0.8888895079569513,0.8034421224906548,0.7805466303351658,0.5280095335812892
2025-01-06,0.9049020512594884,0.8930841544776265,0.5894162601786596,0.8335267703273699,0.8095567440153595,0.9035552714382988,0.8878646426041819,0.8032996347422198,0.7721198025122186,0.5072701308855312
2025-01-07,0.9044067489750981,0.8928623913940607,0.5962702564161918,0.8139219845130449,0.799271971595515,0.8985280558812593,0.877138137826196,0.8013892029263467,0.7665199455703583,0.5076578724234672
2025-01-08,0.8969751190854153,0.8903603185407735,0.5750734059220683,0.8361975613281588,0.804039662510228,0.9048951605649338,0.8978531392501534,0.8002695783113994,0.7745139266783647,0.5058919905361673
2025-01-10,0.8938174027854869,0.895443292415866,0.5612268948059301,0.8491716022840503,0.8098800309367497,0.905725404018257,0.9064562494022258,0.7970166351820012,0.786705005999694,0.5401900635744988
2025-01-13,0.885196656750354,0.8954317030292988,0.527059142705757,0.8496947896036507,0.8065167562875691,0.9025495926599912,0.9065927693887095,0.7987553881529257,0.7817520715207764,0.5513771215437459
2025-01-14,0.8891174424218046,0.9334696546305795,0.5284386423010021,0.8684324223765054,0.856163927842288,0.9042178852414091,0.906787570697071,0.8022260109032725,0.7800476888822764,0.5533831858698337
2025-01-15,0.8894817691964086,0.9384068267687883,0.5427390453560497,0.8758090489903083,0.8505227311062057,0.8885206917708425,0.908479219106192,0.8017659526278715,0.8023509552674221,0.6037313399635538
2025-01-16,0.8842799352156485,0.9285019467095116,0.5410469929282278,0.8361355164132106,0.8375589845400067,0.8892357950088573,0.8989029583530626,0.8299743795109202,0.8120146130809478,0.5395202452011737
2025-01-17,0.8727360706923448,0.9273750749790213,0.5481909328769449,0.8275635950192172,0.8377944438956197,0.8900673355625907,0.888027842715267,0.826354870778332,0.808250543329887,0.5404407490823753
2025-01-21,0.8725554049636055,0.9222285374665835,0.5524638732044513,0.8314083461138522,0.830932266373583,0.8908366129899064,0.8919707134901118,0.8276744010978712,0.8050979778180166,0.5360853681019564
2025-01-22,0.8644941169932198,0.9219500417118213,0.5620434126029773,0.8297133240710038,0.830363698012307,0.8907413009858327,0.88537090096345,0.8222194566464338,0.7777979017212336,0.5402165904899524
2025-01-23,0.864799931329293,0.9222380248209034,0.5571966849328145,0.8302548999683815,0.8308979995662534,0.8911198430211656,0.8843114416804574,0.826467138057495,0.7838826691866424,0.5451088350612033
2025-01-24,0.8623751800957844,0.9204478067091746,0.5556696312759816,0.826518447354713,0.8285323551256231,0.890741022204742,0.8800129251943417,0.8229641595779521,0.773631133306306,0.5383076800103319
2025-01-27,0.8592802041814857,0.9198142605974529,0.560905998234582,0.8135235801769426,0.8249297497558844,0.8884282794074582,0.869281101924627,0.8126295395947855,0.7483675381391762,0.5242824199107433
2025-01-28,0.8586045866723226,0.9189592342798973,0.5536841197462344,0.806339275082311,0.827520021273684,0.8920063468312013,0.8663437061252467,0.8126577019118276,0.7470738819357985,0.5268287331547338
2025-01-29,0.8620205805104437,0.9209941816681675,0.5469881439001294,0.8055872030080768,0.8331248813307527,0.8929759529543156,0.8669545310762298,0.8137262427149118,0.7559301207475649,0.5254487549878739
2025-01-30,0.8596330965824295,0.9212244750779139,0.5467841650349501,0.8041125414419321,0.832992684552038,0.8915507221635465,0.8628978177198777,0.8109443372408652,0.7488206744194332,0.5250394772820614
2025-01-31,0.8600478720858349,0.9212964418776535,0.6626233171628757,0.8047607458070674,0.8333233133297394,0.8917621131016136,0.86382347196299,0.8120924601337782,0.7525781012431545,0.5233730130012685
2025-02-03,0.8585977300759311,0.9226338657295118,0.688398655865625,0.804308939747074,0.8340133419220335,0.8890762968960141,0.8609361384135226,0.8106307151541946,0.7505651216061409,0.49361534896948955
2025-02-04,0.8579835213980853,0.9248234752686024,0.7128736079993332,0.7979244746098385,0.8335272450147531,0.8955579341240715,0.8578525927170754,0.8141790953820441,0.7426456625541923,0.4893938845451112
2025-02-05,0.7213679688172775,0.862328223552267,0.6975831069391052,0.6367126804348502,0.6769103836459555,0.7690360764915172,0.7276055516567651,0.7625382837655313,0.6274779377751509,0.5416655274879021
2025-02-06,0.7524454576100551,0.857961945024106,0.7018691018557567,0.6298041829476926,0.6835275704604802,0.7888996583967214,0.7239084154886505,0.7177201344744429,0.6022393546800432,0.552811481509873
2025-02-07,0.7568580582191711,0.8578222405355942,0.7026781534562913,0.6308867440330849,0.6867822026396114,0.7925306019710604,0.7224906359573163,0.7200789083355983,0.6076523583650749,0.555877425415142
2025-02-10,0.769139569107287,0.8525010158973797,0.7152442901045603,0.6212271523215411,0.6992016953252935,0.7870932503655423,0.7127379252983129,0.7313247542960748,0.6094443367993707,0.5457061778544228
2025-02-11,0.7649385893537213,0.8499410258593662,0.7196846074801503,0.6197475219979512,0.6962426867066979,0.7764332733614384,0.7105794616259824,0.7250890688949879,0.6072789960908773,0.5416652377673806
2025-02-12,0.7589040997574901,0.8484402470114802,0.7207143777316928,0.6195544967880343,0.6957461363479793,0.776813160563779,0.7013727784434395,0.7252888970487628,0.6134337989036655,0.5442728249856763
2025-02-13,0.7588572207363926,0.8503740871054718,0.7305017279635844,0.6189285650447212,0.6957809400988386,0.7812250343616997,0.7046388429491769,0.7252730881795901,0.6136651662506111,0.5508237645351229
2025-02-14,0.7417613069200736,0.8526176483231337,0.7316839308978891,0.6219442193127331,0.685007138311958,0.7719681016761981,0.7153869022605581,0.737714906311578,0.6451017815751546,0.5417889437274258
2025-02-18,0.7197559147021979,0.8562030516661724,0.7259761785528577,0.6047851232124715,0.6883466609285823,0.776125212871394,0.6927808645411832,0.736184735505376,0.6371156620944733,0.5441481221001438
2025-02-19,0.71829335840135,0.8527245151901879,0.7249471373314283,0.5980912912970936,0.6836645229350499,0.7735863802567053,0.6926121342529923,0.74119156074699,0.6425052338712067,0.534208989058462
2025-02-20,0.6966204360240513,0.8718476053204554,0.7239018179737131,0.6109731426174252,0.7360705603518922,0.8072528787603315,0.7015871812278844,0.7394788770238575,0.6626961767266807,0.4842612381196389
2025-02-21,0.6971499997371197,0.8694353912472376,0.7329284376949833,0.6127591350509437,0.7328952468175265,0.8021993432405193,0.7023834101433531,0.7335723175578744,0.662108184024282,0.4972937179969802
2025-02-24,0.6931976378993411,0.8695469174521768,0.7347353848684123,0.6237616784122784,0.7467602792671504,0.7944774493001471,0.6974098489729385,0.7201856111416731,0.6519287164715921,0.5074977818460914
2025-02-25,0.6975657584125188,0.8632496019783592,0.7328642712537664,0.6352804693557605,0.7457817532668206,0.801527930305365,0.7089363616053183,0.7182824045455545,0.6479290294420075,0.5048461788455382
2025-02-26,0.700854568785304,0.8756596989702323,0.7710555694582677,0.6524869838391383,0.7511072473076539,0.8029132747943803,0.7089516386866234,0.7195137060394171,0.6470768619364229,0.5009519966948033
2025-02-27,0.700244219622339,0.8772195932438592,0.7725739173826047,0.640903228894914,0.7462508064891744,0.7953790988938321,0.693462493438224,0.7182343191863549,0.6427386711174702,0.5047264500223071
2025-02-28,0.7060773936120263,0.8833825630052814,0.7767849493528294,0.660824780097295,0.758805067997061,0.8060534867800794,0.706432732500068,0.7310471798622618,0.6566729372614698,0.5353507466681965
2025-03-03,0.7075838648787974,0.8891270642563355,0.7994907599811942,0.6655517326061713,0.7708126879573652,0.814610085690416,0.7090445126805696,0.7381417671080358,0.6602789746786131,0.5391741668520489
2025-03-04,0.7589714926363023,0.8979930949111553,0.7985624252709776,0.7295199608960925,0.8069008954326068,0.83472311199896,0.7312723474192168,0.7741193648665586,0.7077607966872093,0.5475973182573245
2025-03-05,0.7529889258865063,0.8994675746409663,0.7862304085036067,0.7160059147704865,0.8061123059841281,0.8306368504691963,0.7112751948776271,0.7772799852550656,0.7075709910554008,0.555084138238342
2025-03-06,0.758265134547782,0.9049119930437177,0.7890779710727973,0.7267668532617523,0.8147146159415574,0.8387509475859186,0.72448074126147,0.7930722864184936,0.7280301872798374,0.5546535621691998
2025-03-07,0.7386985426666547,0.9017331511294574,0.7960212780521855,0.726141094017483,0.806203379385807,0.8391518948997784,0.7147923663268216,0.7899055097649414,0.724398041506219,0.5536680388975677
2025-03-10,0.7610671033079887,0.9121952660498349,0.7983930346494658,0.7543969748135745,0.8339043608490678,0.8589473989120948,0.7425693561163437,0.8118328756333604,0.7458304606560836,0.5951873439876167
2025-03-11,0.7592409215670689,0.9115235563372347,0.8075333243045592,0.754223141137005,0.8256619132645605,0.8544160492377599,0.7443006165370726,0.8290848391324438,0.7513793340531665,0.605503486160994
2025-03-12,0.7533279127479761,0.911404906842534,0.8043477452593982,0.7553465675048576,0.8147316044837567,0.8508529956822739,0.7437451874561131,0.807612076922652,0.7515262050185297,0.6019351359923529
2025-03-13,0.75524469349503,0.9128857347584871,0.8029900983581092,0.7534869373662646,0.8200803002198676,0.8538907247699223,0.7415038938538944,0.8094410476928773,0.7511259045700761,0.6052248675498785
2025-03-14,0.7713371147851187,0.917405431645707,0.8104602362138656,0.7655613719634993,0.8283313865551016,0.860306314326192,0.7538919504444175,0.82933008784856,0.7745803873172579,0.6246491700506142
2025-03-17,0.7714125433494252,0.9206652633119136,0.8029482006101132,0.7738870251571831,0.8304024993528073,0.8596064978401506,0.758068702959215,0.8284269589515201,0.7692484769273107,0.6319330859286406
2025-03-18,0.771415276931386,0.922597137045615,0.7959107073054451,0.7729043543055197,0.8299680890704371,0.8616354477264597,0.7571684359580816,0.8260071516350012,0.7661199112876039,0.6308289815775936
2025-03-19,0.7563943875331287,0.9160166476344732,0.7979989296556931,0.7555096014912396,0.8151035367054864,0.8485059193232136,0.738814439499623,0.8120655680002442,0.7460905051284695,0.6078897246570149
2025-03-20,0.759827518414962,0.918182689467078,0.8002788126478607,0.7556314769411481,0.8205739513284568,0.8466540853792449,0.7413533904337257,0.8106707095667028,0.7570938765588542,0.6067238859383333
2025-03-21,0.7508802560754693,0.9154481455462511,0.8022873784714244,0.7499430750088903,0.8111526625927967,0.8418716929005542,0.7354539858455251,0.8025163872785127,0.7513214584080311,0.6015724379712797
2025-03-24,0.7554969302436577,0.9177034334639681,0.8028469241221455,0.757134869739329,0.8197246499769891,0.8471531744347447,0.7441423239548192,0.8117492468339399,0.7554678119713115,0.6053114018108411
2025-03-25,0.7528931051124591,0.9163661746020003,0.8036790700408022,0.755193419705596,0.816360199073194,0.8448891517217711,0.7421347406423391,0.8084448938986721,0.7535285869209596,0.6003390738374323
2025-03-26,0.7508413558759396,0.9201540249161865,0.8055494447851352,0.7563324827103673,0.8089775062712545,0.8387522450800512,0.7451408335190688,0.8064519339156722,0.7549814126226293,0.5986688567352713
2025-03-27,0.750675085982604,0.9219125706747417,0.8051772018820815,0.7530805875332399,0.8103194410257742,0.8390990698519314,0.7406735244511616,0.8075982475516645,0.7547512503110568,0.5888460973398405
2025-03-28,0.7591679511348178,0.9244829948898128,0.803841710617409,0.7619256528717228,0.8163275362825044,0.8449273045674556,0.7509671684984166,0.8125636294778036,0.7615426369359827,0.6001517640772277
2025-03-31,0.7609116971027394,0.9242771367522148,0.8023634318816366,0.7635105595268696,0.817434573494761,0.8449685146483833,0.7510222865632376,0.8138716235192107,0.7641658326595338,0.5990695606581983
2025-04-01,0.7625884783413942,0.9241448610120553,0.8097623673285006,0.7687098586254164,0.8185880778735524,0.8415453040149243,0.7489429589981335,0.809105275095975,0.7597961222112379,0.5982585491981874
2025-04-02,0.7612783183403562,0.9261914886921734,0.8072272396252463,0.7667791131543015,0.8157006085245805,0.8390983337576565,0.7477614424411877,0.806345242684957,0.7579863603190627,0.6081471447580139
2025-04-03,0.8359155693200462,0.9477243878416063,0.8515182392942762,0.8253564083696115,0.8729814137780717,0.8844865959801114,0.822955842791778,0.8619935395674112,0.8591174283679868,0.7180396988523874
2025-04-04,0.8640140059367148,0.9547203526287585,0.895089330604075,0.8598598812496218,0.8934716432696985,0.906318753876998,0.8572970109932436,0.8648140033367248,0.8723391699321523,0.7628079102917869
2025-04-07,0.8659676557099342,0.9495495387366228,0.9061070789407288,0.853877029923474,0.8932795295469614,0.8919070760570488,0.8308560763230508,0.8616620139822446,0.8611061618472687,0.7587547361217273
2025-04-08,0.8560058365923644,0.9483395522301342,0.9191094913136887,0.8515278879939805,0.8908155206174632,0.8893373400489611,0.8287010737409422,0.8555365336883571,0.8603850811131657,0.7524739803034727
2025-04-09,0.8716531991118566,0.9598262466513808,0.9284959667160483,0.8613688767157839,0.9153709525748437,0.9138356791110163,0.8384841739031808,0.8788786034115146,0.8446606037402913,0.8106462481121094
2025-04-10,0.8742447125151379,0.9617282368197753,0.9367226975693456,0.8667060876349959,0.9188001975552168,0.9152430408622683,0.8416187737394385,0.8798573466069908,0.8461848954075251,0.8178838395693036
2025-04-11,0.8585384230624996,0.9612604384156284,0.9250085181834189,0.8626798674936335,0.9118108726338776,0.9113063415225595,0.8393000004216812,0.8748470615900003,0.8407126865533433,0.8093926860263113
2025-04-14,0.8512047439892917,0.9667496027250546,0.9261744148002395,0.8819176464099879,0.916404384021908,0.9035389643248387,0.845041351011221,0.8690631427026929,0.8425552350723846,0.8413887993513463
2025-04-15,0.8339762978749645,0.9667378828396213,0.9260428314874563,0.8789220779255023,0.9115743347589228,0.899455289671136,0.841892598897035,0.8679948641858808,0.8368679049912119,0.8389637790796348
2025-04-16,0.8359212848300523,0.9697367927431738,0.927318574797704,0.8799864509814894,0.9160873954229244,0.8992095761576393,0.8431261536712013,0.8675566032314078,0.8388455079307485,0.8411621793821739
2025-04-17,0.8385438603613946,0.969561085864311,0.9284123051876504,0.8803748363855481,0.9169708708496931,0.8992011193121543,0.8434370251392092,0.8669061755907667,0.8491933637671022,0.841899062688991
2025-04-21,0.8379465933798934,0.9686948408180323,0.9279465693518377,0.8791245601068163,0.91627069233955,0.8991001660280822,0.8431464768009072,0.8643695083787012,0.8456955546789162,0.8427441251248332
2025-04-22,0.8435964571717485,0.969837220926969,0.9327112915285088,0.8831384551826593,0.9190536005763658,0.9020282079697884,0.8487878260575719,0.8687312686406463,0.854114134810675,0.848034211931387
2025-04-23,0.8439675697186447,0.9701173609518605,0.931859575850576,0.8879577799221272,0.9204396401973416,0.903297702896753,0.8527718369035715,0.874170401755969,0.8602978133721884,0.8506329030820763
2025-04-24,0.8462748089340937,0.9709491687861397,0.9357503312896377,0.8926352495931079,0.9209836780827678,0.9033119765194869,0.8562320486514333,0.8749208379050184,0.8628378609181353,0.85310204746426
2025-04-25,0.8454603355602264,0.9707952390497808,0.9366334654456628,0.8927880331636403,0.9202862961934463,0.9031203108325406,0.856102344524785,0.8749408372074378,0.8615460766634979,0.8512229646715526
2025-04-28,0.8456044625211411,0.970704396550672,0.9350622226138207,0.8933317955524959,0.9201445511123519,0.9029272215598305,0.8575188004881664,0.8747464282624882,0.8627493858114361,0.8510248439965106
2025-04-29,0.8459550248164568,0.9708917264721376,0.9365455274078687,0.8936777489437385,0.9201654247612356,0.903074166115449,0.857579928537827,0.8749375644393325,0.8631609087059019,0.8515778867395938
2025-04-30,0.8459255376121303,0.9708576912663328,0.9372502919781764,0.8938913957373954,0.9203995649030268,0.9038155855390675,0.8584990767397533,0.87493089259254,0.8631545583513043,0.8811194379877318
2025-05-01,0.8464741390807609,0.9712156912142609,0.9357370469680028,0.895957498699911,0.9210963718154574,0.9040969348540677,0.8593519392722788,0.8755363326847976,0.8650384850246057,0.8807263900315174
2025-05-02,0.8482730586353234,0.9710751705257231,0.9334864631202289,0.8973086056561455,0.9222446688590534,0.9050516598741349,0.860823803031781,0.8773014951225873,0.866716040822658,0.8833239309763177
2025-05-05,0.8481985573547147,0.9706885014366297,0.9341493246201747,0.8963605490657345,0.9229021805499515,0.9034625808079567,0.8585267560206867,0.8842978178442146,0.8687797010827361,0.8884325964510896
2025-05-06,0.8476696268954251,0.9703562243738804,0.9315993467334895,0.8963177393574115,0.9226816123572558,0.9039007101120412,0.8579710191701172,0.8842701797745662,0.8687887952722997,0.8893693627563727
2025-05-07,0.8470235435668837,0.9713911607916879,0.9303834339757477,0.8958359383180801,0.9220284693100458,0.9052977895725269,0.8585067375291747,0.8834414146728151,0.8682960547882191,0.8900725540274883
2025-05-08,0.8496551765530442,0.9722650346390652,0.9305958439008919,0.8966000644721848,0.9243303278566326,0.9103752484326328,0.8600915540213365,0.8878198982667873,0.8694527720010553,0.8894195345599923
2025-05-09,0.8512904374154565,0.9726635313509148,0.9351684341431356,0.8968532328390727,0.9247209455568033,0.9101492259718165,0.8625439102550159,0.8890361548693808,0.869277558977786,0.8906387635996449
2025-05-12,0.8548848214326552,0.973622648760473,0.9355943436199008,0.9004345219533675,0.9265862879934845,0.9122093241742105,0.8671252787320707,0.8908373853032309,0.8737783220606454,0.895173116385878
2025-05-13,0.8565744451675091,0.9736319274782492,0.9363516005966556,0.9004770548006774,0.9283578372112855,0.914578139835922,0.8677112277739845,0.8917465461887791,0.8728431529119686,0.897726925755482
2025-05-14,0.8623878268081681,0.9738770989545948,0.9378139336310668,0.9051123583226299,0.9283899159999295,0.9144611212987598,0.8747184274947655,0.8888938886281502,0.8718972351790137,0.898289995447988
2025-05-15,0.8603416122859519,0.9740805742411894,0.9380865379873912,0.902992548953952,0.9285765277840475,0.9145997885785958,0.8726582273981212,0.8882325348770385,0.8713582475851134,0.8989031089090819
2025-05-16,0.8704750273394806,0.9730147783960963,0.9378983061369806,0.9070043123098649,0.9266547745541894,0.9139528995095818,0.8749189541325387,0.8979392406821264,0.870255647340568,0.917208384441477
2025-05-19,0.8682525231332701,0.9731926653768508,0.9376907614853646,0.9058562853713084,0.9268104942698671,0.9150927713242547,0.8744460556561526,0.8981808194458801,0.8714080960192783,0.914838292616125
2025-05-20,0.8679250979699744,0.9748963866402977,0.9367906437793208,0.9048899617011243,0.9242462055601616,0.9157897119930936,0.8749308024410829,0.8982522080058042,0.8715480828806229,0.9136645583082588
2025-05-21,0.8683459295569365,0.9766346764290377,0.9375554234607961,0.9071213054439717,0.9273255314025153,0.9160229584292631,0.8746003901306774,0.8997171364761232,0.8744512064617744,0.9156693549532459
2025-05-22,0.8685397754324078,0.9769666041051842,0.9371541258259442,0.9078399681801921,0.9265412823885729,0.9150090181491357,0.8744575425222396,0.8993002499002077,0.8751177609047651,0.9169593509711366
2025-05-23,0.8685866612075002,0.9769037787568634,0.9358803993064334,0.9105586857826101,0.9282398980142983,0.9173457455874303,0.8778310090801179,0.8993859609434058,0.8760004096473244,0.9162366158787242
2025-05-27,0.8703976375450482,0.9766829182187863,0.9353052093947014,0.9125677698801931,0.9278964941364,0.9167967856824462,0.8797383441662332,0.8991767293472309,0.8806622064943156,0.9165170086873333
2025-05-28,0.8700745861833548,0.9764135939286828,0.9330917503610788,0.9137126774835105,0.9279052026920626,0.9165548576438989,0.8803703013607456,0.8980629057115219,0.8803646953438445,0.9179782717000419
2025-05-29,0.8638306299734443,0.9770218057712023,0.932521577829193,0.9086095172958901,0.9238431160769603,0.913457773796609,0.8814826583934068,0.8950579461707107,0.8826869410033048,0.9298793533809523
2025-05-30,0.866255472111488,0.9770576336827982,0.9355096719415635,0.9150703715917676,0.9246313263723286,0.9151437757402848,0.8901270952658081,0.8951445869091211,0.8841637000241762,0.9293405617513768
2025-06-02,0.8645100464276313,0.9766553957158782,0.9358872721866335,0.9149509199060261,0.9239673113680343,0.9155874175766819,0.8916818308167832,0.8935268615341746,0.8826235826249865,0.9345593750583684
2025-06-03,0.8714481767099126,0.9779719492751711,0.9360340399125815,0.9139322497285342,0.9282070775747511,0.9157171522268325,0.8951183233037956,0.8949262709282649,0.8840716827920994,0.9350148419541408
2025-06-04,0.8659796133372333,0.9781841346736966,0.941924274202629,0.9130922303356095,0.9230481081790594,0.9105625367805336,0.8906317736769275,0.8906271468793466,0.8792845268615131,0.9360802122374294
2025-06-05,0.8654332235546552,0.9777782334012751,0.941306682219927,0.9106917406260328,0.9178202767957993,0.9080975855243907,0.8898151209687901,0.8883773361751218,0.8811636268070521,0.934280413386882
2025-06-06,0.8687573783379178,0.978389668008257,0.9435881044539176,0.9099247014062726,0.9235168930083679,0.9107976286801712,0.8896151711531783,0.896594363149067,0.8829726456136299,0.9369720404739884
2025-06-09,0.8688228290518019,0.9781187747921888,0.9456194997768137,0.9113955674517897,0.9228821974756927,0.9099156359211008,0.8910112296209028,0.8953701399513184,0.8834696593153256,0.9373368326127643
2025-06-10,0.8657922134615053,0.977601116117373,0.946453501235426,0.9091436806998784,0.9207732034893201,0.908213627990005,0.888815042841156,0.8909048457123249,0.879467204409774,0.9358688815638051
2025-06-11,0.8661041136422557,0.9751880104914261,0.9453061527250302,0.9084781935005554,0.9228399154687926,0.9058257563572235,0.8827191198773352,0.8923002386396632,0.8829776109386428,0.9371814301829262
2025-06-12,0.8660990760802052,0.9751897913995832,0.9488082075909753,0.9086369934361057,0.9229441997333517,0.9059625443934907,0.8829135940314893,0.8934310609492967,0.8845498436711616,0.9368679276093129
2025-06-13,0.8662868248129448,0.9756049029050994,0.9443090465390813,0.9085300489028167,0.9236038420628844,0.9077477160819001,0.8833187783984339,0.891589249749659,0.8825380503931316,0.9398298458765221
2025-06-16,0.8651089791853249,0.974384898114257,0.94425469454016,0.9086276603111132,0.922445838024181,0.9098849163037868,0.881703618624417,0.8926179230611471,0.8817766504079279,0.940585914454851
2025-06-17,0.8667221767607257,0.9748960203717818,0.9448206080736047,0.9087422389162201,0.9250512948496986,0.9106979937219748,0.8819149222605338,0.8946359126789041,0.881865439438936,0.9399881875580394
2025-06-18,0.8691309311604104,0.9752731023333363,0.9444595523451293,0.9115831391400836,0.9238824759778413,0.9101315081591002,0.8824583233298762,0.893152772769844,0.881569765084608,0.9429026913115488
2025-06-20,0.8693928359973392,0.9747950513519682,0.9443518134592787,0.9106778354856786,0.9242320232237986,0.9100353110062962,0.8826280291670856,0.8939423157938081,0.881532908504576,0.9426620804577941
2025-06-23,0.8707487139915592,0.974621324845982,0.9424981413136754,0.9110182670081672,0.9294824690273065,0.9137080211799467,0.8820463936677174,0.8936822494285928,0.8787814917574265,0.9460761129670913
2025-06-24,0.8711888766592558,0.973504685844378,0.9414877089553984,0.9146583673777404,0.9301955455335801,0.9135512824332613,0.8840300089568851,0.8917021741559948,0.8759794580240255,0.9535914850968776
2025-06-25,0.8677834219743378,0.972915327514512,0.9414610790360383,0.9115832666645077,0.9288144023781846,0.9117898440432765,0.8808705419058305,0.8888286796363475,0.8744953993716921,0.953283503961476
2025-06-26,0.867802960180705,0.9724277726706578,0.9409846818911447,0.9117130630242439,0.9286680322512206,0.9128662190671422,0.881199876701624,0.8875988057975556,0.874099995416569,0.9546209142503036
2025-06-27,0.8679324189826094,0.9738257782801127,0.9416495693138176,0.9095316311434988,0.926201045973924,0.9128261466884526,0.8805667841970732,0.8827929185822587,0.8687248455347519,0.9531223073639078
2025-06-30,0.8674121095575484,0.9682881578870572,0.9401517194938808,0.9131980362852397,0.9286966877039502,0.9137127916549378,0.8793620044615308,0.8826197048755318,0.8689129698344805,0.9531853736943461
2025-07-01,0.8321040779060622,0.9584924775911293,0.9330956780755366,0.8827415481449639,0.908466853984035,0.8892273161892278,0.8396788471269826,0.8478851517985708,0.8284604056896816,0.940858259743232
2025-07-02,0.7519559509037478,0.9466308744644538,0.9118698537192463,0.8478581134502526,0.8823445645815672,0.8540980654465429,0.786603888274609,0.8584355201888382,0.8329800771306102,0.9231239173634802
2025-07-03,0.744575622464714,0.9567468592294054,0.9100844221378721,0.8641834625167638,0.8819533142736032,0.8763269459416383,0.8403518747919024,0.8638743456307714,0.8594949669139804,0.9284011572680905
2025-07-07,0.7682150388632691,0.9523553578562045,0.907318037116203,0.8667551167393682,0.8861586879555005,0.8881922372768758,0.8418273829040244,0.8757530886064818,0.8610812611007698,0.9286694800522091
2025-07-08,0.7296239493563307,0.9207890791304038,0.897876904102921,0.8466911290284174,0.8155602801824571,0.820616254172434,0.8113264080371929,0.7917313961753945,0.8311038194672382,0.8675536639665397
2025-07-09,0.6907460522161627,0.9014640910433567,0.8753276236393069,0.8185316162684072,0.7885326402191913,0.7957282881276018,0.7804706416776392,0.7609159076686951,0.8009980712381433,0.8322408826842339
2025-07-10,0.7383242304295752,0.9021448723376652,0.9018463591805946,0.820956671881037,0.8143980920662371,0.8460328800475939,0.7753009269692775,0.78824132428181,0.7939256237138058,0.8343641708222356
2025-07-11,0.7687751733124253,0.9051957580474741,0.9027992346545279,0.8262002466845931,0.8255873915703226,0.8703689822693421,0.7738626121088711,0.8075645546873786,0.7925920422289505,0.8353826417937217
2025-07-14,0.8485445483286229,0.9065367919653982,0.9007624708798859,0.8468508054850101,0.8407699438297921,0.8782419817004495,0.8066858832732444,0.818718367908272,0.8177083717262313,0.8431753663876534
2025-07-15,0.8409391937903782,0.9062405498304696,0.9019739271839651,0.8457086997564061,0.8346932987440319,0.8741502405990248,0.8056400823998411,0.8095425784844786,0.8226214476909823,0.7799593638732131
2025-07-16,0.8450218548724928,0.8905834266864029,0.9011930537988329,0.8465033219337694,0.8323382424339647,0.8699463436408453,0.8111431400737209,0.8172944304838343,0.822121376240377,0.6995749729801332
2025-07-17,0.8419493492261905,0.8815879943499225,0.9004720632641106,0.8371992289052754,0.825010973738648,0.8449681793311896,0.7736937876636745,0.8117997524019618,0.8159800609163939,0.67312832611695
2025-07-18,0.8270759685529566,0.8704706277420289,0.8740771076956875,0.8152743533591048,0.8069951661424137,0.8313630774238833,0.7507296436929061,0.773011397839071,0.7714040500321747,0.6393827402000068
2025-07-21,0.8314976911948027,0.8690861631852725,0.8715751047480502,0.8127302413052401,0.8049909906843764,0.8318755066708797,0.7467255345171344,0.7593198858398199,0.7656210815267157,0.644354215618421
2025-07-22,0.8261766160286456,0.8606939345610235,0.8702603350662826,0.8006955880243483,0.8013609959327643,0.8252033057942305,0.7263003942276904,0.7524481226506865,0.756261949657587,0.6205091259494723
2025-07-23,0.8234078765481857,0.8634262106488203,0.8711282609008043,0.7995525185592931,0.8081154245848851,0.8309802124396057,0.7223628900428798,0.7524597451793877,0.7594842198512439,0.6315731714171305
2025-07-24,0.8219874223740338,0.863882068571357,0.87168420651837,0.7995461031666168,0.8072259703589418,0.8313521339364268,0.7215462962305431,0.7531193673642063,0.7582445526845618,0.6342316331401121
2025-07-25,0.8199476869744761,0.8608601449724749,0.8719456319120245,0.7995938213503581,0.8068897803372259,0.8316566644697506,0.7171441203193643,0.7533858009317712,0.7546784083894017,0.6347707923303357
2025-07-28,0.820176772053358,0.861708779441483,0.8640990809939756,0.8010229766541215,0.8074491313377439,0.8310821328349814,0.7183069801640538,0.7535440015747858,0.7545893271515083,0.637494343253618
2025-07-29,0.8214730593941231,0.8611805478743022,0.8612013208718836,0.7930628782433339,0.7992183069322214,0.8196119948133023,0.7066963509947636,0.7547255584161457,0.7558731923982339,0.6404414604035189
2025-07-30,0.8082228586747493,0.8525740204482117,0.85870295306354,0.7782863860885058,0.7871237577649467,0.8070345212617493,0.6972690456122647,0.7181571468797916,0.7385565353112838,0.6297806118633009
2025-07-31,0.8143700646729987,0.8551580283725633,0.8436993888687602,0.7853798416599883,0.792741161459994,0.8158187259980607,0.7099208605871413,0.7248020780711217,0.7439317867345765,0.631128427693846
2025-08-01,0.8342542556590954,0.8609232289793601,0.8435420183694158,0.8021624956684592,0.8057131797433874,0.8186682519901559,0.7256564934378239,0.7271902333156336,0.7366773797877149,0.6376712258157429
2025-08-04,0.8266447338883384,0.8642213051309539,0.8339144891783976,0.7978411187290854,0.811557083524592,0.824095795384856,0.7183114961169038,0.7317412786491913,0.7345089030850379,0.6456214199200396
2025-08-05,0.8230739484438044,0.8601323616025089,0.8258666700306855,0.7947861845959021,0.8078498685913461,0.8213378675049607,0.7133792799770937,0.7235846711301455,0.7290356417930249,0.6525768936610091
2025-08-06,0.8258726349965325,0.8601225626490755,0.8243983510164244,0.7940735805408807,0.8055601535247222,0.8208683843823508,0.7129425306233436,0.7256527572959312,0.7293702493734435,0.6524348078967802
2025-08-07,0.8102796554233964,0.8368428475707801,0.8174035146049237,0.757862702493768,0.780447240422841,0.8022205280073431,0.6738071706467182,0.6843529422940966,0.6799751935736444,0.6057998844142068
2025-08-08,0.797013249328985,0.81792572588798,0.8184938717724016,0.7554913060557107,0.7750453336365061,0.7977920005701311,0.6371980364766763,0.6817027545701715,0.6746185903818054,0.6220797220741162
2025-08-11,0.7948766916911165,0.811601901702132,0.8189446192108755,0.7526297543549817,0.772308554287037,0.7933349962680543,0.6302898391314646,0.6923658850726109,0.6849349982790636,0.6209347592663964
2025-08-12,0.8011282045910829,0.8255454648316084,0.8208127478712112,0.7875062071696726,0.7712555536235349,0.7868654735772832,0.6688280818517545,0.6995440038716045,0.7034580459031056,0.6380276601431227
2025-08-13,0.8043350650425468,0.8273283510759534,0.8212790250263069,0.7901148898556936,0.7648405031637453,0.7838064051254301,0.6683717601196068,0.6793245137064479,0.691845829551626,0.6406243086874727
2025-08-14,0.8150268988317323,0.823356772951796,0.8159451405499283,0.7985513597184203,0.7576911300516181,0.7729960882027328,0.6734070385997756,0.6806397470171109,0.6909680060853185,0.6474966186221377
2025-08-15,0.8213915368914995,0.8325024070925807,0.8113878516564474,0.8085479880197078,0.7757368872893489,0.7880494722651316,0.6878765114136949,0.6862043015991083,0.6918107192677219,0.6819802249623753
2025-08-18,0.7997372377478107,0.8229179787954674,0.8011137307482699,0.761361002748439,0.762904573479629,0.7742831906478878,0.6421996676088892,0.6647023145470741,0.6468969831211314,0.6540981100681684
2025-08-19,0.7977375413799841,0.8226090482100746,0.784028765669258,0.7586919045721217,0.7684744109671302,0.7754625304121464,0.6316022805339042,0.6673415201706305,0.646019107238821,0.6624137844564687
2025-08-20,0.7981238699970964,0.8225949115154747,0.787463485803204,0.7564335976763857,0.7665600922362321,0.7722375793033764,0.6286244381962373,0.6685486966800089,0.645709070812945,0.6618859198106353
2025-08-21,0.7900093614434104,0.8087466254529891,0.7862839236873218,0.7413951570072086,0.7569768773906491,0.763068788338238,0.6064743224283722,0.6529380448127802,0.6229468311607541,0.6524759480782067
2025-08-22,0.7966697632508187,0.8224904182955318,0.7865135988860649,0.7628964076171734,0.7614439426266713,0.765108718650066,0.6347361754958513,0.6664972174054116,0.6504892577442339,0.6582208033302782
2025-08-25,0.7956015080000061,0.8298441346575723,0.7867516765051148,0.762467958534459,0.7624189793553527,0.7712976343770589,0.6392231757093306,0.6692224513585295,0.6485558914591573,0.6593615994718977
2025-08-26,0.7987106889817129,0.8305872545166746,0.7870316402783142,0.7629688428554016,0.7633546033888201,0.7734149388220884,0.642691315104589,0.6738390683929875,0.6538987873530352,0.6583180900136926
2025-08-27,0.7993986942763219,0.8321812413942151,0.7883312883024861,0.7635743824590606,0.7633521866106847,0.7749617339844873,0.6418023622208673,0.6735437889785229,0.6551051252752261,0.656075800154297
2025-08-28,0.7990919814687638,0.8323408405032231,0.7865781653209378,0.7686244906678253,0.7647881348491241,0.7727809061543698,0.6411864209282724,0.6729341007672053,0.6500483701166163,0.6544914385248801
2025-08-29,0.796383904533292,0.8300838861111726,0.7808181166305914,0.7662990436760966,0.7630477944156558,0.7689584391103611,0.634272768719364,0.6666464516379026,0.6475476863537278,0.6604830574020047
2025-09-02,0.8028425510661917,0.8387174867932065,0.7793947677414603,0.7871433813801981,0.8141892647100765,0.7866175465360589,0.6393915263392819,0.6691136356586375,0.646473837658786,0.6808912977980933
2025-09-03,0.7969452972308255,0.8375834400738618,0.7845139120956254,0.7879043599257786,0.8137485855856792,0.7847215404134494,0.6349876520150683,0.6510341149371236,0.6371258724563006,0.6815220253936686
2025-09-04,0.8007014861410701,0.8401100740586687,0.7819744850067046,0.7903809271866342,0.8179494870827454,0.7914468628152916,0.6380682270927893,0.6614032330902512,0.640785846150494,0.6821764273922247
2025-09-05,0.7865559488825137,0.844885604706149,0.7929382828625701,0.7964298172204274,0.8254584494759027,0.7867580126796551,0.6469079310689511,0.6643865850143894,0.6519939921351112,0.677516487678182
2025-09-08,0.7887836240913727,0.8533842159461387,0.7923746151956061,0.7924434967899834,0.8203523640243924,0.792776149122089,0.6621777974826076,0.6644810624770383,0.6532889060299861,0.6779616405365415
2025-09-09,0.7943912393694251,0.8615567411596549,0.7932640163398651,0.7974170355514975,0.8254613022317434,0.79894716617042,0.6721844856555942,0.6474334343693477,0.6376394457818126,0.6566724706456997
2025-09-10,0.7813231149474329,0.8529861601048228,0.8068531734784379,0.781083722641583,0.8226494661546168,0.7927816901801636,0.6596945621526892,0.6317536363983419,0.6314459474318772,0.6333494193932769
2025-09-11,0.7905107631071467,0.8569824267705769,0.8064306439314902,0.7833840738556274,0.8285575823244081,0.7902329664574778,0.6665764462074731,0.6266852348690731,0.6391204013953832,0.6402738351945205
2025-09-12,0.7865045648854531,0.8555336195567224,0.7991522946748827,0.7829495396600027,0.8262803689824674,0.7835111443304688,0.666279813912148,0.6161061204682144,0.6387287355290029,0.6352172307352992
2025-09-15,0.7782674877758884,0.8519843760274235,0.7982667436586915,0.7760245615062051,0.8192403619201963,0.7802279073065091,0.658111450577449,0.6118171313791352,0.632695387183617,0.632633307974663
2025-09-16,0.7794551791371088,0.8536054176596913,0.8006530345395151,0.7771252106198091,0.8171719549253905,0.7799785203776408,0.6566342259439685,0.6118365762084953,0.6312913347550094,0.6290968918282566
2025-09-17,0.7769749596267042,0.8539994325658463,0.7905330371796795,0.778714461518985,0.8169367837441348,0.7809757859739778,0.6593922836445562,0.6123131288168971,0.645993679336683,0.6291327404976766
2025-09-18,0.7733089726790183,0.8527353051689854,0.7754913864578322,0.7815908979740858,0.8133778643789626,0.7791724974248433,0.6638329992741488,0.6075351580574854,0.6584180827648273,0.6203148071464974
2025-09-19,0.7744070728725401,0.8513717700896726,0.778253551304897,0.7851561208319933,0.8115822429098053,0.7760296493307961,0.6640460539302379,0.6093392585552828,0.6583905768007821,0.6157097767403072
2025-09-22,0.7727341230092574,0.8475528422746046,0.777432949456496,0.7757124717097024,0.7989077425843868,0.7659692863683901,0.6576188043653883,0.6062246762414946,0.6553496118455986,0.6067088036331563
2025-09-23,0.7697729563587147,0.8476958357439708,0.7756927277091837,0.7850353361039203,0.807140566141272,0.7710578383612315,0.6628830154267558,0.6300353093919747,0.680983088177801,0.6064733006185118
2025-09-24,0.7706979831046906,0.8757443268441442,0.7772388096828267,0.7669700442943946,0.7865665034437472,0.75533535613409,0.6632379634509423,0.6286099532071572,0.6807175876757892,0.5989374996961768
2025-09-25,0.781159463646139,0.8752626222042879,0.774412807135567,0.7793085611522443,0.7844930471334508,0.7557889397409526,0.6803464172681846,0.6312361323951245,0.6768590206164928,0.6002055086778427
2025-09-26,0.7825265820769187,0.8741048488743964,0.7510109595697453,0.7770951348631445,0.7864076697784841,0.7574686073713222,0.6777691236639337,0.6304294411052566,0.6745350068108775,0.5951594599623496
2025-09-29,0.7906862233518674,0.8719775605635562,0.7735672225019388,0.777425359020099,0.7857379237091294,0.7579202430003404,0.677394873924574,0.6269312584947035,0.6744804034173838,0.5930493666750224
2025-09-30,0.7831128885129217,0.880091064985178,0.7718352226547142,0.7842030141948829,0.780798958975081,0.7467039641668203,0.6832857720324079,0.5961345665447616,0.6870863277605062,0.595847448191976
2025-10-01,0.7596287821535178,0.877315022385315,0.7496821131487449,0.7791167732693554,0.7799540085333984,0.7469906383764284,0.6751286115064759,0.5904692068410262,0.6826440160487037,0.6225674201000831
2025-10-02,0.7614124785691676,0.8792431739582938,0.7508766226210783,0.7828550871860499,0.7846883279661541,0.7500983332247575,0.6767717753203097,0.5754478450279306,0.6808543239978079,0.5917348977746136
2025-10-03,0.774266423126287,0.8801478126288163,0.7371163060241376,0.7796854329194461,0.7855867599583806,0.7446525093673664,0.6807290655846278,0.5506481900396919,0.6952507351623519,0.5785515710776489
2025-10-06,0.7701743939919731,0.8783078870105763,0.7362626263932304,0.7751191281226113,0.7841791387964686,0.7420652739589736,0.6708290440290045,0.5470202197164543,0.6892135060596283,0.5751903189461197
2025-10-07,0.769061969345549,0.8775538859252016,0.731560282456317,0.7682284715411112,0.7828526856299234,0.742627825549989,0.6684348445879061,0.5500188489292661,0.6874090658841544,0.5792852918249497
2025-10-08,0.7726091283271047,0.8652369533731431,0.7281847928995342,0.7552487046879099,0.776487636019884,0.7471701703673458,0.6617727150329202,0.5563383108831023,0.6694304622786412,0.570028359452528
2025-10-09,0.7694594716716108,0.8939725359018329,0.7306701821688026,0.7582768457887307,0.7808913198511214,0.7537851869886728,0.6664042315291939,0.5588844944869295,0.6714739589659725,0.6859744972454185
2025-10-10,0.7734967758079458,0.9018527867679573,0.7548318634954007,0.7847721289094712,0.7904654530783175,0.787375530803933,0.717601571316486,0.5737452991355032,0.6894147774210536,0.7276351219160103
2025-10-13,0.7528916700137682,0.9073282886189299,0.7826256182316375,0.7776416398099257,0.8039402089107801,0.8030953892498881,0.7033861938715638,0.6271937994183194,0.7205495257331113,0.7401456289268118
2025-10-14,0.6393296034059718,0.8879226570518898,0.7834134513707952,0.7508615828275993,0.7805066368454094,0.8126719244369539,0.6094092941361128,0.5200883003232033,0.7574601731375169,0.6957475262323182
2025-10-15,0.6317934291415845,0.7757693319338101,0.7827924680741986,0.80069684902026,0.7558234148154661,0.8019019579385386,0.5394821551944501,0.5029978975220749,0.6523567171852421,0.654321281025842
2025-10-16,0.6689092703671854,0.7770650356913649,0.7777528770287951,0.8017067108466891,0.7605895465227831,0.791186820875787,0.5479681022695457,0.5234094889690862,0.6746979842518275,0.6620573385193136
2025-10-17,0.656269518588093,0.7794480633794089,0.7825278452369899,0.7745484263393699,0.7601521668297209,0.7908473639584405,0.5245903138256995,0.4125985961741539,0.6377406087305317,0.6656482347513633
2025-10-20,0.6650728645290697,0.7889173131824057,0.7813785033597308,0.7785699816854993,0.7693243559003129,0.7948015955915236,0.5371068803204184,0.4110262287468394,0.6397822000353257,0.6516925864942522
2025-10-21,0.6691043815921436,0.7850207062513687,0.7779823561971919,0.7797760502423566,0.777979983119655,0.7907913594616256,0.5378693629433875,0.376697376143772,0.6195894568194239,0.6652711230870227
2025-10-22,0.671209602273495,0.7843193435500134,0.7835731506583026,0.7871001732319208,0.7838359937779154,0.8028685875269168,0.5530618587676329,0.3810197418226127,0.6207663871498906,0.6629508669468517
2025-10-23,0.67360874251969,0.7889087856734049,0.7897550528555178,0.7902618328825116,0.7821492731444594,0.8081410681886839,0.5561698335654127,0.4035849337151629,0.6275557192156364,0.666818361066833
2025-10-24,0.6737430461943782,0.7987905413017796,0.7961515598473491,0.7881673751975847,0.790559154562627,0.8122377910817483,0.5543172422773275,0.391253511762962,0.6193693421025929,0.6647951312587483
2025-10-27,0.6439545341344489,0.7910835457756413,0.8068420909269252,0.7735114567293204,0.7783508414078332,0.8043317492603739,0.5331370331882855,0.37000061039298326,0.6088320004015477,0.6485326657797712
2025-10-28,0.6489623159368288,0.7846254689875736,0.8271595188579495,0.7786621974844296,0.768898753254624,0.7970453363414317,0.5386854419008824,0.3584666937371006,0.6108994922386333,0.6427019118085388
2025-10-29,0.6439480321039287,0.7853640769518925,0.843169043095531,0.7785361474036301,0.7639142344339571,0.7909088369391782,0.5394179644270348,0.3511185080024427,0.6109110355836611,0.6421531052102118
2025-10-30,0.6450629950061723,0.7856347918204168,0.8472522484213265,0.782463359444331,0.763065769913499,0.7918193946472303,0.5442301308290974,0.3460292069378664,0.60793268550341,0.6418165438015658
2025-10-31,0.63750499936966,0.7851405713407678,0.7925396198244079,0.7801916755407644,0.7651196237035323,0.7919516113938763,0.5384423753300641,0.3434466146661953,0.6073902323993464,0.6397844777647198
2025-11-03,0.6386413680427214,0.7915779196319869,0.7800310579205073,0.7762597485719921,0.7654688578131186,0.7938176724424912,0.5489681471317173,0.3410058733510564,0.6115483953964198,0.6346556121718412
2025-11-04,0.6387945076432254,0.7925349134237462,0.7744702470248,0.7760362069442736,0.7652678059809386,0.7934944717637195,0.54745861981472,0.3432665276161237,0.6135605291555483,0.632725813480386
2025-11-05,0.5965029502546564,0.7820198906257091,0.7761751233700819,0.7317764381695335,0.7627567123549946,0.7961570439021242,0.49353366195733595,0.3352009531877245,0.5579609196067365,0.61218165208713
2025-11-06,0.5941165982293334,0.7831436852870521,0.7726802380467116,0.7045845991510419,0.7555097004222125,0.7943958749314578,0.4784407340957755,0.3444660757799408,0.5570812933608035,0.6104693000049125
2025-11-07,0.5895840348282007,0.7822093208152792,0.7773408193312199,0.7048094171449665,0.754579126623124,0.7981107464814946,0.47872427046119814,0.3481212029882602,0.5567196420365184,0.5927747887371593
2025-11-10,0.5759453487681149,0.7731531285073251,0.782567914807288,0.6875812934640724,0.7493835632731921,0.7932475741487113,0.45596526719738634,0.3342533174955866,0.5506153323531099,0.5646968188085673
2025-11-11,0.579225869496616,0.7729776039689896,0.7845572883493943,0.7027687222549465,0.7425311082122131,0.7752665105211,0.4650972482920715,0.33140450628941664,0.5579116087534226,0.565870355182078
2025-11-12,0.5834278845067333,0.7781889534665857,0.805526971296731,0.705807577389206,0.7489302352567013,0.7801173173302415,0.4711162187189541,0.33005049919230145,0.5600680021210968,0.5676428030157161
2025-11-13,0.6178322381408334,0.7961068598364551,0.7997886371081976,0.7273426552900191,0.7709713771830411,0.8139572738545992,0.5182527144835173,0.3772430838916091,0.581704269903166,0.5925900639776065
2025-11-14,0.6155374550993062,0.7998372315978026,0.806637484152483,0.7280921454679583,0.7733681158401825,0.8197013532243251,0.5199523327296144,0.4023532854305136,0.5818699260638619,0.597220241335525
2025-11-17,0.608470082613172,0.7927978295814435,0.8055465300504547,0.7289124512704622,0.7646409386900339,0.819414167592889,0.505638047671918,0.3918057774133849,0.5855640481867618,0.6100338276932346
2025-11-18,0.6074024034107702,0.7924590784830696,0.8046099378069154,0.729120152243579,0.7633296186869851,0.8184000817185643,0.5056671872085123,0.389623388284883,0.586501099250244,0.6089318143105492
2025-11-19,0.6019195956470983,0.7938188883737742,0.8084368641184999,0.7295645287127395,0.76674989779215,0.8178591648771056,0.5009300245164454,0.3871914438148569,0.5824436298433608,0.599566994845351
2025-11-20,0.6157586555905133,0.7978478702334423,0.8051393762561848,0.7413120822433923,0.7749857497012816,0.822059616568578,0.5143159727791227,0.3855021910010329,0.5756248678962091,0.6174748464554164
2025-11-21,0.6111852923079888,0.7974547653756601,0.8054458413036474,0.732406914864847,0.774484351334438,0.822974486786092,0.511214389365939,0.37207084194890067,0.5831016449577888,0.5924835136000043
2025-11-24,0.6099147800244006,0.8043910077364849,0.7997176222770306,0.7250535924769748,0.7506981501872819,0.8114462785650032,0.5158964669109559,0.37184080961174176,0.5835949124807532,0.5879225409319131
2025-11-25,0.6131521189791238,0.8049858373229895,0.8013831315826537,0.7267147957805321,0.7543990099122156,0.8167221787721917,0.5182953464233504,0.38616218948185616,0.5892163625084682,0.5893752544817841
2025-11-26,0.6180319101673207,0.8077923538540936,0.7853793935154775,0.7290357356798497,0.7582834431556119,0.8200550559157975,0.5235316972206754,0.388755257605327,0.585554966661869,0.5943409537093561
2025-11-28,0.6194360677957714,0.8089565676491944,0.7897640071603053,0.7278968700415381,0.7543544051390144,0.8157375579653583,0.5212423507963462,0.3715365891749627,0.5778046039185399,0.5930156821543389
2025-12-01,0.6221197366899903,0.8043436558697481,0.7678937411444879,0.724860898205965,0.7540435526006893,0.8296551426047447,0.51847406984007,0.3659552574237398,0.5756137087631727,0.5982388168185231
2025-12-02,0.6205062204483552,0.8029200964344191,0.7730480893273453,0.7281497371005485,0.755742072650228,0.826914586747098,0.5190890659096037,0.3645930261993163,0.5750020833697058,0.5980269022810758
2025-12-03,0.6187087686115418,0.8045036137152962,0.7717935028974978,0.7285805659034991,0.7532611156916603,0.8246389669759622,0.5181178466242443,0.3906390002503482,0.5981550926670464,0.6302882207116917
2025-12-04,0.6205950591998264,0.803624806808609,0.7551308754254923,0.7356544045656889,0.7495258418808746,0.8175933523341866,0.521479226501755,0.39857181302507916,0.5967809736279369,0.632562516589692
2025-12-05,0.6137514374575039,0.7991021123198764,0.7574248385762457,0.7308637459094869,0.7405912943755328,0.794769860992746,0.5075328136668085,0.3864039996190841,0.5907322819572586,0.6276428291636345
2025-12-08,0.6167348615719735,0.7946698329547511,0.7603569761069154,0.7306325111695697,0.7425123474061441,0.7954851621694923,0.5010504020667671,0.387092392414638,0.5832456716603309,0.6261732359461831
2025-12-09,0.5811558365403028,0.7976153634548078,0.741427701001889,0.7198342106741028,0.6174394479544179,0.6609397487501709,0.4929411353646725,0.3306238670525273,0.5803356633093893,0.6295169412146162
2025-12-10,0.5792053491220426,0.7955440779215887,0.7333808226329507,0.7206605287624123,0.5982275054151153,0.6593336098465465,0.4979071341200362,0.37478203959069084,0.5834131864390328,0.6324832012160286
2025-12-11,0.5775994813805587,0.7823298228352524,0.7323387610682167,0.717941445423734,0.5841952210209813,0.6704172097526936,0.49813471816839966,0.3906491426464402,0.5766765860151689,0.6237256604205006
2025-12-12,0.5776948709236299,0.7811025795137924,0.7312354288187556,0.6970468526382831,0.5760567029383724,0.6456724530694549,0.4560686555309539,0.38608723124528627,0.5606549901394418,0.6268257627881654
2025-12-15,0.5780553758456499,0.7804870104954489,0.7223741046546518,0.6948146103518476,0.572790599888052,0.6460819058171893,0.4560940677294785,0.38678999072489273,0.5606767730695322,0.6276397468288316
2025-12-16,0.5814630230467275,0.7826084762296579,0.7424514234399601,0.7014179510772104,0.580194490169053,0.652107539341736,0.4630058010643795,0.38946655886196024,0.5625435255544439,0.6326744675536831
2025-12-17,0.5826373378856827,0.7839983659384204,0.7535163826685404,0.7029265698399898,0.579185080026065,0.6516053011050954,0.46567063987084856,0.38891509496087,0.5651301306097227,0.6311552805274228
2025-12-18,0.5844760246266358,0.7708762231828167,0.7565429490156417,0.713277817878969,0.5933076384464379,0.6596605617375846,0.46722405965894165,0.39000845048464033,0.5649070494515205,0.6325876972396135
2025-12-19,0.5923292460169685,0.7765625516796801,0.754018281703019,0.7223478600600353,0.6016285568529895,0.6653103738418623,0.47995557936346517,0.38810716484081614,0.558281679864662,0.6171422416752873
2025-12-22,0.5958223719730814,0.7741088239451009,0.7722290554007908,0.7246499741770254,0.6075652033470341,0.6601769151390553,0.47887571113999977,0.3935458600196292,0.5611577307105271,0.6223644332993594
2025-12-23,0.5952170056875066,0.7740991551200054,0.7523039649678602,0.7239548172903431,0.6046203457319234,0.6590548066449899,0.4790679013700609,0.3934158319245523,0.5613797149312238,0.6239205691274724
2025-12-24,0.6022937800601852,0.7728096476956579,0.7536333282487918,0.7177138204972184,0.6113493210965381,0.6625406076530932,0.47276189543415303,0.40129027714017,0.543594534563467,0.622390432813077
2025-12-26,0.5923193309472278,0.7681350685214263,0.7532975825620138,0.7112766460011217,0.6035620222386257,0.6569043861447141,0.460751231584056,0.3939795084731488,0.5369298950681739,0.6134370920304767
2025-12-29,0.5983071597812312,0.7699011334622403,0.7529704791365089,0.7152089229080745,0.6048186144809248,0.660327236063534,0.4720057291800775,0.40906584441634486,0.5498120262805548,0.638083215044181
2025-12-30,0.5987576929053873,0.7687488554994772,0.762717937789271,0.7178575826057352,0.6023986170352287,0.657373090298048,0.47310360363233916,0.41170232065082835,0.5508851565235816,0.6411945578266693
2025-12-31,0.6017400655190104,0.7705001297913361,0.760029056735756,0.721493506667873,0.6029509482651548,0.6584217178609295,0.4806586676484799,0.41315219947213405,0.5564187931380826,0.6510638470668166
2026-01-02,0.6046277484647228,0.7774535988804454,0.7739215396743043,0.7314621057215196,0.6052366066009921,0.6509089619782004,0.49799302849111815,0.4134154461047363,0.5577708625056345,0.6556921074104455
2026-01-05,0.6103278529843046,0.7898621206891453,0.7692122145710412,0.7383852678611293,0.6212112606225226,0.6642040302560616,0.5054910008053688,0.4198602022572799,0.5601000862845056,0.6719305538242888
2026-01-06,0.6125278763976753,0.7900303706411974,0.8027114071179903,0.7392994336723384,0.6216802141373025,0.664662921147412,0.5065964796123956,0.4215188212637416,0.5610662883423391,0.6692466817580188
2026-01-07,0.6242297791469155,0.7878492609008301,0.7906955832254292,0.7276493562977798,0.624254509789145,0.6647120440201864,0.5004023462929403,0.41997147741633784,0.5489160093672707,0.6564078391416334
2026-01-08,0.634019997401301,0.7814006243569666,0.7976763543163086,0.7294978847005484,0.6090514679718042,0.643461024460793,0.4984810769431207,0.4065742118953941,0.5546067863240087,0.6382887022342335
2026-01-09,0.7031328010624481,0.79182344649132,0.8012257467674978,0.7439851627271438,0.6142188869808655,0.6303519010150931,0.5601374293482362,0.46263311842792615,0.5363164882605489,0.6729611976529917
2026-01-12,0.7369351270939665,0.8803202541209578,0.8000354552383724,0.6910102486239869,0.6241055774206324,0.6236380710621332,0.6244221134619437,0.48736191920689803,0.6254558235720387,0.697024272019501
2026-01-13,0.7221025997649357,0.8777829696219109,0.7995663817153477,0.6953730593901501,0.6333112049198519,0.6128087148349591,0.6360905650527744,0.4489625134041422,0.6109807115399475,0.6648012573645411
2026-01-14,0.7065759949995185,0.8765230210565298,0.8046918347189389,0.709411611362638,0.6372173425951991,0.6155889153918143,0.6377826651898323,0.5496305077725709,0.561652840846664,0.6532759499598262
2026-01-15,0.7008252626332638,0.883498344937784,0.8066691602770899,0.6314017601042601,0.574019943115833,0.5900717754424983,0.6066678565639896,0.5450558707786404,0.5580669469505471,0.7383927251621122
2026-01-16,0.6979447525221384,0.8880831849258097,0.8061301283554769,0.6097399853738361,0.5459483306484154,0.5679258954990689,0.5859907865420901,0.5842430524835397,0.5863414295988054,0.7172821158681036
2026-01-20,0.7075441517154829,0.8855994834799219,0.8016940413969944,0.6233857802132675,0.5822390909617309,0.5812125449941551,0.5946595970191438,0.615227203205267,0.6017042165745341,0.7532087497498787
2026-01-21,0.7129984990058396,0.8856121566306,0.7966566330496917,0.6232977258644916,0.5810960386598556,0.5793949252845654,0.5949924863583682,0.6021972004472116,0.5880671438229795,0.7535484353581219
2026-01-22,0.705459738855582,0.8814636577275587,0.7956978384823705,0.6055257944911948,0.5648351124413804,0.5625118773286465,0.5762055806079326,0.5979006478640868,0.5897942399230908,0.7509338041389778
2026-01-23,0.7098869995973408,0.8838916474055214,0.7942408960189319,0.6131283953775524,0.5745057900462718,0.5781248990529488,0.5878239365425486,0.6037116833938617,0.5952924158607127,0.7553107500157359
2026-01-26,0.7130833475299541,0.8857714759932241,0.7909194369699444,0.6148909910769998,0.5820998898870434,0.5818501075219608,0.5902318187528269,0.6049412845982888,0.5958175560992207,0.7412440095203452
2026-01-27,0.7135373112322374,0.8837276813544744,0.7918765973438,0.6135073021617468,0.5835031943737765,0.5860394543723749,0.5863280182800283,0.6058243231057092,0.5887521054086465,0.7362551732042846
2026-01-28,0.7074775841155986,0.881518463846747,0.7897443805411346,0.6127528063725306,0.5817632328385725,0.5852533029220833,0.5806912214816875,0.6059379345235281,0.5916785324604819,0.7298586133301093
2026-01-29,0.7149339184411512,0.8813041544703422,0.8228786557137026,0.5938442089575255,0.5748390895614018,0.5809948001103228,0.5671409563303191,0.6028189629812223,0.5795583139748661,0.7307750596978541
2026-01-30,0.7163004722822354,0.8758580784499813,0.8025526170447437,0.5953336321424564,0.5728986298933356,0.5795791059419753,0.5669274415396242,0.6001666473681044,0.5696223913739619,0.7260685525284225
2026-02-02,0.7155230819230497,0.8766443930277802,0.8100395646470282,0.5992508028913904,0.5749768201744614,0.5815274729932044,0.5691330097020263,0.6001678224976166,0.5651360793054169,0.725284219372466
2026-02-03,0.7490868508072218,0.8781324850323915,0.8133884133222123,0.6096983958019019,0.5416387957205333,0.5577019607544709,0.5732247575287597,0.5748744518885237,0.6031322151033831,0.7154414765896064
2026-02-04,0.7504615472870663,0.8783483512968174,0.8171101503962768,0.5976793870570121,0.5344328109039832,0.5341469590867991,0.5321245648679326,0.5773861703980891,0.6156281725861531,0.7028091733318653
2026-02-05,0.7523394668356852,0.8835973333639145,0.8192249111375194,0.6012382927460099,0.5540307796619007,0.5519318708170595,0.5372019302820665,0.5626292328612376,0.6136569035804826,0.7206959552531831
2026-02-06,0.7728236992686898,0.8835652341576761,0.8179888674668371,0.6170806791304556,0.5694026683644763,0.5862763676335698,0.5724675978401843,0.5680717108691992,0.6164934638808811,0.7167686264015464
2026-02-09,0.7745275441282984,0.8845660073949341,0.820441794155689,0.6108572263483126,0.5692081917345999,0.5890313776047429,0.5668508062096087,0.5708113774020139,0.6152023452283845,0.719176622004913
2026-02-10,0.7731066219830146,0.8597486328845318,0.8152295972533388,0.6223885895336155,0.5669039357828812,0.5769840736419245,0.549543386029762,0.5563162865443818,0.5842292879029776,0.6932703295453441
2026-02-11,0.7672604741206656,0.8553401144311872,0.8227550554794177,0.5949001424943681,0.5433857819249551,0.5390958909880211,0.5088770153750551,0.5547251786216562,0.5907205588947838,0.6833305556974496
2026-02-12,0.7805899261207924,0.871731944397199,0.8272178217478857,0.6247291343410878,0.5659296884526231,0.556183813015582,0.5448581804306513,0.5666763353602077,0.616036722051789,0.6904932839708892
2026-02-13,0.7831254719831059,0.8593861057793282,0.8124473887617931,0.6026804710698109,0.5574611620955537,0.5517072739646691,0.5299075370664419,0.5725001597848081,0.5867011060855495,0.678803077250005
2026-02-17,0.7824884374017225,0.858171055679836,0.8150975978224759,0.6026150481657292,0.5551307215260308,0.5543787146235593,0.5311200076566502,0.5797791126266629,0.5836915266986324,0.6797341554307601
2026-02-18,0.7803117846609912,0.8577027540203105,0.8140281596997891,0.6064400313346252,0.5464725133879486,0.5519448272299882,0.5349600878589075,0.576527711750874,0.5816493583754407,0.6944119808111968
2026-02-19,0.7735386219856256,0.8564693086713908,0.8135869609022254,0.5971831333289274,0.5355523299187658,0.540840340944599,0.5314586482338491,0.5784846023964761,0.5934110578905533,0.6873839304360326
2026-02-20,0.7798411545584663,0.856605528791978,0.8066276965048911,0.6051978348521421,0.5360814361437273,0.5409056917732747,0.5365373849643252,0.5984982604671625,0.5896007148442357,0.70256143211763
2026-02-23,0.8067396700778271,0.8616589561105044,0.8002566962257044,0.6571878454523834,0.6017811037434622,0.5812164817234772,0.5713880739284449,0.6534158004646843,0.6549618401720836,0.7149349302431135
2026-02-24,0.7998737796972706,0.861109287455031,0.7938551827417374,0.6371148941034743,0.5936659421492106,0.5752827266382327,0.5550803574727734,0.6470934380256826,0.6463220239476307,0.7147318887687608
2026-02-25,0.802136919055708,0.8613058465829424,0.7948075121988979,0.6501185682378879,0.6003852048022166,0.5785930836150466,0.5616027718155047,0.6557775982495044,0.657478857422231,0.712792794008819
2026-02-26,0.8001535086246202,0.8571132736863414,0.7945411227717242,0.6533973892591186,0.6007113625293724,0.5767878179557143,0.5593897351978032,0.6571584933174938,0.6630632095216543,0.6999140561678269
2026-02-27,0.781857163672041,0.8841726039159888,0.7959637891061939,0.7090023057282919,0.5990787589837276,0.5624211641670839,0.6406772949880187,0.6323806271623693,0.7245471652325676,0.7042493705767363
2026-03-02,0.7800643099733978,0.8843778402196449,0.7927020249421898,0.7091498381894631,0.5972824970176388,0.5603708058782939,0.6413458626570713,0.632676735000238,0.7245739910267328,0.7049595854993707
2026-03-03,0.7773911618235585,0.8806571746223842,0.7938667133065954,0.6991916120080952,0.5864579759527312,0.5523972757777514,0.6324737089125674,0.627460770494047,0.7187516658570462,0.6936209743085354
2026-03-04,0.7764798933968381,0.8810245740820919,0.8009440094578868,0.7004639970297845,0.5827766692776191,0.5538070443870118,0.6328192942755498,0.621283025630861,0.7206231216051494,0.692790323023365
2026-03-05,0.7776242547984855,0.8857862224196122,0.7952543036901264,0.700011486318413,0.5954416044680161,0.5719927072169981,0.6330544003398721,0.6228850196415442,0.7218990231735629,0.6964692024427703
2026-03-06,0.7797659846861826,0.8884416054609233,0.7941466969921949,0.7022176980599445,0.5983637785801577,0.5772024455103272,0.6398114557541987,0.6326352298893623,0.7313196741863943,0.647010243850141
2026-03-09,0.8089735709697229,0.8860214887314584,0.8075008084489046,0.7019699192449961,0.6703730753009047,0.6438062338131235,0.6294661511265045,0.6902855373743269,0.713457203519944,0.6451727477159499
2026-03-10,0.8043815298073163,0.886765382476995,0.8137863952938755,0.6988415607925478,0.6816495900208819,0.6431923445573315,0.6232321687862471,0.673060943392038,0.7031330593804003,0.6441279949820898
2026-03-11,0.8057195192222787,0.8899552647215145,0.8178919977837392,0.6991092611801945,0.688851559518816,0.6322907513890358,0.6175403592145245,0.6565658885686076,0.6996100253492811,0.6406708572938906
2026-03-12,0.8073684190758957,0.8997706074587707,0.8125062238390884,0.7249851405329255,0.6964157210728967,0.6509552363430492,0.6636806926946107,0.6593475346479498,0.7003294396337115,0.6543698368426792
2026-03-13,0.8038525432172885,0.8983323341821252,0.8038873959888093,0.7232539199384938,0.6982212589410614,0.6493080996602308,0.6638658566127249,0.6582235471883038,0.6999763435763064,0.6546887692907201
2026-03-16,0.8049890180427951,0.8973263562611312,0.7917506528082884,0.7235761181853341,0.6994840577776661,0.6511726380508134,0.6653763845618125,0.657117892840066,0.6975616163809443,0.6532565077769281
2026-03-17,0.8052495675813088,0.8981442127690963,0.7879657877576484,0.7246084279443858,0.6998539537928222,0.651286123167283,0.6665378107439289,0.658637375324166,0.6989898420573862,0.6566009948140724
2026-03-18,0.8011326911988416,0.9006397959852015,0.7831968170650265,0.7193448712126355,0.6997305401038901,0.6530563153205889,0.6670722676063224,0.6527584496506325,0.7010896204736213,0.6568508280966495
2026-03-19,0.7975906686006639,0.8981340566174445,0.7794289086985112,0.7108647338857016,0.6941390265957259,0.6477769780355895,0.661154779831027,0.6531696590254514,0.7052002559441639,0.6674045604876225
2026-03-20,0.7924787066158528,0.8965691795036508,0.7764972273531233,0.7070508307022408,0.6808922742402527,0.6480341570539971,0.6614193547829736,0.6470577515409208,0.702452992934351,0.647541448636456
2026-03-23,0.7946600748193922,0.8983560249515543,0.7760753961371973,0.709999867936444,0.6878566231923289,0.6538300583874883,0.6641303717817004,0.6518549636796392,0.7039574598060803,0.6526597373168161
2026-03-24,0.7956411645448732,0.8978287891861214,0.7682775963462218,0.7098160249351344,0.6870816937564095,0.6522719130987946,0.6618950678948559,0.651204502864092,0.700839803642916,0.6527845927914109
2026-03-25,0.7982704212961499,0.8972202552300653,0.7713693639900129,0.7046268240844044,0.6840963695432896,0.6531522897968012,0.6626041747434427,0.6465388375980676,0.6942355194571868,0.6521333320680082
2026-03-26,0.7973827539868589,0.8972466518633978,0.7728301517885167,0.7051910897088065,0.68525196124656,0.6539856534408922,0.6611415103185458,0.640860159752828,0.6902759991245585,0.6560481896994115
2026-03-27,0.8058943662576051,0.89922278262118,0.7726241422808738,0.7151855700792946,0.6968586797294218,0.6626058432351264,0.6699417804976454,0.6478842730603773,0.6964967928861986,0.6680978721636265
2026-03-30,0.806244399178975,0.8987622769825856,0.772118786725534,0.7142741937056505,0.6967265101681712,0.6631913944463851,0.6705357789127372,0.647257627536741,0.6972274567346028,0.6674345108181465
2026-03-31,0.8195460071722465,0.9041410502146816,0.7729695906819524,0.7254383137224083,0.7139076803659973,0.6901513733819267,0.6854033474994511,0.6479294664625429,0.6983232189498078,0.6783000610986062
2026-04-01,0.8154513775191394,0.902464330846342,0.830041097240835,0.7204307293472838,0.7055655829607592,0.6748597376433098,0.6802934413774949,0.6382644032445083,0.6886362027872035,0.665281212196302
2026-04-02,0.81391930677657,0.9017760825829465,0.8160019886886574,0.719056841602713,0.7046612497571506,0.6733290671806756,0.6795188832606984,0.636112233164255,0.6870199929065909,0.665747536529267
2026-04-06,0.8088222233535992,0.9011644405130095,0.8062651984475172,0.7182225195315072,0.7032110758364328,0.6712668675379612,0.6775742587924343,0.6386022654541637,0.6953282819739969,0.6624501778842768
2026-04-07,0.8079044785761537,0.8986831464696547,0.7923964823088516,0.7214208108815544,0.7066300175203662,0.674663181676471,0.6825257855285246,0.6367784389570373,0.6932981725528004,0.6630709546804241
2026-04-08,0.8216156627245814,0.9061756912301508,0.8234805858318662,0.7436715972745195,0.7298649961646153,0.7004948603469442,0.7062835997141677,0.6585574097572227,0.7087845514909216,0.6897613509967314
2026-04-09,0.8201014069947175,0.9042242811318562,0.8247288425627796,0.7488040056441058,0.7366244543936902,0.7111101750587027,0.7090899667213313,0.657749494359585,0.7122995146955642,0.6884417215076889
2026-04-10,0.8422379809178568,0.9037628925660317,0.8270547620960802,0.7466516279817736,0.7449068740214861,0.7315902691380142,0.7065027042855687,0.6910336841802648,0.7131792200408552,0.6944239948065666
2026-04-13,0.8605260583169564,0.8809326189564417,0.8135692428716018,0.767001120737878,0.7465491126700987,0.7136895922409975,0.7079150146610936,0.6967572352013104,0.7553748302766821,0.7020711560555569
2026-04-14,0.8587177085756721,0.8716466546587227,0.8189314794606777,0.8050842694443348,0.7695463648262855,0.7141497477738876,0.724062979213395,0.6891116558272571,0.7535154185873125,0.6619107388292307
2026-04-15,0.8226172354485562,0.8225606459832486,0.8171100765681948,0.8122981722523543,0.7086844512096567,0.7258484090800515,0.7147331181107018,0.6720433542929344,0.7529516439640702,0.6363257565519211
2026-04-16,0.7982358409281141,0.8144908970158333,0.822693976759819,0.8131258491305031,0.6644135425769452,0.7229414308541524,0.7040510193011922,0.6427860904945056,0.7478763585188727,0.6196636478809621
2026-04-17,0.7973549948502393,0.8092436860925342,0.8327240584885559,0.8144849556503702,0.6654891705560374,0.7163435843612271,0.7040154654083427,0.6485220562835615,0.7566796820382192,0.6171394683491827
2026-04-20,0.7851996501177445,0.8097732885673735,0.8286710040669605,0.8151666196422874,0.6651568111506255,0.7195159364749261,0.7009473061352974,0.6366110417500439,0.7586550387882194,0.6181456641283168
2026-04-21,0.7833104367659276,0.8065925080003498,0.8279472303444931,0.8127937486874264,0.6578101025370651,0.7125243051995694,0.6992454795674581,0.6265214147448747,0.7529983803183664,0.6184746008036317
2026-04-22,0.782334965349258,0.8056529698334514,0.8279919347031893,0.8077622361378386,0.6539302626519782,0.709127846680922,0.6935939114687705,0.6240193717960257,0.7453329052477621,0.6260078951457965
2026-04-23,0.7828969717932635,0.8052343537354563,0.8276412898453942,0.8091198665048658,0.6555515437475455,0.7092327218358261,0.6927776842710619,0.6117828926682665,0.7439087008457298,0.6313913676425769
2026-04-24,0.7855758731421781,0.8069236455360284,0.8287593529114992,0.8092196610710833,0.65466358570477,0.7087378761905737,0.6972682575084612,0.6150646357395735,0.7449462697432162,0.6359233033297256
2026-04-27,0.7814495715919159,0.8080022153780828,0.8310709767254351,0.8257072688965508,0.6644890953751651,0.7156805337786407,0.7081668874682697,0.6202887244173705,0.7542134002556965,0.6384076881569175
2026-04-28,0.7819679873507838,0.8081614476771865,0.8523167554054125,0.8257962196373934,0.665917327424649,0.7142767273653368,0.7069478556209344,0.6213972307310837,0.7589484986350483,0.641076441859547
2026-04-29,0.7778560444674132,0.8096731468919465,0.8527752483682042,0.8161491548519377,0.6660584730405688,0.7136527658952658,0.6938745170095242,0.6196946024535752,0.7620763340875992,0.6435252222089691
2026-04-30,0.7827269343057072,0.8124798595238292,0.8466838992109579,0.8262347515240034,0.6976020252997921,0.7379834088737373,0.7018035504963284,0.6451175033695314,0.7693122497029473,0.660605007268387
2026-05-01,0.7829687075793327,0.8109885034396891,0.8440573524331231,0.8528581002897583,0.7093749427402919,0.7606688220561395,0.7418029489159187,0.6432629904089145,0.7682397939168562,0.6684655344585027
2026-05-04,0.7919014324800191,0.8070723840257534,0.8431231802031278,0.8541543317430832,0.703186015966792,0.7584468006050011,0.7480492982713669,0.6551386689002494,0.7618986378551891,0.6630330874501711
2026-05-05,0.7764758336240445,0.804857255134924,0.843100662050901,0.8488395026038181,0.7055383444032511,0.73979081120783,0.7355000225652808,0.6614928918464458,0.7473712449941045,0.6665132694533128
2026-05-06,0.7767217902576922,0.806637472806477,0.8562364685621785,0.8527366014243487,0.7133582294678826,0.7483385602666172,0.7420793674743301,0.668367227621492,0.7495738397676,0.6709925730468257
2026-05-07,0.7753539323248967,0.8242788606165273,0.8583234818163743,0.851353288526489,0.7108592218726861,0.7501899172659804,0.7568789024130776,0.6724837737443962,0.7693008658380338,0.6881374075878719
2026-05-08,0.7665772096681484,0.8252381870917979,0.8538432661542258,0.8197122309549433,0.6988239873315617,0.7453992648686122,0.7340433620410931,0.6630544475733753,0.7531856329055105,0.6905012170189059
2026-05-11,0.7560139806614259,0.8021668483414348,0.8504735389273332,0.8150590662785245,0.678248247608114,0.7226476008834145,0.7080575954030729,0.6493832101976242,0.7443063425279497,0.6794084596584995
2026-05-12,0.7534243518442063,0.8066474501309856,0.8582103733904742,0.8183734579838685,0.6767925539114789,0.7151010587746832,0.7075416309257092,0.6512181021436596,0.7488686831808022,0.6752269625901276
2026-05-13,0.7612022904753479,0.8091512096444019,0.8572004871266211,0.8008090289643535,0.6681948394098521,0.6976054210835766,0.6894687155113309,0.6478040380831038,0.7536249832776302,0.674664031701083
2026-05-14,0.7608265441901616,0.8046318311415621,0.8543730776146479,0.799257615719508,0.6702857620899535,0.6940886463462103,0.6839979501284622,0.6446172632671022,0.7524811631543608,0.6677446102152464
2026-05-15,0.7611084463687259,0.8034217878638517,0.8589948268049148,0.7955113628214739,0.6732061173687843,0.6975445585351935,0.6752288043631002,0.6419353783542697,0.7512022348034306,0.668165099121402
2026-05-18,0.7623904465369779,0.803198389098435,0.8646506764175613,0.7847323496744953,0.6701048256700319,0.692709389300468,0.6634166964826338,0.6353246090867531,0.7385486212611001,0.6679407058522463
2026-05-19,0.7218187591968576,0.7989341676961487,0.871018998221497,0.7523816711537576,0.6267544117985164,0.6835736932058732,0.6372567984990687,0.5566595884371569,0.7044427494512958,0.6670556141655323
2026-05-20,0.7254091275331119,0.8144009766327284,0.8824188175088067,0.759278897896373,0.6474199815417356,0.7002448092422221,0.6401715259521892,0.5484890957939484,0.7061459629908778,0.6648826742805718
2026-05-21,0.7142862920996483,0.8113270084894546,0.8826438058048667,0.7506941096315293,0.6354039731301577,0.695367850233748,0.6341762373154837,0.5350804571085691,0.6968980110138174,0.6652456894101835
2026-05-22,0.7123016747693269,0.8127017871928698,0.8823074388608244,0.7465182225421215,0.6281794810590304,0.695100337108213,0.6346165392214486,0.5320647188003649,0.6943778103671774,0.672647420383273
2026-05-26,0.711231339349959,0.7583659226374165,0.8887771496231817,0.6819527710922278,0.6204851935115738,0.7025558998067991,0.5333019155511977,0.5355097041550291,0.5970026698408735,0.6800203361361975
2026-05-27,0.7278006652331346,0.7587175926169774,0.8892100894635325,0.6726566882680032,0.6118657527586806,0.6896050949464959,0.5226321694227644,0.5046985617307211,0.5713635085212192,0.6808052340104284
2026-05-28,0.7299016996551538,0.7610080272581179,0.8889723005009197,0.6703635327776011,0.6145767525049093,0.6838352662852238,0.5164424660951608,0.49658832586099416,0.563546156787057,0.6608435149480033
2026-05-29,0.7348147411811221,0.7638318650035867,0.8869871354876263,0.6758137012428832,0.6203626914520238,0.6872844982534139,0.5228650607589403,0.5031005215858013,0.5601914969839736,0.6574640212528
2026-06-01,0.7317311509533684,0.7453587543367102,0.8937308872942211,0.6728132181187384,0.5897538802957591,0.6450415068529656,0.5073279945648052,0.4961177684925075,0.5543656456019732,0.6341493740851075
2026-06-02,0.7313779056963813,0.7413583735848672,0.8922093980245992,0.6691493019845334,0.5871485748776957,0.6402098956134699,0.4983504484257958,0.4642075120147276,0.5132436164687373,0.6463782683883023
2026-06-03,0.742299613326857,0.7551585529670417,0.8925689854203996,0.6634003352129489,0.5759956274193136,0.6314512885291026,0.5121494883310145,0.44665919643565644,0.5282195052136488,0.6635329769088307
2026-06-04,0.7759632285936652,0.7726165847737542,0.8910441160707218,0.6947601407571382,0.6067618227846718,0.6645089317191595,0.5604172979360149,0.5006240847078047,0.5871235092302785,0.6856319315883471
2026-06-05,0.7744248900460835,0.7903168542517842,0.8887926654199111,0.6786271264893015,0.5782737838754001,0.609980471603516,0.534953103410754,0.5041020504416479,0.5914272563623915,0.6973912759080957
2026-06-08,0.7702691675084947,0.7645711816092876,0.8945311445071467,0.6443702062805791,0.5630600679474796,0.5942749187978136,0.48642316651597767,0.4908614954193415,0.5815048052029405,0.6770102288516351
2026-06-09,0.7730919348045817,0.7688431811083279,0.9014556739072178,0.6241202761572827,0.5555024979534259,0.5881843248341379,0.4617571395508859,0.4905230302364235,0.5867241595846039,0.6547242614371184
2026-06-10,0.7672913327714151,0.7785482514215957,0.9022678002343019,0.6161711749654261,0.5654972998179993,0.5939584388331506,0.44892219883023354,0.5062684701273068,0.5852884672911204,0.6547127865568999
2026-06-11,0.7691946871316586,0.7850500051910606,0.9047006345056885,0.6193716382274755,0.57408152717171,0.6022624921768548,0.45511257666615007,0.5140176208721291,0.5891394192060351,0.6523849854086898
2026-06-12,0.7797087550012886,0.7803872471433839,0.9068345495114719,0.6223110717142359,0.5651878079914928,0.6128357578380311,0.4629924958155583,0.5408236657897472,0.5891842986260801,0.6504774983292966
