Date,corr_moyenne,corr_max,corr_min,regime_naif
2015-04-01,0.36390286270612004,0.882073366028451,-0.0802260734914595,bull
2015-04-02,0.36797266818018376,0.8816899664506375,-0.08437077369393933,bull
2015-04-06,0.3669427540319366,0.8897410567321178,-0.0934818854759188,bull
2015-04-07,0.35253816173001873,0.8863204031785368,-0.10145012332934644,bull
2015-04-08,0.3481977707747374,0.9010724653928512,-0.11391171197657317,bull
2015-04-09,0.3454145196661601,0.8958397855571429,-0.11042598058791665,bull
2015-04-10,0.34557170402293375,0.8937591571670496,-0.11029629236195602,bull
2015-04-13,0.3468861278864999,0.8936241885137195,-0.10761742671168666,bull
2015-04-14,0.3417324879665605,0.8958243482716312,-0.121506365178013,bull
2015-04-15,0.3376373567624557,0.8925063620625497,-0.13397860916897464,bull
2015-04-16,0.3394574553678766,0.8973365550852475,-0.14021932070944693,bull
2015-04-17,0.3509832399419496,0.8974800655078964,-0.12233731960170438,bull
2015-04-20,0.3444596189202965,0.8980955795416137,-0.10332723506178745,bull
2015-04-21,0.3588034723853946,0.8951631335910931,-0.10244041663835747,bull
2015-04-22,0.35980493941190517,0.8897032121409747,-0.10339908625784129,bull
2015-04-23,0.3559393862187114,0.8896003064361286,-0.10102139508431386,bull
2015-04-24,0.34739949636487827,0.8704145850345101,-0.08447420989094145,bull
2015-04-27,0.3414078655624054,0.8698351249373738,-0.10424100677296218,bull
2015-04-28,0.32583698028409397,0.8717345473229382,-0.09811157937954254,bull
2015-04-29,0.3120957741587311,0.8590912254911565,-0.1147873465117187,bull
2015-04-30,0.3114786240072802,0.8413683895140526,-0.1447271181849989,bull
2015-05-01,0.31829344693248596,0.8155006525275195,-0.1366101565132819,bull
2015-05-04,0.3102732191316393,0.8188427595505829,-0.1558057707398422,bull
2015-05-05,0.3218265739005469,0.8177614564885346,-0.143647658084958,bull
2015-05-06,0.32149667510774943,0.8186894338790984,-0.1433192460830967,bull
2015-05-07,0.31676125342116845,0.814540400219692,-0.15539629633925653,bull
2015-05-08,0.32062278926023347,0.8197334266209745,-0.1695640936478976,bull
2015-05-11,0.3258353811581378,0.8174597469113516,-0.07354126749194258,bull
2015-05-12,0.3288999296300099,0.81809588208306,-0.08097118812960798,bull
2015-05-13,0.3281100798837809,0.8176467162605894,-0.0713008059770361,bull
2015-05-14,0.3413340921149323,0.8166012819119969,-0.08069787278982792,bull
2015-05-15,0.34535443893435797,0.8137412087789643,-0.0767922564978221,bull
2015-05-18,0.34215140798613214,0.8130961516683333,-0.08088166822727347,bull
2015-05-19,0.3400651595631314,0.8108262618197534,-0.08970837357360968,bull
2015-05-20,0.34261733065932665,0.807264797470879,-0.09544652553212273,bull
2015-05-21,0.3448052043063024,0.8088040272810684,-0.09471563444856222,bull
2015-05-22,0.3498020754851956,0.8187446760558041,-0.09110081851460125,bull
2015-05-26,0.3582881122604951,0.8210871160808555,-0.08990309653168944,bull
2015-05-27,0.3640261531599675,0.822301738547431,-0.07877233815996186,bull
2015-05-28,0.3617721849713096,0.8231379411346,-0.08622161231159046,bull
2015-05-29,0.35855048546676316,0.8265910897528868,-0.0817349868475769,bull
2015-06-01,0.36250041840040076,0.831629152849941,-0.07430404553364167,bull
2015-06-02,0.34673307160327543,0.8489222489259864,-0.09161431771876692,bull
2015-06-03,0.34537425166328595,0.8502440258525507,-0.0876785997972283,bull
2015-06-04,0.33197196576736493,0.8393636208397275,-0.09409854736975587,bull
2015-06-05,0.3321202633043721,0.8414967603760458,-0.0933879059068584,bull
2015-06-08,0.33335372814791936,0.825083403413182,-0.12857040099402475,bull
2015-06-09,0.32915156754930674,0.8360059527987784,-0.12952809094659537,bull
2015-06-10,0.32365157759288393,0.8430569041932153,-0.15987085979057802,bull
2015-06-11,0.3245674646006601,0.8410091777445036,-0.16496824691434442,bull
2015-06-12,0.32286738184173724,0.8430217104318775,-0.17022202620902513,bull
2015-06-15,0.3269492781199307,0.834576570799879,-0.1633600749588447,bull
2015-06-16,0.3259571714041491,0.833818433518944,-0.1269084040697013,bull
2015-06-17,0.32876539515869646,0.8332728127208227,-0.12883898242988487,bull
2015-06-18,0.33521131235284846,0.8332365267695534,-0.12218372780000626,bull
2015-06-19,0.31105952079797644,0.8176848912301482,-0.1545333591030021,bull
2015-06-22,0.3109724304328073,0.8243280426493228,-0.1540836761157197,bull
2015-06-23,0.3122569873726089,0.8258752530133676,-0.15590489345336253,bull
2015-06-24,0.3076246618852812,0.8291648814572491,-0.14973427571610834,bull
2015-06-25,0.2984649148844224,0.8314629448004233,-0.14900219818372307,bull
2015-06-26,0.29463932051300384,0.8455588767532036,-0.17526994390554598,bull
2015-06-29,0.34148573840518215,0.8730685214716546,-0.10013907845047976,bull
2015-06-30,0.33705735181414775,0.8737612533492276,-0.11055189848743294,bull
2015-07-01,0.3430878547147017,0.8780306529989644,-0.130943696797889,bull
2015-07-02,0.3426743833206489,0.8821528460606209,-0.1354032417512645,bull
2015-07-06,0.3452624516296878,0.8823930799399414,-0.13772051151527098,bull
2015-07-07,0.33583612302343807,0.8974000368740926,-0.1961199098139585,bull
2015-07-08,0.35810659533868683,0.9064657784719057,-0.13906414366043926,bull
2015-07-09,0.3595148824803501,0.9041658079445866,-0.1267206934211127,bull
2015-07-10,0.3741264999819997,0.9049345069975306,-0.11956864245239238,bull
2015-07-13,0.38655097360872204,0.9111387919889313,-0.14508248766677675,bull
2015-07-14,0.3718811532848884,0.9067109909760681,-0.1668324913336672,bull
2015-07-15,0.36608395619461015,0.9061410508863774,-0.14195559153753995,bull
2015-07-16,0.36684480590487867,0.913982479470358,-0.15837709498692384,bull
2015-07-17,0.34999777345197713,0.8996122144544584,-0.1358564168142854,bull
2015-07-20,0.35159853763413496,0.9031158602373559,-0.13062887637965526,bull
2015-07-21,0.3702425837647931,0.9027023326652154,-0.13332969603087083,bull
2015-07-22,0.3672474886569604,0.9031492304188985,-0.13599566941035635,bull
2015-07-23,0.38005513766118715,0.9027812741820428,-0.1170719154231936,bull
2015-07-24,0.3868974098851752,0.901730393077293,-0.11119377728943407,bull
2015-07-27,0.38031192261487345,0.9005651753384499,-0.1319313476559496,bull
2015-07-28,0.3837611188914731,0.9002733194078875,-0.11138079209253454,bull
2015-07-29,0.3872869228585777,0.8975499871297892,-0.08258283891418906,bull
2015-07-30,0.37580955765888535,0.8983873706196868,-0.10410718475864798,bull
2015-07-31,0.3664935500552935,0.8982181271761195,-0.10304230611660531,bull
2015-08-03,0.36010622404492715,0.8972647290966608,-0.10374622437461746,bull
2015-08-04,0.35968140090435297,0.8965532208199163,-0.09657681275355866,bull
2015-08-05,0.362205449365403,0.9043732741134457,-0.09302524329342622,bull
2015-08-06,0.36351068018207133,0.9108172205116891,-0.07851988901569885,bull
2015-08-07,0.3520991859763347,0.9093936845772095,-0.08283068930658741,bull
2015-08-10,0.34627857524160294,0.9106098200426475,-0.08562541757195496,bull
2015-08-11,0.3471237030114338,0.8946597672288265,-0.11591327537846957,bull
2015-08-12,0.34478884949289007,0.8917054235098009,-0.11574243986393436,bull
2015-08-13,0.3493389587577771,0.8906658073355274,-0.11380422582297253,bull
2015-08-14,0.3515254410403353,0.8919837220448518,-0.10964274434123836,bull
2015-08-17,0.3526026128442857,0.8961540527004775,-0.07665287998089439,bull
2015-08-18,0.34955273885415766,0.9057117299406019,-0.07515364918146165,bull
2015-08-19,0.346861532900899,0.8999690935333923,-0.09501521714508367,bull
2015-08-20,0.3673661518888688,0.9067541619727465,-0.09966411709518791,bull
2015-08-21,0.420158199851062,0.9294279500908582,-0.12149492896982174,lateral
2015-08-24,0.48956424782408736,0.9432827442609272,-0.10949132425189481,lateral
2015-08-25,0.48802985620476813,0.9420609174290693,-0.0913124739053226,lateral
2015-08-26,0.5457896670085015,0.9502891761846162,-0.03241946330361792,lateral
2015-08-27,0.5638433838485787,0.9523890215446371,-0.006851455674264723,lateral
2015-08-28,0.5600877760550566,0.9560169650105793,-0.011960434198876973,lateral
2015-08-31,0.5609014005675463,0.9556843802344505,-0.00820563956700202,lateral
2015-09-01,0.5843778206699161,0.9589518258577115,0.025347272265639677,lateral
2015-09-02,0.5931202031919502,0.9602628427329104,0.05074775624640234,lateral
2015-09-03,0.5891016670167701,0.9593814281172621,0.048201626170668706,lateral
2015-09-04,0.5939402054650226,0.956671822893355,0.03962511494484831,lateral
2015-09-08,0.6058863790743196,0.959123442071572,0.0631262864221291,lateral
2015-09-09,0.6084274012143327,0.954947838827821,0.06810715240930025,lateral
2015-09-10,0.6069283550828193,0.9553133643040659,0.06528965169022892,lateral
2015-09-11,0.6086038117900197,0.9539524656867242,0.07264832879108696,lateral
2015-09-14,0.6057455776670461,0.9540408005411684,0.07468226537358957,lateral
2015-09-15,0.6083926362566313,0.9555632908752263,0.08036717206811682,lateral
2015-09-16,0.6094491668574316,0.955041423533885,0.0794791862987364,lateral
2015-09-17,0.6064838000716607,0.9549897375495382,0.07981193779800659,lateral
2015-09-18,0.6055032574009405,0.9570587601419243,0.08225907767893871,lateral
2015-09-21,0.60481618506252,0.9563314644107813,0.073907724566236,lateral
2015-09-22,0.6105126284560536,0.9575688191183993,0.08006700761384744,lateral
2015-09-23,0.6011988884314484,0.9559167247782052,0.06631437868984673,lateral
2015-09-24,0.5963012858508878,0.9557013596331607,0.0642277340641818,lateral
2015-09-25,0.5802622280929285,0.9534955032790018,0.06193535056772233,lateral
2015-09-28,0.586607321617437,0.9540969769180582,0.06867541001331794,lateral
2015-09-29,0.583085714458713,0.9536107139494371,0.06144949259992197,lateral
2015-09-30,0.5961210767772813,0.9552086196248121,0.07585284854747198,lateral
2015-10-01,0.5881866287625576,0.9495281742763569,0.060345295299365685,lateral
2015-10-02,0.592566916773273,0.9481357139409745,0.06375096042250451,lateral
2015-10-05,0.5917623622041781,0.9491725713917124,0.06764978902701786,lateral
2015-10-06,0.5849071444485836,0.9477561480257023,0.06971963472184883,lateral
2015-10-07,0.5830733556914268,0.947485263335959,0.06802594501392034,lateral
2015-10-08,0.5836596012868202,0.9565111393270463,0.07126505061123209,lateral
2015-10-09,0.5825565839050743,0.9571397231213132,0.09255770064310725,lateral
2015-10-12,0.5913191237886608,0.9621054114885863,0.10383224458251439,lateral
2015-10-13,0.5916367085450541,0.9617939907615125,0.1045215207274969,lateral
2015-10-14,0.5785783563891006,0.9477497178439778,0.10100452086728107,lateral
2015-10-15,0.5825470891087479,0.9503990327776105,0.100995449295755,lateral
2015-10-16,0.582831031849102,0.9487280988809426,0.10326292915011993,lateral
2015-10-19,0.586664332367275,0.9304626967441769,0.10559132718756382,lateral
2015-10-20,0.5848972264399771,0.9300796860283818,0.09806581325733017,lateral
2015-10-21,0.5833377040276078,0.930769225492043,0.089827656989993,lateral
2015-10-22,0.5659980806503624,0.9310503325854445,0.1060279331257678,lateral
2015-10-23,0.5605355702437967,0.9296462530723838,0.12179280043064519,lateral
2015-10-26,0.5614760981127932,0.9300575095787744,0.11604834150004031,lateral
2015-10-27,0.5624088208332586,0.9308394598303976,0.1359280263841679,lateral
2015-10-28,0.5597599758372588,0.9278319328806043,0.14292196171412003,lateral
2015-10-29,0.5577272292270384,0.9271434691719102,0.12895275597492623,lateral
2015-10-30,0.5537874187683919,0.9282356794580632,0.11931377363492705,lateral
2015-11-02,0.5661770682745794,0.9287445218701813,0.10240046894551741,lateral
2015-11-03,0.5669000605153643,0.92809209182415,0.10541843069114135,lateral
2015-11-04,0.5652216347038006,0.9254951001114962,0.07656829745476197,lateral
2015-11-05,0.564112662261649,0.9242698029746664,0.07669136507638345,lateral
2015-11-06,0.5508701342375355,0.9276791926309956,0.07776314126058353,lateral
2015-11-09,0.5528260075474658,0.9282829091525026,0.08399659497627543,lateral
2015-11-10,0.5517616420995735,0.9280059425241575,0.07862466666952717,lateral
2015-11-11,0.5526438996115575,0.9289959044333879,0.07052222849602056,lateral
2015-11-12,0.5549817466331418,0.9301324818474109,0.07454157467607342,lateral
2015-11-13,0.5502669575285094,0.9315792194246982,0.071157582213198,lateral
2015-11-16,0.5378348766945846,0.9273753474174136,0.044597948884704676,lateral
2015-11-17,0.4947726090213839,0.9164369671984592,-0.02573267218298715,lateral
2015-11-18,0.49623955961794247,0.9183757449752367,-0.05106339267118756,lateral
2015-11-19,0.4485898323832722,0.9034118873606042,-0.10391526977069264,lateral
2015-11-20,0.4270836532102521,0.9009487742000694,-0.13091506533868458,lateral
2015-11-23,0.42829896262651557,0.9041229025844983,-0.12726831983002113,lateral
2015-11-24,0.42489041768566177,0.9035521284847277,-0.13535938438408704,lateral
2015-11-25,0.382545569546216,0.9011239701997021,-0.17183767778366332,bull
2015-11-27,0.3722742760344033,0.9120479826562192,-0.17316719680297557,bull
2015-11-30,0.372317391284435,0.9132706034451809,-0.14385583192894752,bull
2015-12-01,0.363274411831244,0.9090507660895273,-0.18061965371291483,bull
2015-12-02,0.3445002186422083,0.9169529262878139,-0.18094152254943766,bull
2015-12-03,0.3446229916003804,0.9151150782997425,-0.19243112131318454,bull
2015-12-04,0.3598363863650939,0.915025676434527,-0.16461315774571894,bull
2015-12-07,0.3599637474482551,0.9189119822383127,-0.15985342732221802,bull
2015-12-08,0.36076575090337953,0.9073022709021094,-0.1637810202075892,bull
2015-12-09,0.35863792731435556,0.9096266723665893,-0.15882229796098618,bull
2015-12-10,0.3559866448260214,0.9013703116054975,-0.16864371618640195,bull
2015-12-11,0.3751891096226512,0.9020949900455512,-0.14113078803306434,bull
2015-12-14,0.3677332258411827,0.9037668149157829,-0.11951345855974306,bull
2015-12-15,0.3694161998968032,0.9062691034500671,-0.0962438502404453,bull
2015-12-16,0.3708830432700597,0.9036138858243009,-0.09508267811354884,bull
2015-12-17,0.3787935393912987,0.9067897413855017,-0.0807228256760173,bull
2015-12-18,0.3953224707764419,0.9133085359562764,-0.05259584717613869,bull
2015-12-21,0.4070858237203112,0.9126197093174844,-0.041050597923902275,lateral
2015-12-22,0.3885537844517872,0.9057339187460095,-0.041484535319869634,bull
2015-12-23,0.39196255895409843,0.9106139131142559,-0.03490599253964409,bull
2015-12-24,0.3836594468223895,0.910205970062901,-0.05229537338698558,bull
2015-12-28,0.3864084247835509,0.9089341049095849,-0.04806591867194549,bull
2015-12-29,0.38340944525321097,0.9119393371188117,-0.053990815829952424,bull
2015-12-30,0.37848578618754275,0.9099824199352265,-0.0824898366943524,bull
2015-12-31,0.38826017250422323,0.9139617218994238,-0.0650898330302926,bull
2016-01-04,0.3995586941186993,0.9138478058336639,-0.0671093193174218,bull
2016-01-05,0.3987376106308487,0.9142366237723285,-0.054189943181236794,bull
2016-01-06,0.4070397919591338,0.9068731148114924,-0.07292039870641878,lateral
2016-01-07,0.4327648618343925,0.9153096001867519,-0.1109492265041688,lateral
2016-01-08,0.4385416977985571,0.9134351011582019,-0.09023044131195003,lateral
2016-01-11,0.4429019449953572,0.9444101272814592,-0.05837953447214249,lateral
2016-01-12,0.4404825365798324,0.9404337184046283,-0.056510146132477304,lateral
2016-01-13,0.4589032825616672,0.9475762168001345,-0.040650903625255565,lateral
2016-01-14,0.46395562175092214,0.9455128961383721,-0.05252473624982439,lateral
2016-01-15,0.475027825685403,0.9437607927151092,-0.043854209021896816,lateral
2016-01-19,0.47364935869256297,0.9407760400931329,-0.06930427816569357,lateral
2016-01-20,0.4831784605446218,0.9417449253284207,-0.057617395547947356,lateral
2016-01-21,0.486304602770924,0.9355557033040321,-0.055343834191187304,lateral
2016-01-22,0.4752344539351384,0.9329018551999172,-0.0378277337280954,lateral
2016-01-25,0.4782957579132552,0.9290604460103956,-0.03761090120809479,lateral
2016-01-26,0.4780738092656333,0.9319015677220952,-0.05871600694324223,lateral
2016-01-27,0.47255930472234803,0.9314148444619683,-0.05821988568031101,lateral
2016-01-28,0.45632333766358657,0.9291118795501344,-0.10829756491301411,lateral
2016-01-29,0.4595716247647477,0.9346786167462597,-0.09826184229515923,lateral
2016-02-01,0.45855276887983437,0.9351300177296034,-0.07403295224642248,lateral
2016-02-02,0.46775204104200374,0.9369020551720286,-0.07325638014353708,lateral
2016-02-03,0.4608353001420169,0.9287855231334574,-0.08693935954668083,lateral
2016-02-04,0.4666110477300875,0.925791295101521,-0.0881653276944145,lateral
2016-02-05,0.4595607452738799,0.9252919705728611,-0.08165875293999589,lateral
2016-02-08,0.45235005650086957,0.9164794107879244,-0.05106990171963692,lateral
2016-02-09,0.4508227186207722,0.9163134894539962,-0.050957242142808785,lateral
2016-02-10,0.44393649566081955,0.9162599276503167,-0.05321280747752677,lateral
2016-02-11,0.43752080677078586,0.9232861378323098,-0.0650420688409908,lateral
2016-02-12,0.43144759129719823,0.9304036627514692,-0.06270064358375664,lateral
2016-02-16,0.44015058178815136,0.9313111231136791,-0.0631358626320059,lateral
2016-02-17,0.43813173745347933,0.9255961886563793,-0.0640157456914349,lateral
2016-02-18,0.4381989034233641,0.9272088627893614,-0.06572060634510897,lateral
2016-02-19,0.4408191841118144,0.9268362016186638,-0.060722978626998,lateral
2016-02-22,0.44755909974939984,0.9230652564274173,-0.0447487504685501,lateral
2016-02-23,0.44823685582827394,0.9193452726092535,-0.0437126202292812,lateral
2016-02-24,0.4503105640702802,0.919332423143959,-0.044750118150170166,lateral
2016-02-25,0.45345475026065,0.9201349243699706,-0.03899313650178959,lateral
2016-02-26,0.4512402749458775,0.9164803465045523,-0.03881014692393452,lateral
2016-02-29,0.44830717119289537,0.9141229305881439,-0.050579024928836085,lateral
2016-03-01,0.45809603817599326,0.9222897885224067,-0.0334253296799022,lateral
2016-03-02,0.4545302891409222,0.921092647013089,-0.03691997409549243,lateral
2016-03-03,0.4440136718297473,0.918995338235825,-0.04515481819174327,lateral
2016-03-04,0.44425234296352034,0.9187779903819676,-0.04782139297311868,lateral
2016-03-07,0.44183415431688783,0.9181186858861726,-0.05626128223580068,lateral
2016-03-08,0.43881899377360556,0.9188121609044587,-0.05485922141841798,lateral
2016-03-09,0.4369746137224286,0.9191929111563428,-0.057612871285669734,lateral
2016-03-10,0.42883162081453124,0.913451475875979,-0.07237423332448727,lateral
2016-03-11,0.4317821146973867,0.9132194001141793,-0.06608081333398191,lateral
2016-03-14,0.4306924600720944,0.9106475577412761,-0.06503693953558731,lateral
2016-03-15,0.4219225763421594,0.9076840503487618,-0.07226843617281026,lateral
2016-03-16,0.4178008483822619,0.906795411721144,-0.07075575200274276,lateral
2016-03-17,0.406247317313931,0.9051139496739721,-0.08861891643304871,lateral
2016-03-18,0.4043333016703771,0.9012633366180806,-0.08807449953650445,lateral
2016-03-21,0.400940924927733,0.9005427550599399,-0.08955184936728483,lateral
2016-03-22,0.39937239888866694,0.8984760691271838,-0.10454743494227381,bull
2016-03-23,0.39825074792624,0.8980507875172933,-0.10284821764990064,bull
2016-03-24,0.39839749180293665,0.8953228920442113,-0.1044238035917597,bull
2016-03-28,0.39418688489370085,0.8949061401429007,-0.10746655520021996,bull
2016-03-29,0.39522803913708043,0.8946682202558967,-0.10924038950332148,bull
2016-03-30,0.39107161198959345,0.894120399214945,-0.11017377153887495,bull
2016-03-31,0.3833386948810586,0.8922938886570057,-0.13173767388251512,bull
2016-04-01,0.38525804560701976,0.8965779712530308,-0.12600172892444028,bull
2016-04-04,0.37862974399393345,0.8963371853954871,-0.1405646857568906,bull
2016-04-05,0.3642678002833339,0.8933437635892911,-0.14413775869987677,bull
2016-04-06,0.36041591230053865,0.8950181586863817,-0.14774027971743708,bull
2016-04-07,0.36766828839990395,0.8967334252959976,-0.13154524216660957,bull
2016-04-08,0.36636264378751093,0.8966277281832278,-0.1336572594015002,bull
2016-04-11,0.345284131628139,0.8936510147249473,-0.17125006375915355,bull
2016-04-12,0.3453767424424971,0.895932139476962,-0.17925850930816453,bull
2016-04-13,0.33300451520181823,0.8978105683451711,-0.18275443536698577,bull
2016-04-14,0.33622801614123815,0.8988957635474114,-0.18255539197146814,bull
2016-04-15,0.332779096167233,0.8953899050587748,-0.1776586725732416,bull
2016-04-18,0.3365036939001397,0.8977338488813974,-0.17740510199007573,bull
2016-04-19,0.34047238076306935,0.9028158996102154,-0.20426708318685233,bull
2016-04-20,0.3287785372117133,0.9001867690312387,-0.20628455128949066,bull
2016-04-21,0.3288762585859633,0.8977281806913788,-0.1915743287766446,bull
2016-04-22,0.31446377930450403,0.8981591770372329,-0.33330926144500383,bull
2016-04-25,0.32899547652272154,0.9118881969406235,-0.3315552539915495,bull
2016-04-26,0.3132471263211905,0.9106309817024872,-0.3608421211271835,bull
2016-04-27,0.3114318956116912,0.9112035557678371,-0.3618780319287723,bull
2016-04-28,0.29405134945035144,0.9080200255314227,-0.39609765868507457,bull
2016-04-29,0.2987397044381909,0.9113122130540166,-0.39235803206136094,bull
2016-05-02,0.30882120587606504,0.9086338347832777,-0.3789122292256143,bull
2016-05-03,0.29793084545295834,0.9169648225842215,-0.41506173732040735,bull
2016-05-04,0.30314102057705966,0.9064176595212219,-0.4275610416188843,bull
2016-05-05,0.30620789033553414,0.9126705673941669,-0.4292582185967577,bull
2016-05-06,0.308664880724166,0.9112605764552776,-0.42584474523008287,bull
2016-05-09,0.30173198796514306,0.9057549226067058,-0.4229516950481873,bull
2016-05-10,0.30326906101542805,0.8949148227388111,-0.41943349304297073,bull
2016-05-11,0.29858015333589155,0.8925357283489275,-0.42098640425206724,bull
2016-05-12,0.2864426254687702,0.8910576965720542,-0.44403757423398843,bull
2016-05-13,0.2877190398497245,0.8947272109239306,-0.44501082376324497,bull
2016-05-16,0.2944880625692159,0.8936599079931822,-0.4385683934959626,bull
2016-05-17,0.29387052671307157,0.8923611038645963,-0.4454765570299691,bull
2016-05-18,0.2835200471570046,0.8957910370667794,-0.47156575388910976,bull
2016-05-19,0.277071663497466,0.8970184284601845,-0.46607214338535335,bull
2016-05-20,0.2700410655692371,0.8961358126723685,-0.46587377986269896,bull
2016-05-23,0.2719661217571879,0.902339987863059,-0.4705118294258627,bull
2016-05-24,0.27632432567929344,0.9042692205468241,-0.440134440322949,bull
2016-05-25,0.2421695707328714,0.8923131158331199,-0.461586873233817,bull
2016-05-26,0.2417535894523332,0.8936307732856232,-0.47166607703075264,bull
2016-05-27,0.24434322090293156,0.893636270329914,-0.4578703920991512,bull
2016-05-31,0.24551204755398354,0.8938172151643131,-0.4661235218568692,bull
2016-06-01,0.25099029908832954,0.8941570438869852,-0.459572364887081,bull
2016-06-02,0.24717827354889454,0.8889933087823726,-0.44166711566490496,bull
2016-06-03,0.2495864654237388,0.8924785884194696,-0.4300874531080413,bull
2016-06-06,0.24865620699094024,0.9055044903077574,-0.4261716935170081,bull
2016-06-07,0.23200459695821435,0.9170402056936335,-0.47369587636716076,bull
2016-06-08,0.23291768462311874,0.9169941005729342,-0.4796942532403791,bull
2016-06-09,0.23217821972042882,0.9181811350695797,-0.47511637380930155,bull
2016-06-10,0.23956128339823063,0.9230742035175535,-0.48843194310060495,bull
2016-06-13,0.2502040502943073,0.9279062495197576,-0.491040871123351,bull
2016-06-14,0.24642283139169835,0.9280386683061143,-0.4851272152268843,bull
2016-06-15,0.2478100136257808,0.9278198289822753,-0.48139783435556827,bull
2016-06-16,0.2491611478491576,0.9254940256996055,-0.45538288858377063,bull
2016-06-17,0.24760484137751074,0.9280737964675874,-0.47867086636236233,bull
2016-06-20,0.25099272974481024,0.9284501349802826,-0.4794512937404381,bull
2016-06-21,0.2511937405027816,0.9354004948672398,-0.4707082498153326,bull
2016-06-22,0.2452522224207082,0.9358533005614501,-0.4843143290480867,bull
2016-06-23,0.25661085921386567,0.9392613678310286,-0.47767223381479806,bull
2016-06-24,0.3325805782284502,0.9536604355063321,-0.378231123304661,bull
2016-06-27,0.33340279126234545,0.9510301838231353,-0.3725935883673612,bull
2016-06-28,0.3525707307384548,0.9563801136372373,-0.34326586216792493,bull
2016-06-29,0.36696434809362677,0.9555771334541103,-0.3592692517170557,bull
2016-06-30,0.36960881113442173,0.9558051639262383,-0.3528905933010899,bull
2016-07-01,0.36115186820072515,0.9542042560410733,-0.3716236272400103,bull
2016-07-05,0.35978696121159315,0.9572666413382604,-0.3670392020349477,bull
2016-07-06,0.36056949157856716,0.956352418140683,-0.3655226998114431,bull
2016-07-07,0.3553761241081633,0.9542619863351998,-0.37869170700980714,bull
2016-07-08,0.3640407022428958,0.9515121242326493,-0.3616791448950279,bull
2016-07-11,0.3650881988615847,0.951322557943517,-0.36258110498089074,bull
2016-07-12,0.3644289356880241,0.9495397119629098,-0.3708534274415379,bull
2016-07-13,0.36319258826986023,0.9504917613495475,-0.37483001377682656,bull
2016-07-14,0.36523520511614915,0.9495918424285973,-0.3864124332738673,bull
2016-07-15,0.37799778501819803,0.9518031176301568,-0.3795851232059422,bull
2016-07-18,0.3772687308227871,0.9504405665563995,-0.3533119754531213,bull
2016-07-19,0.3947495576075469,0.9511163141689374,-0.37523122178689405,bull
2016-07-20,0.3936968584214134,0.9456634485948072,-0.38136349732141106,bull
2016-07-21,0.39941581219123773,0.9455172368941506,-0.3920123720548773,bull
2016-07-22,0.40364480299074174,0.9448126471276752,-0.3811249411213999,lateral
2016-07-25,0.4035317047294204,0.9429218037481373,-0.3898231797073521,lateral
2016-07-26,0.4097810194647701,0.9427188751984568,-0.38853568566288754,lateral
2016-07-27,0.3969992625530533,0.94274940302034,-0.394783454584481,bull
2016-07-28,0.3956425302637865,0.9447623678190092,-0.39656092930276315,bull
2016-07-29,0.39099873035713056,0.9436769776538424,-0.3940423943743949,bull
2016-08-01,0.387131720114226,0.9434713125239301,-0.39848512054794977,bull
2016-08-02,0.3893024122401378,0.9407757497955344,-0.3840244139920688,bull
2016-08-03,0.3883515993464605,0.9404108759643647,-0.3744583113941679,bull
2016-08-04,0.3825291863093914,0.939682886518249,-0.38523038335640525,bull
2016-08-05,0.3732994411476605,0.9392951715761254,-0.40879408882851437,bull
2016-08-08,0.3746321846497088,0.9384819229424246,-0.4090153257944768,bull
2016-08-09,0.38315562334676423,0.9356346410601158,-0.4191373811627796,bull
2016-08-10,0.37921256914731505,0.9354638547116372,-0.4191387520674296,bull
2016-08-11,0.37118287603248296,0.9351927297059931,-0.42052088989023506,bull
2016-08-12,0.37590347502444266,0.9335060280846611,-0.38294883631399684,bull
2016-08-15,0.3886878791032646,0.935612150209852,-0.3830511600667087,bull
2016-08-16,0.39035949108722073,0.9309249473088033,-0.38758174534258394,bull
2016-08-17,0.3881312069819272,0.9314300652751344,-0.3934238516817551,bull
2016-08-18,0.37436529130291896,0.9306782127448094,-0.41870931865985234,bull
2016-08-19,0.37159662036135527,0.9353329155911221,-0.4071151511132086,bull
2016-08-22,0.3732902328971692,0.9348930338822561,-0.39791288140868636,bull
2016-08-23,0.37237998941513617,0.9349643424092139,-0.4021017527551379,bull
2016-08-24,0.3751116752718291,0.9334312432935187,-0.4017508027850977,bull
2016-08-25,0.37322495124585214,0.9331258288567945,-0.39973856381066086,bull
2016-08-26,0.37490031017682146,0.9328314503125665,-0.40908822941604234,bull
2016-08-29,0.3780732306682346,0.9305810758885927,-0.3755742482470453,bull
2016-08-30,0.3825987776482838,0.9316069907460216,-0.38584058924165027,bull
2016-08-31,0.3863678408666475,0.9304356404719474,-0.39453853075022066,bull
2016-09-01,0.38378227501196555,0.9308407245871118,-0.40750254329229085,bull
2016-09-02,0.3864110355773814,0.9296507320162222,-0.3879700548435342,bull
2016-09-06,0.38116532931913427,0.9278537653093156,-0.4090083955374,bull
2016-09-07,0.3773656409709791,0.9267383784078423,-0.41410719269858953,bull
2016-09-08,0.3799040820184459,0.9244541069016684,-0.3959506423360127,bull
2016-09-09,0.41897997093394085,0.9246262621809376,-0.32238544735954805,lateral
2016-09-12,0.43059313080066397,0.9267738584909635,-0.299653659698327,lateral
2016-09-13,0.44670210977991426,0.9344351209688802,-0.2794964276193875,lateral
2016-09-14,0.44411140653538483,0.9323005838124724,-0.2789782932438042,lateral
2016-09-15,0.4488945201566134,0.9328185980493415,-0.27856805619079006,lateral
2016-09-16,0.44700427172026364,0.9344767518578143,-0.2838651725753745,lateral
2016-09-19,0.4394710936263506,0.9323694221339446,-0.2854512245642271,lateral
2016-09-20,0.3727510074513758,0.8844035008352139,-0.33966970447525957,bull
2016-09-21,0.37245464153109326,0.8871780104899915,-0.16930973731256005,bull
2016-09-22,0.3519566807134761,0.8901488363570803,-0.20273331798654265,bull
2016-09-23,0.32908499657740103,0.8858785648685793,-0.17865797301167463,bull
2016-09-26,0.3306306646555911,0.8892022723714884,-0.16959080753868727,bull
2016-09-27,0.3379616419779513,0.8895800756555735,-0.1735136537140716,bull
2016-09-28,0.33798882388609963,0.8919573902641007,-0.1468115466463619,bull
2016-09-29,0.351812904717433,0.8900945293508609,-0.09672309341292751,bull
2016-09-30,0.35987194886441937,0.8892195687315054,-0.10733602008131544,bull
2016-10-03,0.3405941011740788,0.8919222348976539,-0.11905225631685898,bull
2016-10-04,0.33831289495307365,0.8923402907540112,-0.13280441003941335,bull
2016-10-05,0.336626960471336,0.8913697755582084,-0.11384452610383174,bull
2016-10-06,0.33094024893056967,0.8912921420619898,-0.2178448261616414,bull
2016-10-07,0.32319239111901515,0.8905563354249321,-0.21537038475085984,bull
2016-10-10,0.32498701150362674,0.8943775392242566,-0.24570576649432682,bull
2016-10-11,0.3401545179288294,0.8970435963994012,-0.21661234505225582,bull
2016-10-12,0.34136551407146265,0.8976569648987369,-0.21678021008226042,bull
2016-10-13,0.34587970772916565,0.8953359594488914,-0.23805649281995347,bull
2016-10-14,0.3438507310507097,0.8952238486611842,-0.20618015092884107,bull
2016-10-17,0.34436215843822077,0.8949362596357512,-0.20366989322083814,bull
2016-10-18,0.34359771692654756,0.8909798545212124,-0.20027627857321773,bull
2016-10-19,0.3387775017852467,0.8913801949094801,-0.19978670421026204,bull
2016-10-20,0.33961456907552345,0.8896801083840002,-0.2004385418064488,bull
2016-10-21,0.3346372337038783,0.890085124832387,-0.20678611791445606,bull
2016-10-24,0.33931673831862347,0.9095921748225023,-0.1874570118317147,bull
2016-10-25,0.33801163838845555,0.8925349961684906,-0.1814641956185528,bull
2016-10-26,0.32870102660454636,0.8980342683952499,-0.18572676292835819,bull
2016-10-27,0.3313772877863557,0.8913050028916483,-0.1860346673243908,bull
2016-10-28,0.31847825517431627,0.8402411187345991,-0.1861209202115019,bull
2016-10-31,0.3137566614278156,0.8268953700575887,-0.19319922867589256,bull
2016-11-01,0.3158366589345947,0.8257589236222151,-0.19626298513988122,bull
2016-11-02,0.3179604033613723,0.8283313372780421,-0.1977845016067292,bull
2016-11-03,0.3141723942893801,0.8265561469066917,-0.19220532170538096,bull
2016-11-04,0.3082895506672711,0.8255890420431536,-0.19345653533813936,bull
2016-11-07,0.35918199564717335,0.8463912207399259,-0.1682993327811135,bull
2016-11-08,0.3598694719706077,0.8431193099942338,-0.19083691417967286,bull
2016-11-09,0.32664099717682665,0.903062864350737,-0.33160758544704877,bull
2016-11-10,0.30060624954849197,0.9127024487074726,-0.36602452318690004,bull
2016-11-11,0.286678913961949,0.9130205306422278,-0.37128804625238443,bull
2016-11-14,0.2780771189681957,0.9144708552252545,-0.3015527889189203,bull
2016-11-15,0.27674026862368584,0.913830954146954,-0.30147772368531084,bull
2016-11-16,0.27269235981688716,0.9178725381044854,-0.28312060744708134,bull
2016-11-17,0.2700349715986255,0.9225986620378006,-0.2763460001026318,bull
2016-11-18,0.26940232146131926,0.9209978718308773,-0.2740501286634309,bull
2016-11-21,0.2708203574557339,0.9219209222435486,-0.25940372408250956,bull
2016-11-22,0.26768565615761536,0.9221081223878856,-0.2606453226117863,bull
2016-11-23,0.2597825063606179,0.9199225401504163,-0.2542373852189865,bull
2016-11-25,0.25992903227709807,0.9194729863423607,-0.24234257590007596,bull
2016-11-28,0.2622376369363841,0.9164989420277005,-0.2645845281476044,bull
2016-11-29,0.259950568700676,0.9159109318795482,-0.2663993941409753,bull
2016-11-30,0.25604359895934964,0.9086554828430236,-0.2986685339310342,bull
2016-12-01,0.2525369491230755,0.9048790134017769,-0.3058316971610062,bull
2016-12-02,0.25229403698610076,0.9046150594625356,-0.3195588711368709,bull
2016-12-05,0.21989353574840578,0.8942526179264565,-0.362427991462717,bull
2016-12-06,0.2073317782491614,0.8942944501465568,-0.3895544347455272,bull
2016-12-07,0.20097506037007404,0.8830681728970964,-0.3712404968571948,bull
2016-12-08,0.20100992438751578,0.8858905054482734,-0.364472432485647,bull
2016-12-09,0.19660842088690494,0.8855350852177186,-0.36681377918305236,bull
2016-12-12,0.19488621561555633,0.8874074475312432,-0.36949522320496647,bull
2016-12-13,0.19666781844406464,0.881075761384018,-0.3691195711830808,bull
2016-12-14,0.20005499387514927,0.8809536679219655,-0.36325111517330994,bull
2016-12-15,0.19440850749855917,0.8808727081141724,-0.3740318795045254,bull
2016-12-16,0.1909174940161398,0.885156232314521,-0.3840212769749907,bull
2016-12-19,0.18608099266755512,0.8895620384256794,-0.39852081112150867,bull
2016-12-20,0.1787041046566343,0.8833774662099139,-0.4195631190151755,bull
2016-12-21,0.17661400444705191,0.8801477505165684,-0.4174752827948787,bull
2016-12-22,0.17993485395905415,0.8788723421421137,-0.4171331119042029,bull
2016-12-23,0.16764735441993858,0.8737046202579626,-0.4852434763514831,bull
2016-12-27,0.16149034872140308,0.8780042979889463,-0.47738265980117794,bull
2016-12-28,0.16802639930786503,0.8777730403259878,-0.4750597409723264,bull
2016-12-29,0.1669266475058054,0.8804410869626156,-0.49364301453619286,bull
2016-12-30,0.16971545285176065,0.8802659079443343,-0.49120493569796114,bull
2017-01-03,0.17428746570189682,0.8783867241489809,-0.499812607001889,bull
2017-01-04,0.1801954169865461,0.8869522220020769,-0.5001991628085094,bull
2017-01-05,0.17819694264091304,0.8885888101959628,-0.5001854273402908,bull
2017-01-06,0.16350781395951178,0.8868169121199374,-0.5283523561200361,bull
2017-01-09,0.16364591840665654,0.8838125888934555,-0.4961174874144108,bull
2017-01-10,0.16307339458397466,0.8800084564869123,-0.4893832046946433,bull
2017-01-11,0.1630720829080337,0.8839313690962111,-0.480017552200386,bull
2017-01-12,0.1619040351602487,0.8847152072602099,-0.4824817969885212,bull
2017-01-13,0.16081629815388432,0.8872441910919868,-0.49472757221830965,bull
2017-01-17,0.1639617735041264,0.9010783351189033,-0.49697678556087244,bull
2017-01-18,0.1679060409154073,0.8958211916337343,-0.49767056807982457,bull
2017-01-19,0.17277912709806714,0.8973099435343483,-0.487047257513195,bull
2017-01-20,0.17188169411244958,0.8978169715965305,-0.4856600552558901,bull
2017-01-23,0.1736519056040436,0.8980298231093984,-0.4737775668318994,bull
2017-01-24,0.17750425589316382,0.8948022180385721,-0.4722314550787449,bull
2017-01-25,0.1764529991806612,0.8955499235915529,-0.4581532636622436,bull
2017-01-26,0.17917390846866402,0.8954580629647892,-0.4552947983470301,bull
2017-01-27,0.17792326146119597,0.890215731764378,-0.4611215732433906,bull
2017-01-30,0.17595053114070566,0.8923420228597266,-0.4885014607964644,bull
2017-01-31,0.16594906401105597,0.8958277130531851,-0.5329871894190392,bull
2017-02-01,0.15873765550208485,0.8956028348090183,-0.531361672928694,bull
2017-02-02,0.15705234791646994,0.897239792309325,-0.5379935353751256,bull
2017-02-03,0.11186429342309764,0.89882054951527,-0.5275972092617579,bull
2017-02-06,0.11118900355331043,0.8992865774488036,-0.5273635744462096,bull
2017-02-07,0.10996038826040377,0.8801480646596195,-0.39781837228036643,bull
2017-02-08,0.12212138382289103,0.8685663640553708,-0.3660913834883865,bull
2017-02-09,0.1240056421725567,0.8779191227266797,-0.3552976807868695,bull
2017-02-10,0.129716631007663,0.8824583289351752,-0.3520832614442699,bull
2017-02-13,0.13250711338795304,0.889279023112988,-0.3479742469636611,bull
2017-02-14,0.1338777652092266,0.8826069726831366,-0.3766004849181599,bull
2017-02-15,0.13501129231702827,0.8786582569008786,-0.39213428834592967,bull
2017-02-16,0.1339781423953445,0.8820360968198281,-0.402749374168386,bull
2017-02-17,0.13174501980132816,0.8791074471550381,-0.4071954504702172,bull
2017-02-21,0.1386858384216918,0.88052935177347,-0.39539180587582595,bull
2017-02-22,0.14175718290681855,0.8805523330861056,-0.39131380498574414,bull
2017-02-23,0.13845499656347865,0.8805548909851313,-0.41240220414384643,bull
2017-02-24,0.13286704355775686,0.882757480335177,-0.41090084494555845,bull
2017-02-27,0.13351050654504823,0.8802847455038235,-0.41708090309692614,bull
2017-02-28,0.1393166422645475,0.8819913203555857,-0.35963911864659565,bull
2017-03-01,0.15697220652046195,0.8863678550023895,-0.36796408277228004,bull
2017-03-02,0.1622968784431595,0.8873054280239195,-0.37056889328550274,bull
2017-03-03,0.16184754727123657,0.8819285319994116,-0.37521148019438083,bull
2017-03-06,0.16503388025406615,0.8839430178719213,-0.36775749225149645,bull
2017-03-07,0.15259345804832497,0.8880218390965625,-0.43297424630800974,bull
2017-03-08,0.15562830261113283,0.8850720546985106,-0.41623763205603387,bull
2017-03-09,0.15283765191060364,0.8848708240416128,-0.41400595321470185,bull
2017-03-10,0.15788142222948187,0.8852803310157331,-0.40473613269507264,bull
2017-03-13,0.1508969628040146,0.885169373176544,-0.40832557222460486,bull
2017-03-14,0.14154259083899892,0.8854374212453864,-0.4479715952529066,bull
2017-03-15,0.14504111964224184,0.8788531685202695,-0.48384898343440585,bull
2017-03-16,0.14805856754086186,0.8769605511170256,-0.43460237104666993,bull
2017-03-17,0.1505645853039753,0.8887016737064546,-0.43193917304405954,bull
2017-03-20,0.1474905998520093,0.8883842018597043,-0.41160936431018186,bull
2017-03-21,0.1628939849406887,0.8986362475242229,-0.46580897152311435,bull
2017-03-22,0.15841922831749589,0.900197377189199,-0.46641073274837413,bull
2017-03-23,0.15856207434591102,0.8999258668616243,-0.46832238680849686,bull
2017-03-24,0.15836825769341817,0.8952597573158482,-0.46682870467019727,bull
2017-03-27,0.1468205643280853,0.8960175709287443,-0.4619929612348043,bull
2017-03-28,0.1523270043574161,0.8984018978827532,-0.4453399976249327,bull
2017-03-29,0.1481338797996398,0.8967330954952034,-0.4353766618887503,bull
2017-03-30,0.1425611108542848,0.8965532867710162,-0.45160575822316534,bull
2017-03-31,0.1416854094063943,0.9016901910318353,-0.4585682868558105,bull
2017-04-03,0.14309044629851242,0.8999032484788794,-0.46455688806637996,bull
2017-04-04,0.14203833220499773,0.895758842971094,-0.4684232798600659,bull
2017-04-05,0.14233299052757675,0.8977980273420653,-0.47927567402942023,bull
2017-04-06,0.1419328578038153,0.9027140932107313,-0.4839682239417879,bull
2017-04-07,0.14602115451125705,0.903179382061102,-0.48141036785854685,bull
2017-04-10,0.1454763188622767,0.9040669485001908,-0.48374568030267945,bull
2017-04-11,0.14651256340870825,0.9041882094610608,-0.48096617104530365,bull
2017-04-12,0.14870316455683516,0.8887091172393645,-0.47661120600335005,bull
2017-04-13,0.15827911162768638,0.9089468076955207,-0.4759510331665668,bull
2017-04-17,0.16039918313316628,0.911485657491987,-0.47811835781858525,bull
2017-04-18,0.16079904238945342,0.9063654576641782,-0.4788320349207239,bull
2017-04-19,0.16374411187893628,0.9007741664756967,-0.48339679501197563,bull
2017-04-20,0.1681574312189867,0.900301188170874,-0.4921763085192089,bull
2017-04-21,0.1627801141384596,0.899495441298496,-0.512675964014744,bull
2017-04-24,0.17913040337237207,0.913283386834953,-0.5015637896684143,bull
2017-04-25,0.18454494360972998,0.9152272140585953,-0.5137413780429898,bull
2017-04-26,0.18125154130880822,0.9126792524575416,-0.503183833985536,bull
2017-04-27,0.18479925536511882,0.9136969645528868,-0.49702600280309617,bull
2017-04-28,0.19237561285599597,0.9151186486184244,-0.4851483707882451,bull
2017-05-01,0.19336512136545478,0.9110251848663811,-0.4863881871767885,bull
2017-05-02,0.19541105881343834,0.9132812900973054,-0.5595811312474768,bull
2017-05-03,0.19561442116577413,0.9133848362247717,-0.5583152463069927,bull
2017-05-04,0.1961315301960664,0.9162022837942486,-0.5622185494871931,bull
2017-05-05,0.19622616996294182,0.9150694901441898,-0.5405204456501641,bull
2017-05-08,0.1942771477161602,0.9108211704793124,-0.5173495202951832,bull
2017-05-09,0.19661172633669674,0.9095340197130546,-0.5030944282659424,bull
2017-05-10,0.18973037084643746,0.9085762868609795,-0.510735712960289,bull
2017-05-11,0.18785556834133335,0.9048505697681407,-0.5157093353149365,bull
2017-05-12,0.1881269587232184,0.902924648982125,-0.5091651375762921,bull
2017-05-15,0.19065979681005735,0.9022736364606952,-0.49031660744399114,bull
2017-05-16,0.18973651705722835,0.9000015005141,-0.4919318930843968,bull
2017-05-17,0.22354046400610383,0.9196389074773349,-0.4797209395756935,bull
2017-05-18,0.22645688128515898,0.9146709670847998,-0.47395115094929074,bull
2017-05-19,0.2333286791072552,0.919137297721184,-0.471615029486144,bull
2017-05-22,0.23401256797964026,0.9185028568518147,-0.44808024414288694,bull
2017-05-23,0.23516810003714314,0.923953493334407,-0.4241713654191323,bull
2017-05-24,0.23572850285071914,0.9238674403185083,-0.431358403962303,bull
2017-05-25,0.2229923905246554,0.9179731496692235,-0.3834868147523129,bull
2017-05-26,0.22221764644900277,0.9215934803581556,-0.3765635048609164,bull
2017-05-30,0.22230224387454628,0.91911349617815,-0.36818990697914755,bull
2017-05-31,0.21662917285587033,0.9185243474567468,-0.37825141918972144,bull
2017-06-01,0.2187075949120759,0.9195064356950565,-0.3728831034412593,bull
2017-06-02,0.21818723451120364,0.920410720777079,-0.37722040911542665,bull
2017-06-05,0.2185216257691347,0.9196359670923856,-0.37056042578738396,bull
2017-06-06,0.2174331893830582,0.9156448691124073,-0.3747713725051777,bull
2017-06-07,0.21732127352188552,0.9176919262381319,-0.36074336697552123,bull
2017-06-08,0.21466686282404315,0.9196039682736009,-0.3779629680623578,bull
2017-06-09,0.18858738768502023,0.9273625558596431,-0.40731890907768764,bull
2017-06-12,0.18630434997796058,0.9271271509049461,-0.4251067150526687,bull
2017-06-13,0.18772440982997654,0.9254180494939696,-0.42430831133191305,bull
2017-06-14,0.1877473965156675,0.9259954145080808,-0.4358088190249184,bull
2017-06-15,0.17245482357147665,0.9266707929703792,-0.4003894801422316,bull
2017-06-16,0.17123813898247647,0.9283871916287628,-0.39599826619676554,bull
2017-06-19,0.17751153813443124,0.9310893934620826,-0.37242431570827883,bull
2017-06-20,0.17808287048864996,0.9286872760001385,-0.3741325276087227,bull
2017-06-21,0.17472996138854627,0.9262133678686901,-0.36774375945158827,bull
2017-06-22,0.16790909788275918,0.9219989624000291,-0.3760263286581517,bull
2017-06-23,0.16528700896041593,0.9217189013466578,-0.39630060185558297,bull
2017-06-26,0.16483911413989522,0.9246917671876806,-0.36858648041375797,bull
2017-06-27,0.1744393607677238,0.9252524802951765,-0.3631741696105515,bull
2017-06-28,0.17784825920729466,0.9301594109865075,-0.37951824338667656,bull
2017-06-29,0.19090600847918496,0.9359399435842373,-0.4039859536304085,bull
2017-06-30,0.18811428895677104,0.9347886042983179,-0.38936513159988817,bull
2017-07-03,0.18501539390784072,0.9340829109653933,-0.4027151120219437,bull
2017-07-05,0.18176614186395,0.9341625170691221,-0.4267163392701431,bull
2017-07-06,0.19493982288020764,0.9337789075885812,-0.42737515629699335,bull
2017-07-07,0.1972430307936041,0.9337717811980736,-0.42282523913910464,bull
2017-07-10,0.19687061595737895,0.9294521242443745,-0.4218339061585848,bull
2017-07-11,0.1893192914070746,0.9271879146961506,-0.41816612537131514,bull
2017-07-12,0.1887860250247791,0.9243719468760958,-0.421735215377619,bull
2017-07-13,0.18888132205880376,0.9256666550103431,-0.414477613158872,bull
2017-07-14,0.18939052092883568,0.9326897302404702,-0.4410350556268495,bull
2017-07-17,0.18824456053227961,0.9313065452514174,-0.40629442728728743,bull
2017-07-18,0.18919917908970613,0.9299527601495224,-0.3825294386481947,bull
2017-07-19,0.17764734476364083,0.918943021765063,-0.3853215986041507,bull
2017-07-20,0.17458010384779135,0.9176784467493002,-0.3784606589695815,bull
2017-07-21,0.17474011297681188,0.9192526012168134,-0.38096134802683296,bull
2017-07-24,0.1738840476581384,0.9188391150760596,-0.3753312451392964,bull
2017-07-25,0.17276966600872132,0.9214718089362655,-0.3786558891396565,bull
2017-07-26,0.16845549359530096,0.9277076416648311,-0.4011483649006772,bull
2017-07-27,0.16264244951982915,0.929019529438954,-0.37883108876123783,bull
2017-07-28,0.16095702328877437,0.9290994697434986,-0.3758829287719789,bull
2017-07-31,0.16029777734426098,0.9292233895379719,-0.3695995039795136,bull
2017-08-01,0.16034160463701638,0.9302362908075175,-0.36068152401103,bull
2017-08-02,0.1591062921296935,0.9320877265574616,-0.36134249093257226,bull
2017-08-03,0.15798762185532006,0.9348779867167242,-0.3909028530676125,bull
2017-08-04,0.16003710706739452,0.9337423036534821,-0.4074927872720299,bull
2017-08-07,0.1598969014361031,0.9329589089879085,-0.4054875110751903,bull
2017-08-08,0.16119431467310896,0.9325911773009877,-0.40234585616559787,bull
2017-08-09,0.15928050334091323,0.9326403114256576,-0.40369317325675014,bull
2017-08-10,0.18355221181321554,0.9361707421363268,-0.4027783797238697,bull
2017-08-11,0.13722034140417375,0.9170837021638643,-0.4100759462152043,bull
2017-08-14,0.14732826640972477,0.9250880431723422,-0.38876281727073575,bull
2017-08-15,0.14359939362001278,0.9241423144452064,-0.39001818210116834,bull
2017-08-16,0.14323065667721677,0.9253540179529869,-0.39629321419548286,bull
2017-08-17,0.17898252082963328,0.9277765489429978,-0.3404383132330722,bull
2017-08-18,0.17866936916871456,0.9277208037924092,-0.33692266527009285,bull
2017-08-21,0.1750428530051762,0.9253507983744711,-0.33104326006763274,bull
2017-08-22,0.18268739961330394,0.9250971558543492,-0.3250917793149384,bull
2017-08-23,0.1831081086970775,0.9271847093295087,-0.3441757997822983,bull
2017-08-24,0.18514476472910923,0.9273864054906154,-0.3276105153075501,bull
2017-08-25,0.18201158036621407,0.9249056294563628,-0.3329505178441718,bull
2017-08-28,0.18282842151127351,0.9235751147945317,-0.33051357156173256,bull
2017-08-29,0.18343550739487754,0.9238921393006332,-0.3270543501750505,bull
2017-08-30,0.1838864511564666,0.9171336381541028,-0.33524075701005135,bull
2017-08-31,0.18753382354765583,0.9116897468850679,-0.3404776653791594,bull
2017-09-01,0.19025916779878654,0.9095959348846805,-0.3271633183857577,bull
2017-09-05,0.21000154254785977,0.9118710128433908,-0.28693464579238603,bull
2017-09-06,0.20977537358361167,0.9127944327140259,-0.2725663567741254,bull
2017-09-07,0.20478636363103303,0.9154595167888747,-0.29655216002839696,bull
2017-09-08,0.20437431971954273,0.9160557900127747,-0.29242301375309077,bull
2017-09-11,0.22485019410906384,0.9189370026599017,-0.3063934604662364,bull
2017-09-12,0.2242053319299811,0.9187856587941388,-0.3228732412202434,bull
2017-09-13,0.21715483162082225,0.9126023536777892,-0.31380142356618285,bull
2017-09-14,0.21526034373031752,0.9139318768080362,-0.3253961056027842,bull
2017-09-15,0.2187739058159038,0.9155660978308692,-0.34326641674328606,bull
2017-09-18,0.2175401635113773,0.9170332967502507,-0.31958176225655066,bull
2017-09-19,0.2173622391749436,0.9141078472581506,-0.30334800905893045,bull
2017-09-20,0.21656809396807564,0.9147157713531091,-0.2871409764611416,bull
2017-09-21,0.20845620623336272,0.9139138074851066,-0.2829394764670477,bull
2017-09-22,0.2062541583000381,0.9080565980015552,-0.2780797041319971,bull
2017-09-25,0.19456213960254784,0.9060514534777948,-0.3156158125867813,bull
2017-09-26,0.1987076022858382,0.9039996261714041,-0.312629622489299,bull
2017-09-27,0.197409906429322,0.9110028492333535,-0.3124933232690251,bull
2017-09-28,0.20401255841029287,0.9108742495147715,-0.2902428596544954,bull
2017-09-29,0.19078045905661667,0.9090764643498463,-0.2944474832729417,bull
2017-10-02,0.18820570455317043,0.9070414362294765,-0.29711245439364947,bull
2017-10-03,0.19149304540302745,0.9157430651610239,-0.28429477753477644,bull
2017-10-04,0.1904113518657693,0.9135000894435632,-0.28554065119060246,bull
2017-10-05,0.18652636415918683,0.916309619796539,-0.2892749870344537,bull
2017-10-06,0.1881238364282414,0.9142373837366071,-0.28534608955760055,bull
2017-10-09,0.18599730799311465,0.9117760438915811,-0.28225651332669555,bull
2017-10-10,0.18443729468366266,0.90945460327329,-0.2820397879511568,bull
2017-10-11,0.18593414918378812,0.9093242419454155,-0.3200704722805091,bull
2017-10-12,0.18267850452618048,0.9142681618257827,-0.3255031079280066,bull
2017-10-13,0.184009207578631,0.9045690955280886,-0.31414928255166674,bull
2017-10-16,0.1831201354659108,0.9021157705832129,-0.3138164836667936,bull
2017-10-17,0.17975955511877056,0.8991837827661592,-0.3099101732618638,bull
2017-10-18,0.18363921471088046,0.8884108913393483,-0.2886629800902824,bull
2017-10-19,0.1877584139215829,0.886138015405607,-0.2801559190384615,bull
2017-10-20,0.19684982409676863,0.8899194365284601,-0.27814720045273805,bull
2017-10-23,0.19940307003240493,0.8894860633249904,-0.266437974635911,bull
2017-10-24,0.19633462073261776,0.8935351313138897,-0.28834180168047996,bull
2017-10-25,0.1983628899954001,0.8922636555918934,-0.2861103087368198,bull
2017-10-26,0.2000277244043669,0.8917353235766817,-0.29320213907750975,bull
2017-10-27,0.17510901389634462,0.890095877926766,-0.6181748779448702,bull
2017-10-30,0.18308783656119818,0.8889507327446572,-0.5160085023614857,bull
2017-10-31,0.18231064728778995,0.891412656951861,-0.5174429089616555,bull
2017-11-01,0.180764308694631,0.8915019051028711,-0.5208792741897202,bull
2017-11-02,0.17783391876269533,0.8923559832441342,-0.5197370211651724,bull
2017-11-03,0.15252570964566292,0.8864155092309051,-0.5150594385154705,bull
2017-11-06,0.15183854152897128,0.8828427207783519,-0.5200042716885984,bull
2017-11-07,0.13847351896532115,0.8889482537133072,-0.5292397566821659,bull
2017-11-08,0.13801360156397,0.8924945474581838,-0.5106325802214499,bull
2017-11-09,0.14195999395629672,0.8846119509363194,-0.5064701740227187,bull
2017-11-10,0.09706538554167499,0.8767321698512469,-0.5249899600681197,bull
2017-11-13,0.09420328388732571,0.8722182575103936,-0.526650155259952,bull
2017-11-14,0.0939385662953233,0.8769910485832568,-0.5355241887479905,bull
2017-11-15,0.09405193418346577,0.874979663653166,-0.5325198807026418,bull
2017-11-16,0.09902515248099912,0.8746835450786424,-0.5343343875003518,bull
2017-11-17,0.10308325669803578,0.8768421740860812,-0.5305901643205996,bull
2017-11-20,0.10293843994998982,0.8785105596688639,-0.5262039120621478,bull
2017-11-21,0.10825653211874474,0.8783967907228616,-0.5254067480285042,bull
2017-11-22,0.11088464620585235,0.877706198561658,-0.5163065868380882,bull
2017-11-24,0.11069767202439314,0.889034900892757,-0.5030330138226612,bull
2017-11-27,0.10813167702016338,0.8902190945177817,-0.505760234459616,bull
2017-11-28,0.11249877124389408,0.9071217977408182,-0.5063401386376768,bull
2017-11-29,0.09893040706461596,0.898535780061639,-0.518098462497141,bull
2017-11-30,0.10895840258251557,0.8946773464122171,-0.5177760598780936,bull
2017-12-01,0.11166156060069517,0.8856733101461786,-0.5310385001044043,bull
2017-12-04,0.10510018250603197,0.890559614464296,-0.537333720972494,bull
2017-12-05,0.09003717710263702,0.8839752203843432,-0.5623640626826117,bull
2017-12-06,0.08998321653330243,0.8879879741440947,-0.5632205397380275,bull
2017-12-07,0.09046526182387209,0.8921268361963225,-0.6006567495063858,bull
2017-12-08,0.09362977135671421,0.8910139053778507,-0.6006436077387487,bull
2017-12-11,0.09373504703244392,0.8918342491628918,-0.5991096196536814,bull
2017-12-12,0.0938197661321521,0.8922261405444629,-0.5883227735298174,bull
2017-12-13,0.09214783160311658,0.8986348927053364,-0.5879008886126165,bull
2017-12-14,0.0962516806745929,0.8973170511723956,-0.5887307230591172,bull
2017-12-15,0.10201739737472393,0.8967503110649401,-0.5903004884096035,bull
2017-12-18,0.10091233493019464,0.8961886376283199,-0.5863647173494968,bull
2017-12-19,0.10087615452500522,0.8940566311209179,-0.5820865541522491,bull
2017-12-20,0.10209799182614752,0.895525018525265,-0.5904490709315756,bull
2017-12-21,0.10323641199263983,0.8912370238741827,-0.5496039709900639,bull
2017-12-22,0.10472144537103281,0.8894301790185359,-0.5487680371761228,bull
2017-12-26,0.1049100377964418,0.892124563022772,-0.5450958923477471,bull
2017-12-27,0.1041402616649418,0.8912650768425456,-0.5445969222793067,bull
2017-12-28,0.10364475365905157,0.8902831856445838,-0.5440197977448925,bull
2017-12-29,0.11100340693380259,0.8925329716953746,-0.5379968173898418,bull
2018-01-02,0.1100881992364534,0.8910938065288901,-0.5384953128779432,bull
2018-01-03,0.10853297880991526,0.8913710854229818,-0.5378175295614906,bull
2018-01-04,0.10914473451231865,0.8941584091472657,-0.5289559403316764,bull
2018-01-05,0.11231675993476053,0.8877909048506465,-0.5254100049646208,bull
2018-01-08,0.1106565802893435,0.882638814434449,-0.5259420395304318,bull
2018-01-09,0.11043008587566994,0.8806036865584045,-0.5258415772588305,bull
2018-01-10,0.11075621585731399,0.8971469243903287,-0.5261762031063829,bull
2018-01-11,0.11470580659577802,0.8967573678460552,-0.5167519672061336,bull
2018-01-12,0.12114085850498665,0.8995223138604013,-0.4825721713878,bull
2018-01-16,0.12071429876959651,0.8998869012003695,-0.441040595946759,bull
2018-01-17,0.12882686531093912,0.8946367421283806,-0.4448033342559819,bull
2018-01-18,0.13040219207675632,0.889840702505109,-0.4375756999323423,bull
2018-01-19,0.12974125314984594,0.8829449777743292,-0.44444470695124527,bull
2018-01-22,0.13654188893134517,0.8768687651860705,-0.43961543594603003,bull
2018-01-23,0.12789420969470236,0.8775255095624487,-0.443525258894651,bull
2018-01-24,0.12941759278611986,0.8738123468760993,-0.4448810463487687,bull
2018-01-25,0.13590577052183658,0.8741143652188821,-0.37480030711772705,bull
2018-01-26,0.13780481788988255,0.8732452879407231,-0.33137251919964716,bull
2018-01-29,0.14567964952196755,0.870175148891145,-0.31187497932614267,bull
2018-01-30,0.16752179509748094,0.8738955230744097,-0.31739943454568814,bull
2018-01-31,0.16093044244690555,0.8745238923935783,-0.3128462058392575,bull
2018-02-01,0.15609660240190662,0.8752120582157762,-0.3035935709099319,bull
2018-02-02,0.20986625893126748,0.8811429474150357,-0.36633470845621785,bull
2018-02-05,0.35760743491518293,0.9128202215159209,-0.12364382190970946,bull
2018-02-06,0.3620008984269154,0.9179895189914109,-0.2224643178467322,bull
2018-02-07,0.35929387866973667,0.9217616794495526,-0.21176433928970076,bull
2018-02-08,0.43372132609466013,0.9380459880358673,-0.10937100288033397,lateral
2018-02-09,0.43720967390970755,0.9419274706841931,-0.08341635810667118,lateral
2018-02-12,0.44185183281506357,0.9402985749999632,-0.04788168241033476,lateral
2018-02-13,0.4407860902088928,0.942558042347338,-0.041098777983887086,lateral
2018-02-14,0.44737478239388323,0.9452812675654046,-0.05532198849948376,lateral
2018-02-15,0.4514559645314893,0.9450741293616387,-0.02045291265457654,lateral
2018-02-16,0.44905433723706323,0.946456448939537,-0.012990825142127006,lateral
2018-02-20,0.43928351826884876,0.9463385984033813,-0.014246108503659363,lateral
2018-02-21,0.43995177801050955,0.9446819877295515,-0.015008072718493113,lateral
2018-02-22,0.4384492253729825,0.9442414687153043,-0.014330156097258052,lateral
2018-02-23,0.4463857075652177,0.941263146875468,-0.013086478799684486,lateral
2018-02-26,0.45395259934079685,0.9362075628409254,0.006406915623370392,lateral
2018-02-27,0.4692716944603438,0.9305762940626945,0.043641582781674376,lateral
2018-02-28,0.47343609015342547,0.9304672474839403,0.04724893155622581,lateral
2018-03-01,0.47329660845685245,0.9333422850867903,0.036014323236879926,lateral
2018-03-02,0.4842302744461668,0.9342544792785192,0.044124159547415304,lateral
2018-03-05,0.4867470095675201,0.9368901132589893,0.06282760098512533,lateral
2018-03-06,0.48703372583700577,0.9364475637413237,0.06306329872797331,lateral
2018-03-07,0.48598587084371586,0.9375267775369768,0.06151393303357146,lateral
2018-03-08,0.4849218201192244,0.9376502903395577,0.05909246435088074,lateral
2018-03-09,0.4899153008070258,0.9328337411942228,0.06470598088011427,lateral
2018-03-12,0.48997134050920743,0.9304429419903806,0.08837878780901019,lateral
2018-03-13,0.4921739581175173,0.9305721138316675,0.08117088693782111,lateral
2018-03-14,0.4918194536235224,0.9308569697179889,0.05412569510585801,lateral
2018-03-15,0.4890672377203432,0.9300493531696495,0.052740892682308846,lateral
2018-03-16,0.48910431274959165,0.931576376617322,0.0591259399524538,lateral
2018-03-19,0.49498857493559384,0.9321386803745738,0.057557535479378044,lateral
2018-03-20,0.49424019353106646,0.9328695579261199,0.05615932122683868,lateral
2018-03-21,0.49361362808621506,0.9320279690176362,0.055861666196538255,lateral
2018-03-22,0.5078352698299667,0.9427383496895008,0.016138209671807045,lateral
2018-03-23,0.5167333334092492,0.9374137863737486,0.06328181456524423,lateral
2018-03-26,0.5252473604188784,0.9397275120325924,0.0961971038902641,lateral
2018-03-27,0.5211303188715348,0.9399893329382322,0.07942133804689722,lateral
2018-03-28,0.5138154394940638,0.9395955238370352,0.07679669346711386,lateral
2018-03-29,0.5184792895055962,0.9406549877687321,0.0829635430893185,lateral
2018-04-02,0.5317607493474761,0.9426045363805657,0.07877878080289702,lateral
2018-04-03,0.5370457899882886,0.9418942457027369,0.08212923666977029,lateral
2018-04-04,0.5383034935229741,0.945200756252704,0.08370162245746517,lateral
2018-04-05,0.5399329551720697,0.947364578400056,0.09910337726878517,lateral
2018-04-06,0.5502734788504612,0.9484462997213827,0.11788025724028783,lateral
2018-04-09,0.5489368401182072,0.9480771712662646,0.1159484258701969,lateral
2018-04-10,0.5538057384812883,0.9491717642800738,0.11144990451468327,lateral
2018-04-11,0.554999406260443,0.9492648317128214,0.11823073858822952,lateral
2018-04-12,0.5587714559088937,0.9516957065993724,0.09116526703849369,lateral
2018-04-13,0.5549417392268863,0.9550489348745387,0.0957061463748168,lateral
2018-04-16,0.5576449124769626,0.955493639139931,0.09458384022293798,lateral
2018-04-17,0.5582614614254847,0.9575894299112191,0.09635250934100321,lateral
2018-04-18,0.5551064680914898,0.9568467138773957,0.10043531933256765,lateral
2018-04-19,0.550969914395281,0.9579182363232809,0.10766424460879316,lateral
2018-04-20,0.5513724349131907,0.9584695516222517,0.13714236184710568,lateral
2018-04-23,0.5511828615668243,0.9572035565990074,0.12288916589172787,lateral
2018-04-24,0.5505555326018996,0.9572597972785316,0.032536810511780555,lateral
2018-04-25,0.5504630004781719,0.9574225779122064,0.02397076457057606,lateral
2018-04-26,0.5514032232938191,0.9570711260173266,0.06710012113135022,lateral
2018-04-27,0.5589696805710259,0.9549553639183495,0.05670095200036119,lateral
2018-04-30,0.566253627625087,0.9549807356871123,0.06599097347366459,lateral
2018-05-01,0.5572925155742929,0.9554065315995323,0.0649307716664638,lateral
2018-05-02,0.5123358103209609,0.9484695612436149,0.021263544356698916,lateral
2018-05-03,0.5162210622437315,0.9448916959674871,0.10850243577537125,lateral
2018-05-04,0.5221027141362703,0.9439512867652522,0.11758960472188762,lateral
2018-05-07,0.47693889667661526,0.9354148321567559,0.041683385382842435,lateral
2018-05-08,0.4741878063509301,0.9332634213514228,0.04346999238873654,lateral
2018-05-09,0.470683992400258,0.9365336770881374,-0.0033381566038260114,lateral
2018-05-10,0.47424541527584896,0.9370522181937847,0.0010872731964242529,lateral
2018-05-11,0.4739720907679309,0.9333501734678308,0.003481763264640998,lateral
2018-05-14,0.46972354183401804,0.9320686359733713,-0.0836599131907269,lateral
2018-05-15,0.473518195647685,0.9272536872356448,-0.07496927915866221,lateral
2018-05-16,0.47920057970282526,0.9252546991690418,-0.07863425704217837,lateral
2018-05-17,0.4775472525699733,0.9260642045068366,-0.08769575485430146,lateral
2018-05-18,0.47629164324279594,0.9278979110656521,-0.09080450057040103,lateral
2018-05-21,0.4694998361620543,0.931040313901635,-0.017871393204462006,lateral
2018-05-22,0.46356830398282983,0.9305370188797888,0.0011050253677638798,lateral
2018-05-23,0.45879857999385026,0.9313403127041591,-0.03657392534578455,lateral
2018-05-24,0.45256213337043527,0.934090693763512,-0.0411223570132487,lateral
2018-05-25,0.4503979988739647,0.9329080580318571,-0.04295249054495505,lateral
2018-05-29,0.45000782774725506,0.9397650026465295,-0.046684454824816354,lateral
2018-05-30,0.45653076711780616,0.9394320015194827,-0.03455337421677935,lateral
2018-05-31,0.4599235688043161,0.9397136271745049,-0.04381496780270892,lateral
2018-06-01,0.46336820490616326,0.9417194242109342,-0.06408582562027994,lateral
2018-06-04,0.4642233298369518,0.941749752816848,-0.06595810478184982,lateral
2018-06-05,0.459336895895622,0.9458197567095837,-0.06929605803584848,lateral
2018-06-06,0.46061913166110546,0.9493077385139614,-0.12327228238939247,lateral
2018-06-07,0.4587898640520255,0.9487162438261363,-0.12105668029239933,lateral
2018-06-08,0.4585881484968217,0.948770020712303,-0.09846406776262888,lateral
2018-06-11,0.45825897024978296,0.948436315782066,-0.09593492980974028,lateral
2018-06-12,0.45901533981261494,0.9484288600274795,-0.11098762560850835,lateral
2018-06-13,0.4519283663387752,0.9486144678984233,-0.11739374437497031,lateral
2018-06-14,0.45198628226579585,0.9470933468593383,-0.1375743652534689,lateral
2018-06-15,0.4520944262194389,0.946642472028673,-0.13706621493222923,lateral
2018-06-18,0.42485334304034333,0.9410205085421949,-0.0846914846033586,lateral
2018-06-19,0.4036683189369362,0.9436826912952406,-0.15390599778624767,lateral
2018-06-20,0.384889935377101,0.9412049200774866,-0.21831168454113228,bull
2018-06-21,0.3812924606635686,0.9420876394417154,-0.19830475084605265,bull
2018-06-22,0.3844859218671715,0.9414202533468516,-0.2082655763399029,bull
2018-06-25,0.38008497852100837,0.937125523404465,-0.2509287725912644,bull
2018-06-26,0.34702766453078293,0.9348020859299493,-0.27736366167865284,bull
2018-06-27,0.33818303987241216,0.934520541417991,-0.2821418605819836,bull
2018-06-28,0.33106317730717416,0.9366196029867776,-0.2984164302238057,bull
2018-06-29,0.3227220907414515,0.9315410988846821,-0.3240678995475112,bull
2018-07-02,0.2847816952932769,0.9270171091767472,-0.3490080468047806,bull
2018-07-03,0.2887227889815752,0.928284379582168,-0.33184145656392494,bull
2018-07-05,0.27365832045535543,0.9252009398830338,-0.33125350351072325,bull
2018-07-06,0.27169393980248124,0.9231133826607605,-0.34205313277780264,bull
2018-07-09,0.2695547568606241,0.9265711612124466,-0.4102037605388586,bull
2018-07-10,0.27258638912693617,0.9207939759841375,-0.40901404214681425,bull
2018-07-11,0.27385727662081444,0.9218281647214891,-0.42295627973321703,bull
2018-07-12,0.2789458392565525,0.922597959141854,-0.4280945884670669,bull
2018-07-13,0.28221799945331366,0.9248700737453501,-0.444377589630612,bull
2018-07-16,0.2876487289741347,0.9337941750280278,-0.4130849678355182,bull
2018-07-17,0.279596333511221,0.9317459850221622,-0.4092289217407907,bull
2018-07-18,0.2795742261915627,0.9329287261731503,-0.4111251582554242,bull
2018-07-19,0.277484153405953,0.934315327214065,-0.412343383200135,bull
2018-07-20,0.2757239362668013,0.9355715775411603,-0.4211749080126089,bull
2018-07-23,0.2582714570346474,0.9381322229863954,-0.4368928739538739,bull
2018-07-24,0.26152583773528737,0.9413267532015529,-0.4342687855748993,bull
2018-07-25,0.2585614954533747,0.9413210758422415,-0.44010824875431426,bull
2018-07-26,0.252830405003357,0.9414902595635202,-0.44137412653113395,bull
2018-07-27,0.24719777332705706,0.9397423282338158,-0.44382398453989214,bull
2018-07-30,0.24472362144621296,0.9405543585442853,-0.4555051723604375,bull
2018-07-31,0.23338713963120697,0.9441215645772392,-0.46588570603378116,bull
2018-08-01,0.2258368436199657,0.9429871087849009,-0.45771417811387477,bull
2018-08-02,0.22294497339951164,0.9432217597312089,-0.4518761672939724,bull
2018-08-03,0.2220555125642581,0.9409819890229424,-0.41955531822985725,bull
2018-08-06,0.21604150880588321,0.9410421202295501,-0.43985077208023127,bull
2018-08-07,0.2159859348089401,0.9415100540985843,-0.44159089250033495,bull
2018-08-08,0.21622123757090495,0.9410346614615477,-0.4328453907371442,bull
2018-08-09,0.20911566080904212,0.9472321191786521,-0.4585167407464433,bull
2018-08-10,0.2134296893324002,0.9503472716807893,-0.455289251305611,bull
2018-08-13,0.215337664964775,0.9513737368211634,-0.4637233822090235,bull
2018-08-14,0.2160878493236915,0.9497741782998397,-0.45787546579872695,bull
2018-08-15,0.21114410405455677,0.9490161525355051,-0.5123878560579981,bull
2018-08-16,0.21615444569543896,0.9493964829583788,-0.4808424246629337,bull
2018-08-17,0.2129343489751659,0.9527892079916382,-0.4783212205374563,bull
2018-08-20,0.21083548897300017,0.9518028061110205,-0.4768068473890167,bull
2018-08-21,0.20813057054771564,0.9524953530978135,-0.47705991209011744,bull
2018-08-22,0.19841762112328318,0.9445688367094307,-0.47184545801959815,bull
2018-08-23,0.1784096394574224,0.9443709768271351,-0.5051509677979384,bull
2018-08-24,0.17618027346542586,0.9433782750096907,-0.505714181832912,bull
2018-08-27,0.17055691097590794,0.9422512574726659,-0.5022711907961944,bull
2018-08-28,0.16750441696823995,0.941231466376534,-0.49829652630395344,bull
2018-08-29,0.16610934540732206,0.9413186159661502,-0.5369134537605803,bull
2018-08-30,0.16381332247176777,0.9380428173792984,-0.4791407816663475,bull
2018-08-31,0.1656482473070121,0.9377728447478038,-0.47314274364171505,bull
2018-09-04,0.16334684168515032,0.9397125867172932,-0.47365783125321137,bull
2018-09-05,0.16016856470431473,0.9382601050250097,-0.4888992294580551,bull
2018-09-06,0.15940153329483395,0.9382155723171631,-0.4861125877953792,bull
2018-09-07,0.1577639519499553,0.9380018556414408,-0.48263651810261715,bull
2018-09-10,0.15594545948942137,0.9389336834968472,-0.46129126985983565,bull
2018-09-11,0.15557262213683293,0.9388778301952299,-0.4603977138363181,bull
2018-09-12,0.15508417736768867,0.9405249169813735,-0.4589879594370807,bull
2018-09-13,0.151938468689391,0.929570374768667,-0.4635339486573786,bull
2018-09-14,0.15134370974758976,0.9255584990699226,-0.46942459139125253,bull
2018-09-17,0.14710506601573092,0.9239006246915462,-0.4702724365502654,bull
2018-09-18,0.14795616053250665,0.9241298072857375,-0.4624413874578246,bull
2018-09-19,0.1329425583967866,0.9297324077048799,-0.4958883954735097,bull
2018-09-20,0.13807126754228224,0.9299134244087901,-0.49549290354941755,bull
2018-09-21,0.13098724303191916,0.9311025348120019,-0.49161499656903246,bull
2018-09-24,0.13246846398308923,0.9304449882339398,-0.447361515344724,bull
2018-09-25,0.1374529379774583,0.9331261861355657,-0.43744929993432924,bull
2018-09-26,0.14259975359904936,0.9361059772022297,-0.3869206643553702,bull
2018-09-27,0.13744799737813843,0.9339238254194602,-0.4066542245947532,bull
2018-09-28,0.13066521674811377,0.936400089744693,-0.4290824009297919,bull
2018-10-01,0.1305242286769347,0.9365873955065894,-0.440016175579169,bull
2018-10-02,0.12698190586588648,0.9242571450397297,-0.3205440907260617,bull
2018-10-03,0.12395694391333928,0.9234870150434406,-0.32756558248326484,bull
2018-10-04,0.12095267974473635,0.9231702411326788,-0.33594191506767984,bull
2018-10-05,0.11650488820080113,0.9237960025123033,-0.35035391927100545,bull
2018-10-08,0.11544014681958539,0.9219770608154831,-0.34327027921245995,bull
2018-10-09,0.11743696324969131,0.8986777181809124,-0.34449614849714494,bull
2018-10-10,0.2129788746950454,0.9152864970852819,-0.2943733376941675,bull
2018-10-11,0.253984791984554,0.9279500622062923,-0.25286948119644853,bull
2018-10-12,0.26075147146868444,0.9085961789137792,-0.2583557378829615,bull
2018-10-15,0.2640058324745171,0.9042222583101337,-0.25735392903176885,bull
2018-10-16,0.288701762257269,0.9028460859399253,-0.20755039826910043,bull
2018-10-17,0.2807033236759288,0.9089797179950347,-0.22459603537468387,bull
2018-10-18,0.28901308619154126,0.9105123313848139,-0.21582273179877112,bull
2018-10-19,0.28579306792506265,0.9114128309664393,-0.2770131578398247,bull
2018-10-22,0.2885953148674037,0.9161952762897045,-0.2912817290947562,bull
2018-10-23,0.2913949214722662,0.9167144150810592,-0.29585622503930237,bull
2018-10-24,0.3163987086143736,0.897363888736733,-0.41753325823643256,bull
2018-10-25,0.32770498553823396,0.9021809550300687,-0.4466675805126683,bull
2018-10-26,0.33711731353509294,0.9021268328205608,-0.3891653766831628,bull
2018-10-29,0.3252488190504459,0.8984729786591434,-0.4213332261727082,bull
2018-10-30,0.33666625604991357,0.9024552098664483,-0.41567355017657065,bull
2018-10-31,0.333958361422145,0.907767362853795,-0.42325861312108165,bull
2018-11-01,0.33577053074640306,0.9094547978632397,-0.4194185344880391,bull
2018-11-02,0.3314067720209839,0.9052962373869311,-0.40315811533991674,bull
2018-11-05,0.3301812673429288,0.9026958197177055,-0.40670823405070816,bull
2018-11-06,0.32876038973542593,0.9026507030194485,-0.4009191961978186,bull
2018-11-07,0.3485277242285711,0.9028978828234648,-0.384521467998356,bull
2018-11-08,0.34948577687961585,0.9032783348616934,-0.38285580330259383,bull
2018-11-09,0.34704922166736146,0.8857165541120742,-0.3805160176619252,bull
2018-11-12,0.3561800863029232,0.8921282069465714,-0.3917351046204928,bull
2018-11-13,0.3546919252480014,0.8929381989650563,-0.39387115136331047,bull
2018-11-14,0.3569774397010161,0.8957398432768985,-0.4035396722260744,bull
2018-11-15,0.3575787103930651,0.9030616196182795,-0.3955229257533823,bull
2018-11-16,0.35009120718822434,0.9025774330205638,-0.4010861137525293,bull
2018-11-19,0.34465778536618286,0.9009933937787462,-0.41633922136823415,bull
2018-11-20,0.35514984331534943,0.8961737430556511,-0.4138265444032193,bull
2018-11-21,0.3512001492827174,0.8962843881017599,-0.4306256145831975,bull
2018-11-23,0.3500290323945727,0.8969564453115023,-0.43681744424476243,bull
2018-11-26,0.3549219585556213,0.9021443871440458,-0.4333336096382013,bull
2018-11-27,0.3563512662557598,0.902817994173488,-0.4377280508367582,bull
2018-11-28,0.37501148610713486,0.8987594918123597,-0.4419607203239225,bull
2018-11-29,0.3753942729456554,0.9012030550175929,-0.43209054763438304,bull
2018-11-30,0.3820014202600404,0.9021622668047475,-0.3704817456227104,bull
2018-12-03,0.38250616875654264,0.9019498554970494,-0.36739321311247586,bull
2018-12-04,0.41088565303617175,0.9196300709028642,-0.36006609923818794,lateral
2018-12-06,0.4100352268009138,0.9219940543374483,-0.3575982410453877,lateral
2018-12-07,0.4237208365292714,0.9208594468912856,-0.3580974998968464,lateral
2018-12-10,0.42254220865837105,0.9271307384958918,-0.3575479992547506,lateral
2018-12-11,0.4224320770748869,0.928619420433274,-0.3548860612152881,lateral
2018-12-12,0.42070804573219633,0.9273845821252513,-0.36375060573166734,lateral
2018-12-13,0.42199469768008335,0.9275824661721691,-0.3619679465917059,lateral
2018-12-14,0.4251981822811897,0.9184498696858729,-0.34237219007000874,lateral
2018-12-17,0.4341061984114173,0.9114247625664702,-0.26261877017651547,lateral
2018-12-18,0.42963237746071115,0.9105919063480937,-0.2501065481323551,lateral
2018-12-19,0.435582955884235,0.9106825680558036,-0.20540055234594268,lateral
2018-12-20,0.4353859849251489,0.9091118033101303,-0.20612723371018718,lateral
2018-12-21,0.43163113751703464,0.9119531817322619,-0.19753339964921598,lateral
2018-12-24,0.4460914483909665,0.9143546852102663,-0.12615518525648028,lateral
2018-12-26,0.5050894058151119,0.924197055569461,-0.0658906348113287,lateral
2018-12-27,0.5079743330184548,0.9245266229380807,-0.06157867128900963,lateral
2018-12-28,0.5090942457482454,0.9253710585134557,-0.06065218230377482,lateral
2018-12-31,0.5129123406580394,0.925282948303452,-0.05608606881304134,lateral
2019-01-02,0.5092983649421413,0.9248554184608276,-0.0732498765057243,lateral
2019-01-03,0.5165531869129285,0.9254153077410745,-0.06018078236035197,lateral
2019-01-04,0.5378326682155036,0.932183262061881,-0.020471336466216617,lateral
2019-01-07,0.5398566458380216,0.9320712609293779,-0.023231963384776247,lateral
2019-01-08,0.5291869409932376,0.9311599832226872,-0.03697449377208037,lateral
2019-01-09,0.5225172312152735,0.925800528675648,-0.06266658003761007,lateral
2019-01-10,0.5205643446281659,0.9321227574743474,-0.05334941137760295,lateral
2019-01-11,0.5208837556845041,0.9281056932910281,-0.051385181258271795,lateral
2019-01-14,0.515415028065528,0.9270791116317201,-0.0760447168599998,lateral
2019-01-15,0.520529898497145,0.9265593766995514,-0.0725384428113694,lateral
2019-01-16,0.5107879545145099,0.8909918482666872,-0.07193356664116886,lateral
2019-01-17,0.5183106772456217,0.8857798049535364,-0.05906897037232306,lateral
2019-01-18,0.5184384759438181,0.8853796855357364,-0.05353188962864049,lateral
2019-01-22,0.5246550588977356,0.8891428253460728,-0.07468968427413922,lateral
2019-01-23,0.5227491433411868,0.8845805675918258,0.00047676830857608203,lateral
2019-01-24,0.5220203627055628,0.8758992905810925,0.026974025789072778,lateral
2019-01-25,0.5142113584011239,0.8902770106536502,-0.015435253431048837,lateral
2019-01-28,0.5189652664548141,0.8819494214986828,0.016102804972769717,lateral
2019-01-29,0.514256313365981,0.8871377177451122,0.011187118955309376,lateral
2019-01-30,0.5190470642846251,0.8872351969508658,0.02397124394449743,lateral
2019-01-31,0.5168648238227211,0.9065875868908926,-0.0038078258285405685,lateral
2019-02-01,0.5151083741627703,0.8959331297792734,0.009574125224398568,lateral
2019-02-04,0.5154914544465516,0.9028321345375045,0.011349084897996445,lateral
2019-02-05,0.5169147315287762,0.8985171644669389,0.01126394308799963,lateral
2019-02-06,0.5087694320015845,0.897254305422122,0.0016199323242781698,lateral
2019-02-07,0.5095304405186474,0.8964824743608801,-0.013396531913610886,lateral
2019-02-08,0.5111119663130878,0.8945161246573725,0.013090938374685435,lateral
2019-02-11,0.5091385296307099,0.8921870064281302,0.04292254702056284,lateral
2019-02-12,0.5131149431012435,0.8915875567688977,0.04359849764462805,lateral
2019-02-13,0.5139017425116075,0.8942812420327232,0.031137786347314348,lateral
2019-02-14,0.5091563223287897,0.8949479459859511,0.020380685654767347,lateral
2019-02-15,0.5160356763304715,0.8941824517418017,0.03894778693754819,lateral
2019-02-19,0.5231653307823608,0.8926684844891457,0.03723256886186298,lateral
2019-02-20,0.516985358474366,0.8866506842626033,0.002431440169493021,lateral
2019-02-21,0.5187419382282169,0.8873349148581284,0.015189154396213872,lateral
2019-02-22,0.5201745875431565,0.8807222553950149,0.018804582738795192,lateral
2019-02-25,0.5187638499345857,0.8807120344116985,0.02277537897451082,lateral
2019-02-26,0.519332961200289,0.8807468340934217,0.0245105116705052,lateral
2019-02-27,0.5095153836899207,0.8760996402374224,0.02587357493277911,lateral
2019-02-28,0.5102064594557989,0.8760040368610132,0.02244376874069886,lateral
2019-03-01,0.5072868474139041,0.876781822389454,0.025084519690227153,lateral
2019-03-04,0.505937842891685,0.8823355919061842,0.016616212065402952,lateral
2019-03-05,0.48731453791339796,0.8670813747613988,0.008148930539846133,lateral
2019-03-06,0.49155694906973885,0.8649549351213632,0.012334246474262628,lateral
2019-03-07,0.479796593315649,0.859730450119536,0.012736489851051228,lateral
2019-03-08,0.4831279610606484,0.8705739970353822,0.011626413072896446,lateral
2019-03-11,0.4829469894655822,0.8689763731903488,0.015076162606681674,lateral
2019-03-12,0.48339073484228323,0.8686872165211296,0.020290757229808054,lateral
2019-03-13,0.48591396253264085,0.8668887992903839,0.02182229586444461,lateral
2019-03-14,0.4861269652536222,0.8745783869435896,0.009113963827049923,lateral
2019-03-15,0.4703937727309237,0.885283785278027,0.0027636306901185612,lateral
2019-03-18,0.4738649281911633,0.896636466281358,-0.0017543695569752836,lateral
2019-03-19,0.46450750902113674,0.8957767143047696,-0.011657009003665437,lateral
2019-03-20,0.45934856572094596,0.9022072072645649,-0.02215008514949057,lateral
2019-03-21,0.46187360202603484,0.889643031395216,-0.04126557773953723,lateral
2019-03-22,0.44301378174318473,0.8888306080741679,-0.16138521396138472,lateral
2019-03-25,0.3451132126861024,0.8869419996508546,-0.22313333340144811,bull
2019-03-26,0.34425323786206896,0.8867053417709783,-0.22308342646684262,bull
2019-03-27,0.34781400558424985,0.8927706155837402,-0.21441497648859562,bull
2019-03-28,0.34544086588912515,0.8947864762061732,-0.22777928368710085,bull
2019-03-29,0.35294510466999124,0.8980620697280692,-0.20518562688139766,bull
2019-04-01,0.3195032716054319,0.8974038011519677,-0.26191436482233643,bull
2019-04-02,0.25590628364731316,0.8911328975556756,-0.35832977118073284,bull
2019-04-03,0.2548587576965167,0.8831717295409581,-0.3585199274938499,bull
2019-04-04,0.2514843851172586,0.8827553798796464,-0.3610185192419317,bull
2019-04-05,0.2531192978171822,0.8827811961139732,-0.36223048640344024,bull
2019-04-08,0.2550363426968458,0.8825210651761508,-0.36650305878829287,bull
2019-04-09,0.2609680237108566,0.8847562723305766,-0.3704560467053564,bull
2019-04-10,0.25876680536861424,0.8842770170257406,-0.3579683726645084,bull
2019-04-11,0.25460434781557156,0.8841358640684726,-0.38408693003264577,bull
2019-04-12,0.2549371199414065,0.853576300014797,-0.40673802345652643,bull
2019-04-15,0.25407934904384066,0.8803106639844132,-0.4187902272365916,bull
2019-04-16,0.24641058217848694,0.8767647251553691,-0.42033458043551536,bull
2019-04-17,0.2299069555327531,0.8746757207149809,-0.41643851454780223,bull
2019-04-18,0.2298444289166929,0.8753758408738512,-0.41182408052571506,bull
2019-04-22,0.23044657347923808,0.8787428608708142,-0.4149960031769608,bull
2019-04-23,0.2385218788582231,0.8765761816631483,-0.39382632182206634,bull
2019-04-24,0.2351593961201473,0.8829187223945537,-0.3997390362728114,bull
2019-04-25,0.2297366135303637,0.8846189323919027,-0.40014831866448425,bull
2019-04-26,0.20526041171924014,0.8895096359529596,-0.38806246223957924,bull
2019-04-29,0.19671262936805822,0.8900658015686863,-0.3389196351250949,bull
2019-04-30,0.1967668405454446,0.8992203098513609,-0.3501018146403073,bull
2019-05-01,0.20058201730864236,0.9039723821915181,-0.34571431019425336,bull
2019-05-02,0.1985094124277977,0.9045066794828388,-0.3569944267438519,bull
2019-05-03,0.20295784201336958,0.9044628466170528,-0.33958996415128134,bull
2019-05-06,0.1996462364776088,0.9033066637274871,-0.3448949950838253,bull
2019-05-07,0.23117190768282403,0.9059899517197161,-0.29022159963056443,bull
2019-05-08,0.23248649604541627,0.9089041120712914,-0.28478939096399497,bull
2019-05-09,0.2208545769226994,0.9067097766491236,-0.280914325354517,bull
2019-05-10,0.2208695628897606,0.907419974754364,-0.28224509709189893,bull
2019-05-13,0.25762109123427374,0.9095254322308193,-0.328333072442222,bull
2019-05-14,0.2542505233884847,0.8963864552356807,-0.3708125513671935,bull
2019-05-15,0.25570001972432194,0.8990238507772118,-0.36997036411752654,bull
2019-05-16,0.2642321233024613,0.8983712378973545,-0.3427837082845876,bull
2019-05-17,0.2677926638817135,0.9006299290404773,-0.34572011765012844,bull
2019-05-20,0.26594776747710147,0.8990985420942162,-0.3408568274755291,bull
2019-05-21,0.26821007828021765,0.8964441092305816,-0.34286122519193124,bull
2019-05-22,0.2655203126384553,0.9025817147661936,-0.3467896691726644,bull
2019-05-23,0.2695386705989814,0.9057118128633977,-0.36060125704994245,bull
2019-05-24,0.26952366275032336,0.9047787626584208,-0.3589127796774513,bull
2019-05-28,0.2724225063842938,0.9109961712320691,-0.32945686920268236,bull
2019-05-29,0.276020760047063,0.9123558472646633,-0.30846298939521766,bull
2019-05-30,0.27545664511555085,0.9123540791820007,-0.30384276507416635,bull
2019-05-31,0.2846716287936387,0.9073397754156146,-0.31121967022767605,bull
2019-06-03,0.270199710381531,0.906302742962722,-0.30547311957144585,bull
2019-06-04,0.29427214606745417,0.9148050345683508,-0.2988541817636282,bull
2019-06-05,0.291238849975017,0.913526261885519,-0.2793005406184288,bull
2019-06-06,0.29640397526960605,0.9144751020604351,-0.27762780658069336,bull
2019-06-07,0.29574823151997626,0.9115421401825831,-0.2618756941800808,bull
2019-06-10,0.2928409903658602,0.9124086925291367,-0.27203555403240137,bull
2019-06-11,0.29341449520970075,0.9186891960027807,-0.2763324906672971,bull
2019-06-12,0.29293365209652256,0.9218158408732549,-0.28768431746680795,bull
2019-06-13,0.2938669399113296,0.9216077620658223,-0.29660273607855564,bull
2019-06-14,0.29711382982780343,0.918429328640628,-0.294190671653322,bull
2019-06-17,0.2928278432557651,0.9265222924121865,-0.3531536058445611,bull
2019-06-18,0.27614249574013155,0.9222259876277792,-0.34657042846614994,bull
2019-06-19,0.2757441865447976,0.9205291147419555,-0.3541097352290788,bull
2019-06-20,0.27449549198757384,0.9192306664677012,-0.34824885244852727,bull
2019-06-21,0.2708425270697818,0.9148249565110377,-0.3498447006537884,bull
2019-06-24,0.26897141655713697,0.9146416369496166,-0.3515777157454111,bull
2019-06-25,0.2695434256184703,0.915086808743465,-0.34794970120444013,bull
2019-06-26,0.2609961949206354,0.9107901566273862,-0.38709554329263546,bull
2019-06-27,0.26166582565579777,0.9086751838366565,-0.36536689371883574,bull
2019-06-28,0.262752614124145,0.9014006613596323,-0.36443347963269634,bull
2019-07-01,0.26787644715045184,0.9020865409004326,-0.3706062642503507,bull
2019-07-02,0.2665768176322801,0.8989857109170649,-0.40179510927639295,bull
2019-07-03,0.27087864449805993,0.8990426187064751,-0.39790654216239757,bull
2019-07-05,0.2680784872219487,0.8984246212919895,-0.38809701418678966,bull
2019-07-08,0.2681173167338545,0.8973879203046673,-0.38320763884225084,bull
2019-07-09,0.2686241966772594,0.900232877002764,-0.38521086246518327,bull
2019-07-10,0.2768551758373439,0.8922464267385545,-0.37240554795441044,bull
2019-07-11,0.2728028783503621,0.9022424588738321,-0.35711709442719264,bull
2019-07-12,0.2728831031875901,0.9069646531765835,-0.34902502428468796,bull
2019-07-15,0.27819180157279394,0.9315938904197982,-0.34932305177807815,bull
2019-07-16,0.28167321935695794,0.9161910782463552,-0.34943902087252054,bull
2019-07-17,0.28274705947327755,0.8974455066573829,-0.33863615352363813,bull
2019-07-18,0.2799298537678419,0.8978849639459128,-0.3268572656636172,bull
2019-07-19,0.2811772127940444,0.9032973137466266,-0.30844957857687233,bull
2019-07-22,0.2886992250967878,0.9038896151560984,-0.3130661458257969,bull
2019-07-23,0.29818029360015175,0.9033976880023888,-0.3225595938395261,bull
2019-07-24,0.2929008589923619,0.9013985041086021,-0.2988899510895424,bull
2019-07-25,0.2983024726353523,0.9025957277886918,-0.3278360070792781,bull
2019-07-26,0.2949976654805851,0.8994495730208886,-0.34501283622015855,bull
2019-07-29,0.2932472559316077,0.9017123711816929,-0.3623994040190231,bull
2019-07-30,0.2858627382707564,0.8998266115437091,-0.3586833289811249,bull
2019-07-31,0.29403987857841163,0.8982792468445226,-0.36390529845018027,bull
2019-08-01,0.2786818009489184,0.906275942652964,-0.42826353480004115,bull
2019-08-02,0.27872401066966135,0.9079596932734576,-0.4568775004756713,bull
2019-08-05,0.32635612004767023,0.9177255405117777,-0.3866480412720407,bull
2019-08-06,0.3344498430828365,0.9202401933829836,-0.3831436834963518,bull
2019-08-07,0.31004981941320864,0.9073542530167525,-0.34013423188337216,bull
2019-08-08,0.3244328674297372,0.9043947416855576,-0.32290026928804977,bull
2019-08-09,0.32532252784246546,0.9021938895599884,-0.32772822657008543,bull
2019-08-12,0.3306223511544045,0.9069804124414961,-0.30139882228721787,bull
2019-08-13,0.33715173743490134,0.9070477262432534,-0.2805913097056689,bull
2019-08-14,0.37954004598853297,0.9127671092692825,-0.2520654594777392,bull
2019-08-15,0.37183154542704383,0.9108231157715749,-0.24331244802281862,bull
2019-08-16,0.38213588016121436,0.9105216235117627,-0.22998128386645347,bull
2019-08-19,0.3877147094941029,0.9085123341593362,-0.21663924091978734,bull
2019-08-20,0.3880673927778025,0.9092516998316119,-0.21484144911414282,bull
2019-08-21,0.39018655646310396,0.9074338736339785,-0.2235215087839854,bull
2019-08-22,0.3866585055362068,0.9084138694797275,-0.2294736567919907,bull
2019-08-23,0.4089956012593757,0.9116048555983419,-0.21801371640541786,lateral
2019-08-26,0.40693104769977423,0.9123206935760537,-0.21481987287600252,lateral
2019-08-27,0.4206269855877836,0.9131930291282968,-0.21994974649141694,lateral
2019-08-28,0.40839327166923994,0.906139602607945,-0.22894727426405964,lateral
2019-08-29,0.41372981201390474,0.9072481736827323,-0.27766144881105237,lateral
2019-08-30,0.4127292531873553,0.9075801244921254,-0.2898117262582594,lateral
2019-09-03,0.40919506089933344,0.9079093095136531,-0.3095023534615754,lateral
2019-09-04,0.4143427674974539,0.9090751985172297,-0.31570646314090683,lateral
2019-09-05,0.41549493251656816,0.9134755606542808,-0.3592363383963415,lateral
2019-09-06,0.41817623614519306,0.9061015247941898,-0.3626301300379505,lateral
2019-09-09,0.4129630749751814,0.911145812582382,-0.35788762478812475,lateral
2019-09-10,0.40798294391069645,0.9103604548148299,-0.3755799706294689,lateral
2019-09-11,0.4122586052751347,0.9104644758353114,-0.35281727452808637,lateral
2019-09-12,0.41041274688699153,0.9106392820876562,-0.34585560970086415,lateral
2019-09-13,0.409116347404875,0.910770704586592,-0.3577652921952677,lateral
2019-09-16,0.40684120475945396,0.9086575659751535,-0.3606181491305282,lateral
2019-09-17,0.4074315677881648,0.908952565816029,-0.3648217766001652,lateral
2019-09-18,0.40892600801312484,0.9116006735801669,-0.3690096742518088,lateral
2019-09-19,0.4092007410861393,0.9115830473287901,-0.38004352710964595,lateral
2019-09-20,0.41411897073547443,0.9124089959743346,-0.3726580872933871,lateral
2019-09-23,0.41464852478839787,0.9118201962861932,-0.37635464811663627,lateral
2019-09-24,0.4183200373254811,0.9234143962814007,-0.3908727458076654,lateral
2019-09-25,0.4155109085184521,0.9252606601388398,-0.3886228798909733,lateral
2019-09-26,0.41294591045778095,0.9257372007849839,-0.38914707095730133,lateral
2019-09-27,0.4089289194620038,0.9261660472857899,-0.3896876464306793,lateral
2019-09-30,0.4088228633299852,0.9256937856256613,-0.3899286877866576,lateral
2019-10-01,0.4134931497730611,0.9268816541532181,-0.3595314042017346,lateral
2019-10-02,0.42496401003022743,0.9284257068524545,-0.3257381306541001,lateral
2019-10-03,0.4259505826671738,0.9270309111759557,-0.32137094063703703,lateral
2019-10-04,0.44344190032918857,0.9259587205186551,-0.3069131639046864,lateral
2019-10-07,0.44933202948681483,0.9253722876387039,-0.28048960566488573,lateral
2019-10-08,0.45611537178353767,0.9254617422566578,-0.25175336874975585,lateral
2019-10-09,0.4597284372783681,0.9304761169845214,-0.22946042199090144,lateral
2019-10-10,0.46189164948384415,0.9411891889829413,-0.23214272601044292,lateral
2019-10-11,0.46533735238004575,0.9418470873571775,-0.2672263229140656,lateral
2019-10-14,0.4674692002476629,0.9436634592914086,-0.24972140079062236,lateral
2019-10-15,0.46660236239622405,0.939942483902829,-0.263135340419799,lateral
2019-10-16,0.4681785536644481,0.9367994069031353,-0.24820881715829837,lateral
2019-10-17,0.47692551936847055,0.9319989269807879,-0.20541152108796817,lateral
2019-10-18,0.47440035975160505,0.9315512231187761,-0.1826375872552067,lateral
2019-10-21,0.48105537789313774,0.9347978679941487,-0.17651480383342946,lateral
2019-10-22,0.478786224211874,0.9344937700697449,-0.1708025450633723,lateral
2019-10-23,0.48266343694993236,0.9403273486141595,-0.19048189308178073,lateral
2019-10-24,0.472202560701168,0.9427774603073725,-0.21226481759923066,lateral
2019-10-25,0.46499599989668877,0.9397026802868785,-0.18424371688572927,lateral
2019-10-28,0.4596536308053771,0.9398717536314377,-0.17411096629157394,lateral
2019-10-29,0.4214389481698101,0.9334775235917676,-0.2367793484353968,lateral
2019-10-30,0.4155845157356982,0.9327163574508461,-0.2509678215661679,lateral
2019-10-31,0.41655208618625744,0.9320941506970554,-0.2629397987470582,lateral
2019-11-01,0.40239873353807065,0.9303192789584334,-0.31402359982007544,lateral
2019-11-04,0.39312583885527963,0.9273280155982001,-0.32023950930720657,bull
2019-11-05,0.38331022284472177,0.9200192377995647,-0.32850347457001716,bull
2019-11-06,0.37655549833334334,0.9263392056539712,-0.3301950296628923,bull
2019-11-07,0.3256921490699125,0.9076198158791873,-0.37794469291754046,bull
2019-11-08,0.3314927857526033,0.911681813008995,-0.3782224361312334,bull
2019-11-11,0.32397884870960547,0.9073907380689059,-0.3779604007819398,bull
2019-11-12,0.31653385218735547,0.906940589320876,-0.38803123985937993,bull
2019-11-13,0.3116702894980537,0.9051408962513208,-0.3934267070545448,bull
2019-11-14,0.3084037704793588,0.9056776228675185,-0.39720351336607024,bull
2019-11-15,0.30855740158909173,0.9055007241424876,-0.39613133305405107,bull
2019-11-18,0.26321243649795467,0.8929692010744206,-0.41760747366455475,bull
2019-11-19,0.2508897195254084,0.8930805259862938,-0.43910397607428175,bull
2019-11-20,0.2504524439418913,0.8918804517336382,-0.4487400176203056,bull
2019-11-21,0.24731747365003742,0.8911645957237757,-0.4426743911726086,bull
2019-11-22,0.2364341305921721,0.890447518780153,-0.4541912121988646,bull
2019-11-25,0.23746160509855516,0.8901434355256781,-0.4593525656921725,bull
2019-11-26,0.2361954707057357,0.8851940278780207,-0.40163424355465493,bull
2019-11-27,0.23380253836786785,0.8837974559928172,-0.3940776342370124,bull
2019-11-29,0.22975605187115045,0.8767526505551199,-0.3453503177400789,bull
2019-12-02,0.23595234477146076,0.8885480808531575,-0.30962116182933325,bull
2019-12-03,0.2447999909211837,0.8835980976182034,-0.31890522944379185,bull
2019-12-04,0.25009510053951256,0.8802659730152611,-0.2998795937280392,bull
2019-12-05,0.24688676512841726,0.8802150035737,-0.323278676683608,bull
2019-12-06,0.25166661365419074,0.8830353835710538,-0.32316732836063333,bull
2019-12-09,0.2549272087408639,0.8804351365240982,-0.31043936502578795,bull
2019-12-10,0.2542956072820978,0.8846392573969096,-0.31238256455241925,bull
2019-12-11,0.25440605242156994,0.8810576156539301,-0.2995311105041338,bull
2019-12-12,0.25556804423342305,0.8971269225176393,-0.30697392652679395,bull
2019-12-13,0.25474127880892955,0.8977481564572765,-0.31383493316456346,bull
2019-12-16,0.25684975359895246,0.8968448581252465,-0.31278594982046964,bull
2019-12-17,0.25698612526641557,0.8967315991141988,-0.31271413420488514,bull
2019-12-18,0.24820540694347346,0.8927580841784205,-0.2880634465223538,bull
2019-12-19,0.24957935404622178,0.8944198044180743,-0.28734456962661326,bull
2019-12-20,0.25113886206992886,0.8946023849346081,-0.2673189706103187,bull
2019-12-23,0.25078255823266005,0.8920450299436086,-0.2672632632101244,bull
2019-12-24,0.2525696105998588,0.8936720643081277,-0.2701966225980068,bull
2019-12-26,0.2378212131722721,0.8857471173774834,-0.3019547656162074,bull
2019-12-27,0.1978856317782918,0.8717187088007634,-0.35549795691417874,bull
2019-12-30,0.20628960551177858,0.8724032405420465,-0.34561299274299323,bull
2019-12-31,0.19184649228680034,0.864918551885698,-0.3930377634293214,bull
2020-01-02,0.19183036486294416,0.8657190057523758,-0.41212085695547473,bull
2020-01-03,0.17517072403643538,0.8539212340549251,-0.5164828275848924,bull
2020-01-06,0.1690112112924603,0.8541694023405696,-0.5450307709492387,bull
2020-01-07,0.1710962518023044,0.8468445373151068,-0.5312008776397756,bull
2020-01-08,0.16352273749348079,0.8425736737560908,-0.516779913977521,bull
2020-01-09,0.16733648773486737,0.8440444507780098,-0.514396922660194,bull
2020-01-10,0.16165418499017997,0.8448629323582513,-0.502107333911576,bull
2020-01-13,0.1661572599565753,0.8721519885085767,-0.5144956822274415,bull
2020-01-14,0.16541220461175646,0.8718424625858296,-0.5094521124243504,bull
2020-01-15,0.1614400224828946,0.8807825382674291,-0.5377110386118452,bull
2020-01-16,0.16050995038012705,0.8709001501740339,-0.5574433405684663,bull
2020-01-17,0.16175282673240143,0.866796386396105,-0.5800989240786327,bull
2020-01-21,0.1644228023171257,0.8726256747035807,-0.5944340340976373,bull
2020-01-22,0.16619107486416906,0.8707797373847851,-0.5841175458805371,bull
2020-01-23,0.16796987024931506,0.8676387475073191,-0.5764568001561038,bull
2020-01-24,0.16988325403171226,0.8713279937211562,-0.6029200830366324,bull
2020-01-27,0.19119873388337505,0.8715592366296454,-0.6087531000491849,bull
2020-01-28,0.1916611987976446,0.8741886064238845,-0.6020135816334415,bull
2020-01-29,0.18879865019708802,0.8718432515791784,-0.5856752385374786,bull
2020-01-30,0.1814354673764297,0.8711086212239191,-0.5138454050937332,bull
2020-01-31,0.22788308236779758,0.883444051131225,-0.4098155353700202,bull
2020-02-03,0.22721120129475,0.8921942771546266,-0.39118450288219864,bull
2020-02-04,0.2403266206341683,0.895076244125112,-0.4180132803425535,bull
2020-02-05,0.24023410367630316,0.8924240306931331,-0.3365783732695987,bull
2020-02-06,0.24036149994097752,0.892622144134971,-0.34553760224898256,bull
2020-02-07,0.23790119009082186,0.8924814066713082,-0.3423545857914395,bull
2020-02-10,0.2394807815690042,0.8929242794268439,-0.347117348884766,bull
2020-02-11,0.23779139968962482,0.8924347089248723,-0.3535145442268817,bull
2020-02-12,0.23499119235741475,0.8917800328945322,-0.3586158720087682,bull
2020-02-13,0.23511550111244853,0.8912014607557209,-0.36126373734915385,bull
2020-02-14,0.23477378915944536,0.8954336771401613,-0.3654257217798949,bull
2020-02-18,0.23637644581844702,0.899032305110177,-0.3747413313039899,bull
2020-02-19,0.2348978295854372,0.9001581055046856,-0.35300668124560863,bull
2020-02-20,0.23567026591364243,0.8994336611365761,-0.3513452197237746,bull
2020-02-21,0.24180067267511277,0.9021956756659999,-0.35813433743094386,bull
2020-02-24,0.34087694507094296,0.9028772839901696,-0.20474704100966865,bull
2020-02-25,0.3901695526734054,0.9249992089646142,-0.14291588215621237,bull
2020-02-26,0.38803035360283816,0.9130608152833026,-0.12168344607688907,bull
2020-02-27,0.4812410174796161,0.9269149545349261,0.02624287117940001,lateral
2020-02-28,0.4654341834565356,0.9082270817458058,0.029505077267444526,lateral
2020-03-02,0.5245485807587031,0.907814895916393,0.07580457498706716,lateral
2020-03-03,0.537584013396959,0.9142964548003164,0.07784281821504235,lateral
2020-03-04,0.5739305095083033,0.9171418228844174,0.06248961554993078,lateral
2020-03-05,0.5904625451737925,0.9254403586367491,0.08143535071148202,lateral
2020-03-06,0.586517467707229,0.926527511789651,0.07100074370213934,lateral
2020-03-09,0.6442362310065236,0.9629168787398358,0.21240443930354946,lateral
2020-03-10,0.6586626272643451,0.967876368822755,0.2381597307526191,bear
2020-03-11,0.6706239981758662,0.9669656272127132,0.24464638568597705,bear
2020-03-12,0.729540869326284,0.9706694730146725,0.262881690623682,bear
2020-03-13,0.751917859588239,0.9802650898819559,0.19804743546309242,bear
2020-03-16,0.7892248885481626,0.9847312710576366,0.3129508823364508,bear
2020-03-17,0.783608946294146,0.9848861730934424,0.25167695269701884,bear
2020-03-18,0.7670887531266704,0.9719859898573591,0.1979936841202726,bear
2020-03-19,0.7473720690905425,0.9720964810810329,0.15406442190320305,bear
2020-03-20,0.741955345706756,0.9619561707350867,0.15011126218168436,bear
2020-03-23,0.7260949384138795,0.9604095257158329,0.14859698126838897,bear
2020-03-24,0.7402767276031733,0.9619196648083053,0.18188030060551613,bear
2020-03-25,0.727028452489723,0.9584806587553288,0.17567592762176323,bear
2020-03-26,0.7334435499963916,0.9600419732754435,0.16075935000281966,bear
2020-03-27,0.732247179541422,0.9584381033820214,0.16393506056473509,bear
2020-03-30,0.7317724490324241,0.9584717056133663,0.16093816823401566,bear
2020-03-31,0.7286489734946444,0.9587699124786949,0.14851591247818688,bear
2020-04-01,0.7306516797353889,0.9596432507838802,0.15388906771525432,bear
2020-04-02,0.7296353289164876,0.9605700602653983,0.13843729673628064,bear
2020-04-03,0.7282765216203703,0.9605224455503714,0.1339585123099652,bear
2020-04-06,0.7358847907677747,0.9616928273701483,0.15880445810830293,bear
2020-04-07,0.732924034496453,0.9607095147877581,0.14880466636562634,bear
2020-04-08,0.7338534714949814,0.9606719893452529,0.14264248168360968,bear
2020-04-09,0.7310871307971833,0.9594132546037398,0.1418530544325503,bear
2020-04-13,0.7250348238844472,0.9594561433124384,0.14114031375970382,bear
2020-04-14,0.7244234955929729,0.9583199022420459,0.15511075574181457,bear
2020-04-15,0.7230254757699434,0.9585476661816348,0.15352758098073307,bear
2020-04-16,0.7210718829843604,0.9586812809727073,0.15887553702998333,bear
2020-04-17,0.7180878296902214,0.9603841575380405,0.15915870843927607,bear
2020-04-20,0.7182359385788094,0.9605790045817179,0.16004458067514787,bear
2020-04-21,0.7193238620654739,0.9607429941584492,0.16021092983539428,bear
2020-04-22,0.7189519792864423,0.9610451848116099,0.14824093964823887,bear
2020-04-23,0.7186684985967556,0.961067654646094,0.14228756253347769,bear
2020-04-24,0.7192220006495178,0.9612209447454729,0.14282426832841758,bear
2020-04-27,0.7209481843400838,0.961404332673446,0.18886542064022419,bear
2020-04-28,0.7206659963784564,0.9613118169969095,0.1915931794781511,bear
2020-04-29,0.7181083735411378,0.9614352276564839,0.19278336245500868,bear
2020-04-30,0.7160679949140057,0.9613266090204687,0.1931730300149712,bear
2020-05-01,0.718428811354171,0.9613363175742843,0.20858971801155438,bear
2020-05-04,0.717230985564449,0.9612487794565915,0.21019515349068477,bear
2020-05-05,0.7181328917970428,0.961009016901445,0.2105199357507953,bear
2020-05-06,0.7180829936893048,0.9609248301090026,0.21146821103692798,bear
2020-05-07,0.7169095021381189,0.9607461562251499,0.2115503107129469,bear
2020-05-08,0.7178511197120784,0.9604897100105552,0.21338765559315456,bear
2020-05-11,0.716178391266925,0.9603437783973144,0.2099710362132364,bear
2020-05-12,0.7158826096436295,0.9604478761438575,0.2100910459682935,bear
2020-05-13,0.7150358130382001,0.960447137903961,0.20535672297300975,bear
2020-05-14,0.7152973174088482,0.9607755803277831,0.2150288330098871,bear
2020-05-15,0.714902705047005,0.9606852508410387,0.21401088574313926,bear
2020-05-18,0.7147102959537005,0.9611770027888634,0.21522170473315388,bear
2020-05-19,0.7123672319406698,0.9616815849301081,0.20703909111996371,bear
2020-05-20,0.7100175671262269,0.9616151623478656,0.20296868784120015,bear
2020-05-21,0.7096886929090552,0.962046036564278,0.20130266454192103,bear
2020-05-22,0.7053175063445906,0.9617993401102458,0.17767488471489654,bear
2020-05-26,0.7035646382392298,0.9638221688390546,0.1748721617602836,bear
2020-05-27,0.6983069719053534,0.9649325245509451,0.12717075013271115,bear
2020-05-28,0.6959453058178069,0.9635121352659733,0.12676391095529338,bear
2020-05-29,0.6921008063850531,0.9635149132635858,0.12707904754944344,bear
2020-06-01,0.68742179928228,0.9631093290593815,0.12278426373531917,bear
2020-06-02,0.6880704559736431,0.9631948557921527,0.12587881213420765,bear
2020-06-03,0.675178904371448,0.9587899147439686,0.1176668970265636,bear
2020-06-04,0.6701329147323647,0.9573921539218738,0.10818152113948744,bear
2020-06-05,0.6653370185718653,0.9575747944690276,0.1020996025516994,bear
2020-06-08,0.632613464502867,0.9554178210846794,0.00787397111857472,lateral
2020-06-09,0.6111798615001934,0.947687779655846,-0.012723092467191395,lateral
2020-06-10,0.5341198390949167,0.9362838172889473,-0.18541295722073087,lateral
2020-06-11,0.5506001454367055,0.938861971412066,-0.14198330031737857,lateral
2020-06-12,0.5493872895482897,0.9525723663788541,-0.10736215234580204,lateral
2020-06-15,0.5636912439496831,0.9525349753370537,-0.12190569945559285,lateral
2020-06-16,0.5523994343984628,0.9598974046138841,-0.14798896180476168,lateral
2020-06-17,0.5653179078114698,0.9603974644603493,-0.1488520964363691,lateral
2020-06-18,0.5202495160485955,0.9567818251693585,-0.16884414438168086,lateral
2020-06-19,0.5357905369152265,0.9615143363964413,-0.038953731825014326,lateral
2020-06-22,0.5080560963340712,0.9585824865844045,-0.04282828803095823,lateral
2020-06-23,0.5004609344006561,0.9608936333927058,-0.050115225826988484,lateral
2020-06-24,0.5036450654403792,0.9617244337414843,0.0006848493192919254,lateral
2020-06-25,0.5058470424844279,0.9616351034056463,-0.02261254658442021,lateral
2020-06-26,0.4914046432426319,0.9611679267723879,0.002012371990090324,lateral
2020-06-29,0.4909388261588107,0.9605205256230424,-0.028658962542175054,lateral
2020-06-30,0.49267592945029354,0.960340473315372,-0.02004864198239137,lateral
2020-07-01,0.4424264246514534,0.9580026350026708,-0.2017180680947704,lateral
2020-07-02,0.44623412585016853,0.9596340173279879,-0.16658988268427638,lateral
2020-07-06,0.43798373490674086,0.9587406454111675,-0.1687389396769583,lateral
2020-07-07,0.4420733285534086,0.96514322490284,-0.21220007309612676,lateral
2020-07-08,0.45292364417883646,0.9650002554485722,-0.18855633146459638,lateral
2020-07-09,0.44342337921818986,0.9677007611477194,-0.18457715848116168,lateral
2020-07-10,0.44300153071711385,0.9674154711304633,-0.16881448225024426,lateral
2020-07-13,0.4434612086085348,0.9667873409983354,-0.13836756283063698,lateral
2020-07-14,0.4468530199724138,0.9646224331287392,-0.1300719264873924,lateral
2020-07-15,0.440681080613672,0.9646641459488194,-0.15692054332854402,lateral
2020-07-16,0.4242770333420177,0.9578827885423826,-0.1643925148144688,lateral
2020-07-17,0.42002172940301724,0.9581211838013228,-0.17041731006752853,lateral
2020-07-20,0.418065663773767,0.9535375454537186,-0.1757764059922183,lateral
2020-07-21,0.4137122083732929,0.9533752359544544,-0.17207721184939875,lateral
2020-07-22,0.41238792940078073,0.9517932732770924,-0.16667093714798217,lateral
2020-07-23,0.4141632054970811,0.9520784846923963,-0.16394999421649517,lateral
2020-07-24,0.40873892745514423,0.9515392466315891,-0.10906652950179337,lateral
2020-07-27,0.41044478285226504,0.9507065697766475,-0.11943987483858544,lateral
2020-07-28,0.39607234432771615,0.9502839055059364,-0.15802857286107047,bull
2020-07-29,0.39863106924171676,0.9508127663658411,-0.19346835476542854,bull
2020-07-30,0.38809600142835043,0.9504755848476608,-0.18975253512690152,bull
2020-07-31,0.3782520678159781,0.950445508050716,-0.18762447495283588,bull
2020-08-03,0.37841040930788183,0.9500615572282499,-0.18760693462465688,bull
2020-08-04,0.3725059550033003,0.950310850435001,-0.17938272505445535,bull
2020-08-05,0.37637205102856786,0.9495750983954272,-0.16687151511791973,bull
2020-08-06,0.36911234290429196,0.9487609345268676,-0.18561495357347682,bull
2020-08-07,0.36682019014144407,0.947655077480582,-0.18726218207209708,bull
2020-08-10,0.36294102685390445,0.9469843374147703,-0.2179348997141406,bull
2020-08-11,0.36755265488850297,0.9434289830746184,-0.19283426210676322,bull
2020-08-12,0.3625061153367518,0.9403982874919994,-0.16671302425846116,bull
2020-08-13,0.3602005245866168,0.9397717962623059,-0.16765257673842188,bull
2020-08-14,0.359794938492532,0.9387664293921479,-0.17933151750643814,bull
2020-08-17,0.35610297234432225,0.9405741338675869,-0.20467980322533852,bull
2020-08-18,0.35508012277515594,0.9407390656914624,-0.20257202511899136,bull
2020-08-19,0.36355522536116597,0.9356221504639672,-0.19718530954257318,bull
2020-08-20,0.3657567557434277,0.9316592155817256,-0.17613230907973135,bull
2020-08-21,0.37095130110133046,0.9359442605277551,-0.1883962520837725,bull
2020-08-24,0.37442968084361944,0.9356898733726325,-0.20219801441638235,bull
2020-08-25,0.3780017117200318,0.9351544913685741,-0.19898988418743577,bull
2020-08-26,0.3680001965520604,0.935769407605392,-0.19893374670797412,bull
2020-08-27,0.36824521393616005,0.9317434956370275,-0.1983836300072353,bull
2020-08-28,0.3733190170162816,0.9320228368782091,-0.18999786533417767,bull
2020-08-31,0.3660899489121497,0.9284462992795918,-0.1774161873474095,bull
2020-09-01,0.36162116798182664,0.9282013287441376,-0.17875400881850412,bull
2020-09-02,0.36510194417358544,0.9316298901716754,-0.1879100480067553,bull
2020-09-03,0.39104562727935865,0.9284246888628119,-0.13457078280679227,bull
2020-09-04,0.27865195123327696,0.9030424262229126,-0.2389005540593796,bull
2020-09-08,0.30538312957917624,0.9057179162112462,-0.21894202888013226,bull
2020-09-09,0.3144757919605269,0.9035066694013522,-0.2124487388737716,bull
2020-09-10,0.32128765578661445,0.9076722566514319,-0.21003107201711912,bull
2020-09-11,0.31988683503435755,0.9054253967725542,-0.20836955357127368,bull
2020-09-14,0.3221058647406383,0.9064698107857728,-0.2075326027064202,bull
2020-09-15,0.32009465966679895,0.9121405021050654,-0.2080142051148004,bull
2020-09-16,0.31773148733639694,0.9132063938057206,-0.21024717652889152,bull
2020-09-17,0.31962416998494025,0.9139612749167959,-0.2094010862344421,bull
2020-09-18,0.29890035927872627,0.9089032369647271,-0.22398748296914625,bull
2020-09-21,0.29929969860953665,0.9075243809279813,-0.24223480550759136,bull
2020-09-22,0.2675197381689973,0.8895660262200663,-0.24375462902809025,bull
2020-09-23,0.27324588359719104,0.8898511359907013,-0.24499211692790526,bull
2020-09-24,0.2659316420178955,0.8886941971462613,-0.24669572906331164,bull
2020-09-25,0.2723831303164369,0.8908199659441659,-0.22468177336343959,bull
2020-09-28,0.2765809804226234,0.8941774741378008,-0.22621970078303508,bull
2020-09-29,0.27125241711897224,0.8947262776320453,-0.2263378455401739,bull
2020-09-30,0.272215043665577,0.8908189710837198,-0.23595439783996405,bull
2020-10-01,0.2697980579952582,0.8906434146931868,-0.22752418755141507,bull
2020-10-02,0.26871955945228065,0.8898910646999765,-0.23786275853868089,bull
2020-10-05,0.2767574388639531,0.8733268955245089,-0.23615336356746702,bull
2020-10-06,0.28771726635120537,0.8751152053316656,-0.23637538052535037,bull
2020-10-07,0.2916813793738538,0.8793285021096074,-0.1899906023701391,bull
2020-10-08,0.29469721104326435,0.8780456008917457,-0.21007376229835725,bull
2020-10-09,0.29567618559765296,0.8995183091875796,-0.2101288220005407,bull
2020-10-12,0.3012290266342579,0.9000721555730827,-0.2089861507962104,bull
2020-10-13,0.3039595596552928,0.9149514232569621,-0.19739505851973776,bull
2020-10-14,0.3092380464236807,0.8584417315853279,-0.1888230402486528,bull
2020-10-15,0.31255527094579094,0.8603207046758369,-0.2051892777374103,bull
2020-10-16,0.3084087901006504,0.8600914718475244,-0.21352191094374615,bull
2020-10-19,0.3289839015342018,0.8625424087259589,-0.19696631456433208,bull
2020-10-20,0.33061291304775753,0.8606289705619404,-0.18049888556541496,bull
2020-10-21,0.3347198231188228,0.8597093130519693,-0.19474448004585762,bull
2020-10-22,0.33509211522314186,0.8639849018750312,-0.19519594972880344,bull
2020-10-23,0.3378093514033377,0.8633397155625017,-0.19513017275743347,bull
2020-10-26,0.3562345379381539,0.8628745866601636,-0.1898011827249429,bull
2020-10-27,0.3564384045315259,0.8694434300163529,-0.19206720849649,bull
2020-10-28,0.39627122465865405,0.8682642847161168,-0.13789963171307262,bull
2020-10-29,0.39570725063555817,0.8664763045339692,-0.13789858504795,bull
2020-10-30,0.38952197706761066,0.8672696882058033,-0.1086019058460289,bull
2020-11-02,0.399124213860045,0.866290596654709,-0.09615614667106193,bull
2020-11-03,0.40852383013705923,0.8688216389338307,-0.07911280451113399,lateral
2020-11-04,0.39289004761542917,0.8801210187125459,-0.07762440468901972,bull
2020-11-05,0.3929621361248696,0.8888547938737936,-0.10164592343675216,bull
2020-11-06,0.3910030431349735,0.8897798423543892,-0.09736815441302564,bull
2020-11-09,0.34397020887322644,0.9381871065392522,-0.1371170082612329,bull
2020-11-10,0.34083914849338093,0.9379856830714752,-0.13527515430609388,bull
2020-11-11,0.3392944834078754,0.9375375253616719,-0.1480180839207658,bull
2020-11-12,0.34121825379999615,0.9372889125598958,-0.14844251545868256,bull
2020-11-13,0.3452669995162586,0.9364609186356564,-0.12415591356771981,bull
2020-11-16,0.34353111867534714,0.9367276592962599,-0.13730015620056746,bull
2020-11-17,0.34079652318703135,0.9341380465739904,-0.14351665201007655,bull
2020-11-18,0.34314805143315236,0.933985669110119,-0.13546852975875862,bull
2020-11-19,0.3529599468231646,0.9334480460971103,-0.12544143422808282,bull
2020-11-20,0.35523162877822095,0.9347429981479931,-0.12249355938676201,bull
2020-11-23,0.35379899145064664,0.9355067751641563,-0.12868517159898238,bull
2020-11-24,0.3593342845326608,0.9380999957618796,-0.13477329573880098,bull
2020-11-25,0.3637431962185879,0.9356438970617432,-0.13458337591303904,bull
2020-11-27,0.3614115754481035,0.9349896572674512,-0.15034484603619533,bull
2020-11-30,0.3366222285860502,0.9375365262432686,-0.15591675190046475,bull
2020-12-01,0.3388017330436598,0.9372794753061956,-0.15327955381472724,bull
2020-12-02,0.3143812826514946,0.9393106237962224,-0.17808430374369433,bull
2020-12-03,0.30627627241373423,0.9418525467803083,-0.1807522370627347,bull
2020-12-04,0.29475954616930383,0.942246627128512,-0.18884185647103088,bull
2020-12-07,0.29468244076717626,0.9419314477919386,-0.19247352333444834,bull
2020-12-08,0.29219363387632236,0.9374582356033895,-0.20137173337121386,bull
2020-12-09,0.29350787459333744,0.9352458102596407,-0.18823027786716498,bull
2020-12-10,0.2955614081014272,0.9318677712420467,-0.19098196537141252,bull
2020-12-11,0.29340665234268815,0.9315514898957359,-0.1969482097764578,bull
2020-12-14,0.29299858797699946,0.9336077323152606,-0.1901761285072715,bull
2020-12-15,0.29391518631801133,0.9297749819515545,-0.20450444183634345,bull
2020-12-16,0.29541898324564303,0.9297565324803541,-0.20639585549198491,bull
2020-12-17,0.2867346523775396,0.9270673027398896,-0.23294207475666487,bull
2020-12-18,0.28917933072454116,0.9275943241509441,-0.23574160829695942,bull
2020-12-21,0.2789317042341938,0.9296427615333284,-0.23255499364817075,bull
2020-12-22,0.2750369641351394,0.9297199018006548,-0.24100773162997735,bull
2020-12-23,0.27381672005620106,0.9304927005287716,-0.24468143503244197,bull
2020-12-24,0.2728872766891957,0.9306049742862642,-0.24570729270926847,bull
2020-12-28,0.275241122333907,0.9311055379089241,-0.24310667347239315,bull
2020-12-29,0.27430921381390416,0.9314615584869897,-0.24378082148061103,bull
2020-12-30,0.265680382040192,0.9312473839738241,-0.25728642577438854,bull
2020-12-31,0.260055089416831,0.9309542236252848,-0.284130779942299,bull
2021-01-04,0.2546365055277287,0.9326554058073979,-0.30791625685914176,bull
2021-01-05,0.2533058007071047,0.9377804050788633,-0.30494757340485934,bull
2021-01-06,0.2456199336399108,0.9372231933394289,-0.35436903565207734,bull
2021-01-07,0.24589622497623345,0.938382252909993,-0.41185746830018827,bull
2021-01-08,0.24697125177397786,0.9381343026075131,-0.41206073746081023,bull
2021-01-11,0.2407038490530255,0.9595543987022827,-0.4031821429793134,bull
2021-01-12,0.23869159087887779,0.9600390153212727,-0.39834169883347065,bull
2021-01-13,0.23783195733761944,0.9599871435849798,-0.3932651901704848,bull
2021-01-14,0.2238929698266718,0.9582582736338212,-0.40643915834129896,bull
2021-01-15,0.22490124839179806,0.9597172271987493,-0.40045375611320433,bull
2021-01-19,0.223113252287704,0.960325756867307,-0.40671299728983146,bull
2021-01-20,0.22148024178993808,0.9597488133466955,-0.407810425236488,bull
2021-01-21,0.22199205195166763,0.9599882963578625,-0.4076832696378387,bull
2021-01-22,0.20633582319941943,0.9615471108993179,-0.4153919398128635,bull
2021-01-25,0.204060970709365,0.9616633179840917,-0.39015130899908906,bull
2021-01-26,0.1429759570612277,0.9639709916861489,-0.5018957071337287,bull
2021-01-27,0.18332426174795638,0.9651970627608313,-0.4482372814882107,bull
2021-01-28,0.18308957816913426,0.9653435348135033,-0.44961636498910024,bull
2021-01-29,0.19445452411190065,0.96516276171264,-0.4361465214055351,bull
2021-02-01,0.18714121104601944,0.9652607202525143,-0.4248532426832788,bull
2021-02-02,0.19411979891843206,0.9649643807478413,-0.369012257116041,bull
2021-02-03,0.18505502644332628,0.9636905859425811,-0.37850682559914256,bull
2021-02-04,0.18686981657957888,0.963720436194326,-0.3849170071581745,bull
2021-02-05,0.21699399262881702,0.9352056964748477,-0.3600658384923401,bull
2021-02-08,0.2241065882028011,0.9354319981408625,-0.347870586483196,bull
2021-02-09,0.2275078664016269,0.9355706169679836,-0.3294451235586184,bull
2021-02-10,0.2226741391529209,0.935876528214457,-0.3469680747106971,bull
2021-02-11,0.21766497583738909,0.9364656809148778,-0.34530730770452295,bull
2021-02-12,0.2180165986300407,0.9377905144568506,-0.35221589874304177,bull
2021-02-16,0.21835025957343632,0.9420154997110405,-0.3461302645407101,bull
2021-02-17,0.2119169466992853,0.9441693040747917,-0.3393790389651012,bull
2021-02-18,0.2104571843477939,0.9421387218248306,-0.3273050302692348,bull
2021-02-19,0.2045333711970205,0.9407862623124801,-0.3218019354284079,bull
2021-02-22,0.2022615292931268,0.9412521554672582,-0.31685701408485684,bull
2021-02-23,0.1927825934462791,0.9334045223591636,-0.3333801241580797,bull
2021-02-24,0.19429487544936838,0.93956014421859,-0.3355896685844197,bull
2021-02-25,0.2125810474127116,0.941270138719115,-0.3121865454964024,bull
2021-02-26,0.2169961091531314,0.9422967377519202,-0.33864058363861166,bull
2021-03-01,0.22981575771094448,0.9428969176827559,-0.31242908470967784,bull
2021-03-02,0.23615377045039995,0.9445783560067733,-0.2840175168463992,bull
2021-03-03,0.236887279558013,0.9477853163684581,-0.25941874189614755,bull
2021-03-04,0.2386727382988043,0.930858382590663,-0.2642527264436942,bull
2021-03-05,0.251238430696225,0.9285026749320378,-0.21703384661686317,bull
2021-03-08,0.247435025790609,0.9270371542529847,-0.21663107498904988,bull
2021-03-09,0.24589492240212632,0.9246896083219011,-0.24908346008001725,bull
2021-03-10,0.24885093130052813,0.9350610048708622,-0.2608682566155491,bull
2021-03-11,0.24956404077601524,0.9366718815136627,-0.2684522965813066,bull
2021-03-12,0.24590441101233415,0.9355034734560189,-0.27446085394357467,bull
2021-03-15,0.23963031167806573,0.9359199641431507,-0.27524761668073516,bull
2021-03-16,0.2389343379769825,0.9329960953104944,-0.2698317211622331,bull
2021-03-17,0.2361552074822429,0.9375092983555886,-0.27209619248089684,bull
2021-03-18,0.23702118408521608,0.9370926961990387,-0.23306247970719507,bull
2021-03-19,0.24060965884763483,0.9336089897638868,-0.24507704328521965,bull
2021-03-22,0.23760592012961498,0.9327510621327898,-0.2625058118048563,bull
2021-03-23,0.23807566202730698,0.9307428860823495,-0.2533081468596027,bull
2021-03-24,0.23641321947101385,0.9287371907648552,-0.2412873479982312,bull
2021-03-25,0.23545482380826505,0.9288510791835065,-0.25345532400894855,bull
2021-03-26,0.24402483308974432,0.9288748994280792,-0.2609453062945213,bull
2021-03-29,0.24355977478991436,0.9282703983282216,-0.2567322612236622,bull
2021-03-30,0.2426821749585994,0.9289514057942594,-0.2701053148698341,bull
2021-03-31,0.23631458204025318,0.9270211947234565,-0.2862657088429691,bull
2021-04-01,0.23563886325152114,0.9259365747444337,-0.28402878843055757,bull
2021-04-05,0.24619077636316009,0.9144623859518588,-0.23868234888634318,bull
2021-04-06,0.24349555677126458,0.9195111363421474,-0.28197404209952426,bull
2021-04-07,0.2445843951306991,0.9206135800692906,-0.2816538452927195,bull
2021-04-08,0.24986584262277833,0.9167778593089924,-0.2645846566743431,bull
2021-04-09,0.25321975476318653,0.9157006542198375,-0.24742961172499112,bull
2021-04-12,0.2537925086387016,0.9169227932024409,-0.24794937040751316,bull
2021-04-13,0.25624797604508787,0.9193722150613763,-0.2387073275749773,bull
2021-04-14,0.254126385833326,0.8810469921748549,-0.26728297284469543,bull
2021-04-15,0.2579864123554355,0.8704312084730715,-0.2415800933041373,bull
2021-04-16,0.25901291191825393,0.8702792058850551,-0.21479807496852782,bull
2021-04-19,0.2629973723976871,0.8653550429914124,-0.2136869548094979,bull
2021-04-20,0.2641577756973664,0.8701077012256674,-0.19399018133383572,bull
2021-04-21,0.26959760818337847,0.8694232910580623,-0.1711386739331403,bull
2021-04-22,0.28044441172038503,0.8672491990577474,-0.14685858379300268,bull
2021-04-23,0.23629573909358026,0.8659375197946357,-0.2707152368495458,bull
2021-04-26,0.23234137123950035,0.8655943029245821,-0.3001946466404323,bull
2021-04-27,0.2054905414851193,0.8708090577706453,-0.34507145633012976,bull
2021-04-28,0.20265378537926526,0.8795494799474117,-0.3504218267942894,bull
2021-04-29,0.1948579362978224,0.8799886104845345,-0.3862489405372597,bull
2021-04-30,0.20004604699143408,0.8813492610820499,-0.3918692339796756,bull
2021-05-03,0.19728553612934963,0.8907265386226609,-0.3973869755727505,bull
2021-05-04,0.1961671488382224,0.907686669556225,-0.3976270976269001,bull
2021-05-05,0.1948970782660555,0.9102577113787489,-0.40232983411130707,bull
2021-05-06,0.1974588794155627,0.9080834001449367,-0.3997340342459122,bull
2021-05-07,0.19946429676136196,0.9097165587341147,-0.3931432700995367,bull
2021-05-10,0.19997188039016878,0.9148570306052372,-0.3943358300341648,bull
2021-05-11,0.2076051092757182,0.9202200032459378,-0.3792383275664116,bull
2021-05-12,0.2233376959602607,0.9189619007856403,-0.3281279622938669,bull
2021-05-13,0.22888091795674156,0.9251650087651703,-0.3170219138840316,bull
2021-05-14,0.23712444504638397,0.9260575332260571,-0.31330013707757304,bull
2021-05-17,0.24040371550187836,0.9254276778192423,-0.29058075799614036,bull
2021-05-18,0.24768275585361577,0.9256482111786682,-0.2738137397543938,bull
2021-05-19,0.24835362953659695,0.9266789593277723,-0.274161525519411,bull
2021-05-20,0.2519000138759548,0.9253094279727,-0.26424264565006156,bull
2021-05-21,0.23405691329098346,0.9248404618643327,-0.25532559368365704,bull
2021-05-24,0.2311054106338971,0.922164351304768,-0.2924692314640343,bull
2021-05-25,0.21629262082784,0.9242620634460764,-0.3657258085290718,bull
2021-05-26,0.21358692904719456,0.9253689472499669,-0.37113753299543223,bull
2021-05-27,0.2115622790515898,0.9254437034482184,-0.33165707597117117,bull
2021-05-28,0.20499235143637065,0.9385935540210396,-0.3322438465574986,bull
2021-06-01,0.18887606286114036,0.9387690642685215,-0.33143357415991953,bull
2021-06-02,0.19354329973401213,0.9397885126873459,-0.3324667257115487,bull
2021-06-03,0.19674559988925727,0.942255658609492,-0.2867406053010223,bull
2021-06-04,0.19453979963140133,0.9427578805082918,-0.30695542952076177,bull
2021-06-07,0.19347084125545852,0.9438526597659094,-0.30810084351678313,bull
2021-06-08,0.1958485050442024,0.9441368804667719,-0.34792350287260737,bull
2021-06-09,0.19860392761145335,0.9397012000630498,-0.3493942980225333,bull
2021-06-10,0.1988806129352934,0.9371330336377457,-0.38400739168502596,bull
2021-06-11,0.20214308773034798,0.9366182852183306,-0.3368790085783229,bull
2021-06-14,0.19608610426183162,0.9290452899897641,-0.35500578819232037,bull
2021-06-15,0.1981962530472286,0.9285489505494229,-0.37565659207608554,bull
2021-06-16,0.20336865201056162,0.9281988326747281,-0.37883691531700386,bull
2021-06-17,0.19758561840978134,0.9318606414347602,-0.34063985555325116,bull
2021-06-18,0.22104802769343704,0.9309207052088418,-0.3123803979330654,bull
2021-06-21,0.23445455499874912,0.9366282683840449,-0.29274916648214705,bull
2021-06-22,0.2226942745183782,0.9299678126790718,-0.32235916140027054,bull
2021-06-23,0.22460650617503117,0.9286616608217664,-0.35246774286675087,bull
2021-06-24,0.22862031616124168,0.9272372818977533,-0.373301668023108,bull
2021-06-25,0.22365603459489397,0.926967835357856,-0.38274332517997006,bull
2021-06-28,0.21998078585655537,0.9349778797893,-0.3833494394278749,bull
2021-06-29,0.21807640494854794,0.9339710634869413,-0.3904536049233271,bull
2021-06-30,0.2168132976545143,0.9340911334611521,-0.41782648399969485,bull
2021-07-01,0.21741278199898711,0.9294061677492802,-0.42226371190639916,bull
2021-07-02,0.2201745327960374,0.9287243954363341,-0.4262645661048143,bull
2021-07-06,0.2175079108553624,0.9295107869093087,-0.41861880622340886,bull
2021-07-07,0.21831638730928274,0.9294613489327,-0.4218969069549128,bull
2021-07-08,0.22417563431747844,0.9295363955288545,-0.4083458520854601,bull
2021-07-09,0.22985163914738668,0.929110245916461,-0.4202608655089761,bull
2021-07-12,0.2258201525607069,0.9284536508476671,-0.4270071172066604,bull
2021-07-13,0.22702634384164344,0.9283748431955672,-0.4234378549790246,bull
2021-07-14,0.22156128347812348,0.9315173151289208,-0.42055474169981694,bull
2021-07-15,0.22344299640092108,0.9298138726699134,-0.4236386045676418,bull
2021-07-16,0.22427162742681253,0.9325516345006069,-0.42079227831544275,bull
2021-07-19,0.2254015505746015,0.9350412663492298,-0.43600571532231275,bull
2021-07-20,0.23545220007503667,0.9350265713698974,-0.44288818113304196,bull
2021-07-21,0.24056632354148128,0.9376874952667635,-0.4381052206059601,bull
2021-07-22,0.24453952576784765,0.9375747029531921,-0.4355051928516307,bull
2021-07-23,0.24392224735598247,0.9350410507870526,-0.3551977579470205,bull
2021-07-26,0.24630782095677378,0.936471305266277,-0.2797879203195048,bull
2021-07-27,0.24403993300719826,0.933899967340172,-0.2841538495569347,bull
2021-07-28,0.24310965142245386,0.9315562791543606,-0.28415208013085097,bull
2021-07-29,0.24566777106197848,0.9317295620380217,-0.29126754044938846,bull
2021-07-30,0.24937804527427343,0.9232689872767452,-0.2974985050198507,bull
2021-08-02,0.24555441635174746,0.9248818698460071,-0.3123243426048027,bull
2021-08-03,0.2497053346893399,0.9250597889104,-0.320901139651157,bull
2021-08-04,0.2518631349590896,0.9282819938673358,-0.3562278366260042,bull
2021-08-05,0.24190563902791865,0.9248201692526847,-0.37640234683077384,bull
2021-08-06,0.21714452443447002,0.9248535967668404,-0.3595505831235199,bull
2021-08-09,0.21163278885841322,0.9247710368825254,-0.34669753192430974,bull
2021-08-10,0.1991908413374201,0.9234615631520761,-0.3385867361530074,bull
2021-08-11,0.19728719990376056,0.9234939798113763,-0.313167247041249,bull
2021-08-12,0.19336764723991648,0.920065875106669,-0.2999986501018633,bull
2021-08-13,0.1924422535722961,0.9182818290277347,-0.30609165903684316,bull
2021-08-16,0.1861262467810722,0.9199443662688334,-0.3627829640634667,bull
2021-08-17,0.18767536531235135,0.9199595523300984,-0.38898553285395226,bull
2021-08-18,0.1962630935782512,0.9197112644616765,-0.41338680426426044,bull
2021-08-19,0.1920252632481008,0.9220357171205392,-0.4455242940786052,bull
2021-08-20,0.19463113071512314,0.9238762147507565,-0.440194367539704,bull
2021-08-23,0.19830875245030938,0.9264203576323495,-0.4355044203353391,bull
2021-08-24,0.19748866808435667,0.929944233889308,-0.43485565376901336,bull
2021-08-25,0.20078679783805115,0.9248268239084765,-0.4408319053630886,bull
2021-08-26,0.20409949896348606,0.9262895380236481,-0.4152861309139645,bull
2021-08-27,0.20590358473985196,0.9298216327297645,-0.35861158688143974,bull
2021-08-30,0.2015969173030042,0.9285269984953041,-0.3707668373535002,bull
2021-08-31,0.20462420839716444,0.927754359648207,-0.37371215260582447,bull
2021-09-01,0.1991870354032571,0.9285432749339136,-0.37761463058892103,bull
2021-09-02,0.20001950000848873,0.9399679951105634,-0.3755610326562585,bull
2021-09-03,0.20197521728863138,0.9404403187207189,-0.46531454753280965,bull
2021-09-07,0.20549251112687558,0.9407574667913176,-0.482231316305073,bull
2021-09-08,0.20658748899728,0.940972330593697,-0.47481644081799,bull
2021-09-09,0.21155135370262448,0.9404989003794837,-0.4444593571811115,bull
2021-09-10,0.21151781920555052,0.940596115711948,-0.438909184140294,bull
2021-09-13,0.21634823451968235,0.9408459946722811,-0.46137790060800543,bull
2021-09-14,0.19869553769499013,0.9459268350140467,-0.45723313018776657,bull
2021-09-15,0.1877234543190779,0.9422812685113336,-0.4356056073325437,bull
2021-09-16,0.18835805205773076,0.9493259356221718,-0.42873229250109746,bull
2021-09-17,0.19518432150824438,0.9514606815488387,-0.41596366947089086,bull
2021-09-20,0.21217079154353163,0.9532472591715943,-0.4738661468312949,bull
2021-09-21,0.21820359655152077,0.9532178805275835,-0.46417919294941357,bull
2021-09-22,0.22200485727812072,0.9572083234910719,-0.45577421766851495,bull
2021-09-23,0.23234511955332005,0.9589970397674881,-0.43760470101765564,bull
2021-09-24,0.22969811514063945,0.958866408641923,-0.40552083681970524,bull
2021-09-27,0.22451374105816066,0.9647766056597845,-0.4061036677996147,bull
2021-09-28,0.23933067797713656,0.9638778226685047,-0.40649395129185695,bull
2021-09-29,0.2402183014064747,0.9632032289013308,-0.39915432193685185,bull
2021-09-30,0.24849983365664352,0.9634523117705144,-0.39022685657854234,bull
2021-10-01,0.24878073628702507,0.9654422865187788,-0.324014859991747,bull
2021-10-04,0.24819415510871382,0.9632504226912534,-0.32226238049211003,bull
2021-10-05,0.2515106544893172,0.9583868295405983,-0.3239554524707656,bull
2021-10-06,0.2524336086067438,0.9573086497801885,-0.3100562840462814,bull
2021-10-07,0.2629831519278775,0.9554849739458766,-0.307601350797173,bull
2021-10-08,0.2642895387189262,0.9566405639074451,-0.28216459879513767,bull
2021-10-11,0.2653719639140863,0.9551527506910116,-0.22086308196327678,bull
2021-10-12,0.25439008458771095,0.9514006810544534,-0.2607123768608579,bull
2021-10-13,0.24371068975857255,0.9494871106567643,-0.2645230732044413,bull
2021-10-14,0.2569475783003411,0.947616851044148,-0.2080043854750952,bull
2021-10-15,0.26269447310240507,0.9472243165845459,-0.2051367121384492,bull
2021-10-18,0.2656206492992777,0.9472522832959511,-0.21729201920461833,bull
2021-10-19,0.2668871670642368,0.944680539367925,-0.2278573872241904,bull
2021-10-20,0.2696311061196841,0.9432289935298456,-0.22122481844064992,bull
2021-10-21,0.27227740067220063,0.944183336256462,-0.2159677740951842,bull
2021-10-22,0.25446734403213933,0.9437891957286665,-0.17821314879430686,bull
2021-10-25,0.2573800583633764,0.9466883420844113,-0.16426773758142824,bull
2021-10-26,0.25442788365718344,0.9348513863619143,-0.19492396748516302,bull
2021-10-27,0.2426229718795955,0.9365894603973686,-0.18972260491531798,bull
2021-10-28,0.24882364882341676,0.9322945074035707,-0.14456251749984428,bull
2021-10-29,0.2473145878315221,0.9289212445625645,-0.13882913116540052,bull
2021-11-01,0.24635292557611535,0.9201033546391546,-0.1735547814538018,bull
2021-11-02,0.24687203802390165,0.9212786402117253,-0.17831098110029314,bull
2021-11-03,0.2476593291141426,0.920930374047757,-0.16399348350227871,bull
2021-11-04,0.24496368436485516,0.9217782947699783,-0.16615836983849872,bull
2021-11-05,0.23763843463734932,0.9217256562252214,-0.24853800751982433,bull
2021-11-08,0.23389123973596374,0.919999846501515,-0.26286534202662226,bull
2021-11-09,0.23420881371604935,0.9189424012458778,-0.2661139374983152,bull
2021-11-10,0.23339030094408422,0.9216297869503876,-0.25527824617890305,bull
2021-11-11,0.22280525786569502,0.9224371846571486,-0.27051629864655874,bull
2021-11-12,0.22587416181585718,0.9146773355059709,-0.26709453842137615,bull
2021-11-15,0.2219847778098955,0.9045616867118828,-0.2664346931125611,bull
2021-11-16,0.2169746920369133,0.8994080798996821,-0.265298718174596,bull
2021-11-17,0.21707041426030263,0.9001365044055175,-0.29977680109311566,bull
2021-11-18,0.21422150523528333,0.9025114223708568,-0.3086201750877842,bull
2021-11-19,0.210673039812705,0.9022357527150399,-0.2876725505014725,bull
2021-11-22,0.20575107566030695,0.9003890374582245,-0.29008882425536703,bull
2021-11-23,0.2062019449872067,0.9041439947588518,-0.29140688198561326,bull
2021-11-24,0.2049739735844648,0.9055119366641058,-0.2941447310137202,bull
2021-11-26,0.24281837513724708,0.9107919178670403,-0.3513252702813894,bull
2021-11-29,0.24136088368303782,0.9079497991824493,-0.27179880356603,bull
2021-11-30,0.2572477433541153,0.9115647727630407,-0.2682437686262893,bull
2021-12-01,0.2546195941391909,0.9089360906110866,-0.2738118870325012,bull
2021-12-02,0.2591359222404099,0.9119666153052088,-0.2622073264909165,bull
2021-12-03,0.2548009618244054,0.9148362520655522,-0.2767590209021323,bull
2021-12-06,0.2574707886073334,0.9120453076622052,-0.2941993676765717,bull
2021-12-07,0.2663038053395918,0.9108126112145789,-0.2835967614793019,bull
2021-12-08,0.26239474495847726,0.9100379522643636,-0.2780669297773852,bull
2021-12-09,0.26001910715299,0.9080060276235762,-0.2793506038500825,bull
2021-12-10,0.2578699195116922,0.9089422911093262,-0.2813472870390838,bull
2021-12-13,0.2490035474203347,0.9090948962589589,-0.3221570812444904,bull
2021-12-14,0.2323763705362952,0.9014053970972931,-0.32307834826650306,bull
2021-12-15,0.23937784639104043,0.9014739322715154,-0.2751138076677267,bull
2021-12-16,0.23628970242566186,0.9002427174988993,-0.3062543710981859,bull
2021-12-17,0.24875414475036928,0.8956708455859709,-0.24760546438310838,bull
2021-12-20,0.25604335783101406,0.8973843464496633,-0.25123459849525265,bull
2021-12-21,0.265520362811323,0.8946001269788264,-0.29544921183440925,bull
2021-12-22,0.25580110930366257,0.8941912768975099,-0.3182227353975288,bull
2021-12-23,0.2575259914147809,0.894281197352371,-0.3168535586899198,bull
2021-12-27,0.2556519693392791,0.8923473062126543,-0.32248493046880194,bull
2021-12-28,0.25484571936318656,0.8939831811166712,-0.3065714653074542,bull
2021-12-29,0.25027175620293857,0.8948454341442499,-0.31341814552248787,bull
2021-12-30,0.2492666508258832,0.8913920598518325,-0.31347677613779507,bull
2021-12-31,0.2502341322368139,0.891764639235933,-0.3191346227018874,bull
2022-01-03,0.24259391401144131,0.9013947483667845,-0.3260840998644035,bull
2022-01-04,0.2335722449006923,0.9091829239965752,-0.33749276174573495,bull
2022-01-05,0.23272251653929218,0.9129818248133518,-0.34595228896327324,bull
2022-01-06,0.22978576561090794,0.9133781987344933,-0.3475211337673425,bull
2022-01-07,0.22945530412881557,0.9261800449785623,-0.37003716888280797,bull
2022-01-10,0.21924383730647037,0.9366136773204106,-0.3725970288934318,bull
2022-01-11,0.2166705065255331,0.9339468456631694,-0.36865313618689133,bull
2022-01-12,0.2174324685299937,0.9296259674339706,-0.3662787253992838,bull
2022-01-13,0.21946327426488169,0.9307080845840111,-0.36031877676841106,bull
2022-01-14,0.2136659707532893,0.9298302680884636,-0.34794604915227634,bull
2022-01-18,0.22372218061307528,0.9303967557763608,-0.3397887959635706,bull
2022-01-19,0.2333378067456851,0.8985991500994484,-0.3468884744455052,bull
2022-01-20,0.2345018709288005,0.8718498932502483,-0.3540413431561603,bull
2022-01-21,0.24324962135406625,0.8756065025743436,-0.339395778785597,bull
2022-01-24,0.24538827590773457,0.8692675697116191,-0.34929441513015186,bull
2022-01-25,0.2291656662761741,0.8649750668053228,-0.32209740392165515,bull
2022-01-26,0.2278944186603984,0.865423417585331,-0.3454933435115009,bull
2022-01-27,0.22540735647809368,0.8725620815212317,-0.3353073834103404,bull
2022-01-28,0.2276061410631554,0.8653000802522496,-0.34241199847075826,bull
2022-01-31,0.2364302030029765,0.8597133830590553,-0.33659136014927726,bull
2022-02-01,0.23316812484578847,0.8587521954805808,-0.3663531372272191,bull
2022-02-02,0.2335939930111616,0.8588392247899022,-0.47286815174630975,bull
2022-02-03,0.23517884013587895,0.8669998809278283,-0.472744374520083,bull
2022-02-04,0.22966769650223262,0.8672521534350709,-0.4814341103659368,bull
2022-02-07,0.2296027189411059,0.8651202193221643,-0.4762932576397887,bull
2022-02-08,0.22868355048512995,0.8627129648315447,-0.4813690514143866,bull
2022-02-09,0.22979810308515422,0.8632482777418957,-0.48109276106542903,bull
2022-02-10,0.23828304534511469,0.8633224962081468,-0.497899078385688,bull
2022-02-11,0.24898424478216466,0.8755486987963886,-0.5022302170774198,bull
2022-02-14,0.24964989660324768,0.8790631097750224,-0.501905637915641,bull
2022-02-15,0.25757442367566485,0.8949352398846693,-0.495844134489975,bull
2022-02-16,0.2592743009677926,0.8968068305140632,-0.5385216744423625,bull
2022-02-17,0.26483347359396153,0.8949691631046041,-0.5198098691534152,bull
2022-02-18,0.2654666942642993,0.8833681971454519,-0.5124011427079613,bull
2022-02-22,0.2666084891421423,0.8797730396037718,-0.46649219962704114,bull
2022-02-23,0.2536597974145552,0.882637935359652,-0.40822622095616656,bull
2022-02-24,0.247955787071357,0.8848961226670725,-0.4195944002214467,bull
2022-02-25,0.2676347078668454,0.8840171083998263,-0.39176438453292833,bull
2022-02-28,0.26621605169442525,0.8838836775890426,-0.38193469778215405,bull
2022-03-01,0.2654833792039671,0.8794254400533948,-0.2930012830501077,bull
2022-03-02,0.27746707379371915,0.8791262027625605,-0.25127050627919817,bull
2022-03-03,0.2726948475782868,0.8755217578375685,-0.21227283444126605,bull
2022-03-04,0.26328222497500353,0.8795160336646801,-0.22633471707084285,bull
2022-03-07,0.26959543667592745,0.8828917886823334,-0.28767487634999656,bull
2022-03-08,0.26592934173158633,0.8805363032627296,-0.28999822119166135,bull
2022-03-09,0.2718993419242379,0.8839060043494452,-0.30574743692732864,bull
2022-03-10,0.2731799839397398,0.8856674903489298,-0.29714571135447915,bull
2022-03-11,0.27607739197218006,0.885874961951561,-0.29672117176220963,bull
2022-03-14,0.2681140327903671,0.8770325971808985,-0.2919862363385318,bull
2022-03-15,0.2804252512157882,0.8812375555981868,-0.31906084597458395,bull
2022-03-16,0.2770292754359214,0.8860056694975977,-0.3753772608944943,bull
2022-03-17,0.28187992496580666,0.878164722882559,-0.37038067496900323,bull
2022-03-18,0.28117581229829386,0.8654235783300799,-0.37129750965293634,bull
2022-03-21,0.2782552619960438,0.8655413949274384,-0.36776961174199807,bull
2022-03-22,0.2769519332637391,0.8682749611147788,-0.3702813681110074,bull
2022-03-23,0.27442492861359397,0.8699721219848586,-0.38769482484225787,bull
2022-03-24,0.2758759921137637,0.8689108108989927,-0.3860467325246766,bull
2022-03-25,0.2771477000117718,0.8695063163031408,-0.3679645227617324,bull
2022-03-28,0.27657897111993485,0.8697266733345851,-0.38111305005478224,bull
2022-03-29,0.2765230189153,0.8690893923036187,-0.3874377675230518,bull
2022-03-30,0.27882288600186483,0.8671788395624361,-0.3862589991070026,bull
2022-03-31,0.29312006210166264,0.8626191367619016,-0.3778933759778461,bull
2022-04-01,0.29572954931504547,0.8615624610826771,-0.37244689347448573,bull
2022-04-04,0.2964717418021133,0.8600229390129193,-0.36899530389960755,bull
2022-04-05,0.29905176897183733,0.8601897349335357,-0.3664020883398528,bull
2022-04-06,0.2932869044584242,0.8612563157288972,-0.3652921404239087,bull
2022-04-07,0.29265908472246693,0.8607999749617603,-0.3579306010898525,bull
2022-04-08,0.2922619803159997,0.862780210049304,-0.36036738466914303,bull
2022-04-11,0.2998632726034084,0.8627629327802103,-0.3390992784825565,bull
2022-04-12,0.3036978105454495,0.9019248224290426,-0.33697335798004596,bull
2022-04-13,0.2987761233129924,0.886393662727609,-0.34161828051192894,bull
2022-04-14,0.2962820033810265,0.887439209750895,-0.3381525450789911,bull
2022-04-18,0.2934752598978958,0.9019133076597688,-0.34035371945783943,bull
2022-04-19,0.29057593358930006,0.9044783388564804,-0.35821097596211743,bull
2022-04-20,0.28936666739327915,0.9063108656120743,-0.36042811714830114,bull
2022-04-21,0.30122270543894336,0.9127367743025991,-0.34712058720306194,bull
2022-04-22,0.3227612189350099,0.9203093785972318,-0.309439604827784,bull
2022-04-25,0.32756694576744166,0.9255738192108635,-0.3199008992537656,bull
2022-04-26,0.34016330761858643,0.9275799300474197,-0.29648396408893707,bull
2022-04-27,0.3335230270813638,0.9325736164493026,-0.2789297827833142,bull
2022-04-28,0.3520435309957108,0.9381007809226816,-0.2934047201831087,bull
2022-04-29,0.3743432259287907,0.9358719742440067,-0.26629588261066994,bull
2022-05-02,0.37459556612237277,0.9365311803319567,-0.26493716107153137,bull
2022-05-03,0.3797640169167898,0.937983505783991,-0.24351595145155103,bull
2022-05-04,0.39975007568802307,0.9423000880986434,-0.21967647170799995,bull
2022-05-05,0.41952948274824614,0.9396606107695032,-0.19158742821727026,lateral
2022-05-06,0.41811261765377544,0.9387668548045036,-0.18987456713134584,lateral
2022-05-09,0.42543932088788644,0.9335679053728196,-0.12960053034234725,lateral
2022-05-10,0.41903331583656134,0.932241574727318,-0.12703034941859273,lateral
2022-05-11,0.4184463055342385,0.9334416795424308,-0.13205903613897563,lateral
2022-05-12,0.41261940821310916,0.9327340739733248,-0.13283302739429165,lateral
2022-05-13,0.4167215829228995,0.9349271653145189,-0.12199595588765477,lateral
2022-05-16,0.4157228109135859,0.933088720341016,-0.10218179089887723,lateral
2022-05-17,0.4075501878219744,0.9365634429944641,-0.17360254152688598,lateral
2022-05-18,0.4330631358485701,0.9375539317865983,-0.08028796109734741,lateral
2022-05-19,0.42995216150132165,0.9341965691021971,-0.09070671593709911,lateral
2022-05-20,0.4364007899600755,0.9373850927356102,-0.09142851713176707,lateral
2022-05-23,0.425829169766155,0.9385112663970738,-0.09136019198011339,lateral
2022-05-24,0.42479368822984714,0.9372441849918809,-0.09686631116854412,lateral
2022-05-25,0.42557036183690444,0.9349248178281913,-0.0908166152202181,lateral
2022-05-26,0.4224127432976789,0.944032913538376,-0.07522761638465951,lateral
2022-05-27,0.4306742100737841,0.9446781097882984,-0.057770736414651816,lateral
2022-05-31,0.4341469585126057,0.9440139991026905,-0.05711694362092314,lateral
2022-06-01,0.4347293363908921,0.9425990188992684,-0.05308856988105531,lateral
2022-06-02,0.44181975781179006,0.941847552420659,-0.06493370408442851,lateral
2022-06-03,0.4431866553039922,0.9368140561379307,-0.06470876791596746,lateral
2022-06-06,0.44632188502282033,0.9367979060000041,-0.06645205003957577,lateral
2022-06-07,0.447098484760597,0.9367172971357993,-0.06289832686004275,lateral
2022-06-08,0.45221212110060083,0.938151917798453,-0.06789739581213733,lateral
2022-06-09,0.4620875240962719,0.9359773980721838,-0.07563896528555254,lateral
2022-06-10,0.4732701630183246,0.9388210146811977,-0.05296840196213279,lateral
2022-06-13,0.48769758442333155,0.9385646606685343,-0.006342449991776042,lateral
2022-06-14,0.4844871333510644,0.9384786934004946,-0.006672159646895989,lateral
2022-06-15,0.48759635416113783,0.9355721991288897,-0.004905275396921289,lateral
2022-06-16,0.4922267136823991,0.9350527910366974,-0.013433370987241856,lateral
2022-06-17,0.4875356954193972,0.9343448740672453,-0.018006308712020087,lateral
2022-06-21,0.498346996097493,0.9357143404627644,0.03717507781598715,lateral
2022-06-22,0.49237188024162226,0.9355807258523574,0.01321756671397245,lateral
2022-06-23,0.48835871303330725,0.9334893774273282,-0.000395996623183182,lateral
2022-06-24,0.5006237727937396,0.9402973826599047,0.027698082207121267,lateral
2022-06-27,0.5010281081179727,0.9401117032765721,0.027595130898577007,lateral
2022-06-28,0.49796953728913584,0.9392368313689697,0.025631157695160438,lateral
2022-06-29,0.4976705305441934,0.9370661944884496,0.022734620990706604,lateral
2022-06-30,0.49719739886015146,0.9394678721380392,0.021427400648689837,lateral
2022-07-01,0.4986191760503453,0.9404503679502353,0.030722562487054444,lateral
2022-07-05,0.5019471741286997,0.9392897211718786,0.026160025682804015,lateral
2022-07-06,0.5017071484823719,0.9401523703935798,0.027847654847628984,lateral
2022-07-07,0.5056033593160336,0.9427687242829522,0.03615915027410436,lateral
2022-07-08,0.5038537444070028,0.9425383330689062,0.030613896122534644,lateral
2022-07-11,0.5041146982907005,0.9428467375865127,0.0395924950026542,lateral
2022-07-12,0.50464220833619,0.9428867200630914,0.023763985930747324,lateral
2022-07-13,0.5085393619052434,0.9440027829636131,0.021575943974548,lateral
2022-07-14,0.5102512413789597,0.930793538336765,0.026316474512532394,lateral
2022-07-15,0.5140082475704648,0.9355298702828682,0.023660449641316462,lateral
2022-07-18,0.514078368958913,0.9318866105779903,0.02139274440713327,lateral
2022-07-19,0.5221197705098224,0.9399915525607868,0.035103846567140856,lateral
2022-07-20,0.5106056991423149,0.9390130485995518,0.006591005758125624,lateral
2022-07-21,0.5119646404343298,0.9384341624862207,0.010859089062518187,lateral
2022-07-22,0.503112068702694,0.938775101990875,0.003962102397875786,lateral
2022-07-25,0.5066734947223531,0.9491286348854294,0.007498832257806565,lateral
2022-07-26,0.49901326847423444,0.9491137890761441,0.010508567301021185,lateral
2022-07-27,0.4897587386249882,0.9497814343527672,0.01873263612704619,lateral
2022-07-28,0.49178871408421515,0.9509176953513728,0.008541582384841297,lateral
2022-07-29,0.47769469076655413,0.9283655033040628,-0.021982701467450714,lateral
2022-08-01,0.46311324135028786,0.9361500874619656,-0.05436138777316132,lateral
2022-08-02,0.44997035778094174,0.932336790040334,-0.0579133702947792,lateral
2022-08-03,0.45039957138628606,0.9299003514010904,-0.08738986981153142,lateral
2022-08-04,0.4412112548119316,0.9291062941126239,-0.09563298971675865,lateral
2022-08-05,0.4431786608565013,0.928748106019155,-0.09267544267742496,lateral
2022-08-08,0.44351518394992745,0.9287427283652192,-0.08538634510672831,lateral
2022-08-09,0.4456363573419553,0.9287766520760495,-0.08482193432413064,lateral
2022-08-10,0.4474574340301638,0.9296691734071496,-0.09294393726797545,lateral
2022-08-11,0.44823157407417663,0.9293377081772882,-0.1131948662075493,lateral
2022-08-12,0.4566550577231256,0.9253691596550112,-0.1112645781083742,lateral
2022-08-15,0.42795036757175714,0.9246687007862987,-0.20987958000535284,lateral
2022-08-16,0.4262427250093571,0.9290756014929945,-0.22085187286440502,lateral
2022-08-17,0.4328902116698839,0.9291565169551405,-0.22274991648993508,lateral
2022-08-18,0.43123380554135765,0.9268737465729968,-0.2495558161907844,lateral
2022-08-19,0.43664911237837145,0.9275023175166619,-0.25722025053960673,lateral
2022-08-22,0.44425426925146166,0.9288618343757212,-0.2462986312402973,lateral
2022-08-23,0.4386781162648256,0.927195525628676,-0.27359137354943264,lateral
2022-08-24,0.4304274812036265,0.9266201449145886,-0.2853812675835494,lateral
2022-08-25,0.43440433710895543,0.9275089466400003,-0.2922486882589078,lateral
2022-08-26,0.45854709138704736,0.9289719099652739,-0.27477980839605437,lateral
2022-08-29,0.45832080457820756,0.927816200229479,-0.2766700836195263,lateral
2022-08-30,0.46112351727475803,0.9269403915901295,-0.2593794246683298,lateral
2022-08-31,0.4621725591537796,0.9255628350260973,-0.24664985131017747,lateral
2022-09-01,0.4573504867990002,0.924837716111983,-0.26711297155282604,lateral
2022-09-02,0.4605148220103996,0.9253771676064197,-0.27405589961429444,lateral
2022-09-06,0.449107654406089,0.924547128239835,-0.29062826956252363,lateral
2022-09-07,0.4395296881350572,0.924687172092741,-0.29753780665006213,lateral
2022-09-08,0.4092701402719626,0.9200171211935003,-0.374484409827788,lateral
2022-09-09,0.41483656217560266,0.9193664816304323,-0.3595765753831496,lateral
2022-09-12,0.41341858655062025,0.9194545518599012,-0.3662769288516276,lateral
2022-09-13,0.44875976540611257,0.9239934575745905,-0.33988705993947965,lateral
2022-09-14,0.45063301811065337,0.9247340462842549,-0.3700086127267224,lateral
2022-09-15,0.4327922657297155,0.92293712131703,-0.44772740797574984,lateral
2022-09-16,0.43508193528150363,0.9227230955237027,-0.4324221363292702,lateral
2022-09-19,0.44114552502139814,0.9228072711808828,-0.39546737639424717,lateral
2022-09-20,0.42474476285613966,0.9386543284832134,-0.41338798505442675,lateral
2022-09-21,0.4330734233383595,0.9436163682040237,-0.3987796280126274,lateral
2022-09-22,0.42009634502738535,0.942954884348597,-0.390258372006409,lateral
2022-09-23,0.427827900676794,0.9453679024306966,-0.33194741211066275,lateral
2022-09-26,0.43325370215058295,0.9453052364383853,-0.3234449575856128,lateral
2022-09-27,0.4309262936708273,0.944422566824691,-0.33171314924399375,lateral
2022-09-28,0.4477054231813837,0.9451366481647353,-0.33988624747515045,lateral
2022-09-29,0.45698616084405635,0.9451168437508813,-0.3159432935074117,lateral
2022-09-30,0.4546477042727248,0.9435112497050093,-0.3080770896189333,lateral
2022-10-03,0.4642380203260155,0.9454365338659511,-0.23390203982739205,lateral
2022-10-04,0.4812206627015638,0.9478549923938604,-0.19699590092901792,lateral
2022-10-05,0.4825742737309133,0.9487506789461798,-0.20692454250672054,lateral
2022-10-06,0.48399798655552756,0.9491169817492188,-0.21506455739938177,lateral
2022-10-07,0.497299996228725,0.952735319444193,-0.20549341204478594,lateral
2022-10-10,0.4930905117116181,0.9525139488364741,-0.20326335970562143,lateral
2022-10-11,0.4912308978379181,0.957396617141205,-0.199044431574563,lateral
2022-10-12,0.4783025879240283,0.9521793546105767,-0.21555554574542743,lateral
2022-10-13,0.4972762355432669,0.9594139464039813,-0.1614137830356732,lateral
2022-10-14,0.4979676728140011,0.9534868432710073,-0.14427528171408582,lateral
2022-10-17,0.5154585944070149,0.9534046406148688,-0.12995471489393723,lateral
2022-10-18,0.5167161880447392,0.9537867099825151,-0.13961409917871892,lateral
2022-10-19,0.520113612760574,0.9536863297068399,-0.11952448300078188,lateral
2022-10-20,0.5183270539846966,0.9531473052654635,-0.12754932235391164,lateral
2022-10-21,0.5331540930983972,0.9511164744984818,-0.11615292402125521,lateral
2022-10-24,0.5542939131494039,0.9526096957638623,0.04512029930093467,lateral
2022-10-25,0.5605910923338794,0.9528616468484735,0.040233955298916234,lateral
2022-10-26,0.54514743549776,0.9523692564631762,0.043395667928249504,lateral
2022-10-27,0.5286891395096593,0.9530994698797214,-0.014897545202422448,lateral
2022-10-28,0.5299412676375829,0.9533128914912427,-0.004264391665699678,lateral
2022-10-31,0.5318998571508993,0.9560353926163089,0.01074365381243591,lateral
2022-11-01,0.5284415639108015,0.9523876565697168,0.014274365896207564,lateral
2022-11-02,0.5333298780126188,0.9516470827071705,0.027350255509519132,lateral
2022-11-03,0.5240115930621334,0.9502498080870825,0.0012751021263406775,lateral
2022-11-04,0.524920873239914,0.9524184713193021,0.017985835344715515,lateral
2022-11-07,0.5210982573646465,0.952608541528316,0.013351699277640617,lateral
2022-11-08,0.5222860024242193,0.9526388415659645,0.015087956579045452,lateral
2022-11-09,0.5292057785705537,0.9529248646108037,-0.004995497477575036,lateral
2022-11-10,0.555043024349979,0.9558650536486527,0.03477513758387941,lateral
2022-11-11,0.542630523218958,0.9555618827865466,0.03786531515160143,lateral
2022-11-14,0.5390235517409725,0.9548195351777943,0.03158363619994949,lateral
2022-11-15,0.5293617654388698,0.9533993264784547,0.018601963346177683,lateral
2022-11-16,0.5299873965825562,0.9517215607880042,0.026016986410412613,lateral
2022-11-17,0.5288552573767162,0.9518556548759078,0.03302619065784336,lateral
2022-11-18,0.5263614852291124,0.9504578007289398,0.021125892985092102,lateral
2022-11-21,0.508615753263856,0.9462060100532914,0.0006158790030889126,lateral
2022-11-22,0.5110173951114526,0.944509006061088,0.005633494773864842,lateral
2022-11-23,0.5084107712251434,0.9446124867469678,0.0015175648059610133,lateral
2022-11-25,0.5069182679435037,0.9449979637913298,0.012262551888819868,lateral
2022-11-28,0.5128636666187252,0.9462001566988808,0.022755901756900437,lateral
2022-11-29,0.5096699317593971,0.944718024299818,0.018143550895605678,lateral
2022-11-30,0.5179299721432022,0.9442794252115824,0.019667640162129258,lateral
2022-12-01,0.5136262965115033,0.9423352020980692,0.017664552250743235,lateral
2022-12-02,0.5124543356615913,0.9424555847264784,0.014629998121898878,lateral
2022-12-05,0.5128886130668956,0.9429275668232278,-0.006235293744955614,lateral
2022-12-06,0.5144991514047783,0.9358039840302774,0.014250509759762562,lateral
2022-12-07,0.48328070172616405,0.9293344616894472,-0.05424030158538304,lateral
2022-12-08,0.4850488056770487,0.9279756203495634,-0.05309195788550216,lateral
2022-12-09,0.48869500880457195,0.9210992651260467,-0.05800519058822866,lateral
2022-12-12,0.4935014924904834,0.9178870123023772,-0.0661534310116101,lateral
2022-12-13,0.4939854097598267,0.9164648012095501,-0.06346427197513689,lateral
2022-12-14,0.490373618717338,0.916750205388375,-0.07080167367452525,lateral
2022-12-15,0.49399569983623914,0.9180305035965268,-0.07287043705795157,lateral
2022-12-16,0.5023392282792536,0.918039363422804,-0.0691831878157291,lateral
2022-12-19,0.5000764225391277,0.9164450639008576,-0.07671553214937141,lateral
2022-12-20,0.49697638399182975,0.9164652993687804,-0.0815895570198622,lateral
2022-12-21,0.5037979717496783,0.9164837014649754,-0.07349019451420791,lateral
2022-12-22,0.5021078941361276,0.9162999858117928,-0.09060801128745241,lateral
2022-12-23,0.4946231799155811,0.9138203672953259,-0.10116417678071553,lateral
2022-12-27,0.48984994698903356,0.9128526049337354,-0.10351178078065618,lateral
2022-12-28,0.4857351335157385,0.9100394538949911,-0.11819505159059569,lateral
2022-12-29,0.47449293740877874,0.9095339705603339,-0.13573345203486065,lateral
2022-12-30,0.476540284494187,0.926585507143196,-0.13799118253618878,lateral
2023-01-03,0.4734698264611667,0.9329244317475197,-0.1424594083988528,lateral
2023-01-04,0.45489239219961236,0.9274695972000276,-0.1502648516806966,lateral
2023-01-05,0.45633048063682624,0.9267249846679425,-0.14954766644919887,lateral
2023-01-06,0.4678606118720109,0.9283288606445113,-0.13322572683873735,lateral
2023-01-09,0.4604941728144631,0.925875286670414,-0.13260388953667207,lateral
2023-01-10,0.44937930354785166,0.9212031409651967,-0.1335790193599043,lateral
2023-01-11,0.44177990518146976,0.9107650327881834,-0.1545199956617432,lateral
2023-01-12,0.42922916983885023,0.9102601940127941,-0.17149155032800303,lateral
2023-01-13,0.42905405665472773,0.91145196827339,-0.17253654819741054,lateral
2023-01-17,0.4227053235493631,0.9026437841259523,-0.2036910913128349,lateral
2023-01-18,0.43124187141620574,0.8992597028312628,-0.2079078040025968,lateral
2023-01-19,0.41678858196973406,0.8979022977232618,-0.2514268900180438,lateral
2023-01-20,0.41439143166372877,0.8991573694363182,-0.2516962364546137,lateral
2023-01-23,0.4107814145064512,0.9084035044030401,-0.25735801811680514,lateral
2023-01-24,0.4207643247678877,0.9060170023734178,-0.2611820794811647,lateral
2023-01-25,0.43230955959864037,0.905913814019914,-0.2668385065798004,lateral
2023-01-26,0.43062280072696774,0.9191605683122186,-0.31168428958681293,lateral
2023-01-27,0.418541667403419,0.9067814028698937,-0.33958505434578434,lateral
2023-01-30,0.42337930735578866,0.9070420223784253,-0.3462701386102803,lateral
2023-01-31,0.4184560819179425,0.892986586795584,-0.33975406417599574,lateral
2023-02-01,0.4216438223592479,0.8928510528882209,-0.3438896245300265,lateral
2023-02-02,0.4027304343979711,0.8847185856919199,-0.35387237266238253,lateral
2023-02-03,0.39644324710174444,0.8836863618621302,-0.3484859233701009,bull
2023-02-06,0.39454432738496237,0.8835625359488272,-0.33376294271541795,bull
2023-02-07,0.38453968893571067,0.8774503410583498,-0.3320547507080931,bull
2023-02-08,0.3214912747991617,0.8735170064839355,-0.3354196362997114,bull
2023-02-09,0.3290716287987227,0.8632830068768681,-0.3360053775861947,bull
2023-02-10,0.33188463497675974,0.8606994015848395,-0.345058779288696,bull
2023-02-13,0.3412538405385777,0.8606757499552499,-0.34373431900501034,bull
2023-02-14,0.34123786548390306,0.8474600261668448,-0.3542517793359265,bull
2023-02-15,0.3412201232843006,0.847186535383372,-0.3547833345664641,bull
2023-02-16,0.3508430072537019,0.8476986449002482,-0.3251918388915461,bull
2023-02-17,0.34864955503636175,0.8483583935160572,-0.3089036221351286,bull
2023-02-21,0.35084009890021667,0.8458941000075832,-0.30477195703606486,bull
2023-02-22,0.34977837421347346,0.845472754374394,-0.30506167841886417,bull
2023-02-23,0.34908980307466714,0.8337615476777165,-0.30098654417700776,bull
2023-02-24,0.34748912369070384,0.8250846463625666,-0.3020208636840339,bull
2023-02-27,0.34896889164975464,0.8254888544822426,-0.30225753689378076,bull
2023-02-28,0.3246398262529538,0.8257387519133776,-0.4319347168743052,bull
2023-03-01,0.3254474176219798,0.8266086872373032,-0.43016255657634367,bull
2023-03-02,0.3266799831620505,0.8263878869433006,-0.4327542661563201,bull
2023-03-03,0.3287006413305476,0.8213246457001316,-0.4185031219238587,bull
2023-03-06,0.3214158065680037,0.8138872705294768,-0.4111789548970309,bull
2023-03-07,0.33156069011978145,0.8381850625856786,-0.40215363516414776,bull
2023-03-08,0.3295826383042652,0.8585973611639599,-0.4051388825016471,bull
2023-03-09,0.33217857190109934,0.902000325345285,-0.3974888464419847,bull
2023-03-10,0.31967922097356605,0.8565122655703489,-0.3889880543469099,bull
2023-03-13,0.3116968095997551,0.8257828902781761,-0.3770252742409609,bull
2023-03-14,0.324523660041174,0.8227881214133086,-0.3575533205636944,bull
2023-03-15,0.30009909613945146,0.8439649800736805,-0.40397877890379313,bull
2023-03-16,0.3023154346034766,0.8414900425276276,-0.3791262088537786,bull
2023-03-17,0.30509889635747933,0.8425727169350028,-0.36755085421024525,bull
2023-03-20,0.30704957657369225,0.8425667604921306,-0.3592641555621885,bull
2023-03-21,0.3016143162515631,0.850938755779211,-0.36627746698772984,bull
2023-03-22,0.3045127264495869,0.8527155437675652,-0.35974963764686063,bull
2023-03-23,0.3028424470120375,0.8481822420236271,-0.3635933643585527,bull
2023-03-24,0.30333388851963966,0.843848828024822,-0.3592184300400034,bull
2023-03-27,0.2967296056265167,0.8428384490430986,-0.37193813936779335,bull
2023-03-28,0.2894250379701801,0.843705584001396,-0.3605341409522132,bull
2023-03-29,0.2930844413587159,0.8438378031483067,-0.36311862837379516,bull
2023-03-30,0.29919711870042737,0.833702147730462,-0.34953949292073927,bull
2023-03-31,0.309177528676854,0.8371811360470731,-0.345744253224332,bull
2023-04-03,0.3037100795444565,0.8517239163515006,-0.3445701619022562,bull
2023-04-04,0.2872399981202021,0.8510351017546008,-0.34497024613531574,bull
2023-04-05,0.2865312015865819,0.8513037276122613,-0.3549657658276975,bull
2023-04-06,0.28693542744729944,0.8533563852017476,-0.34748547993269263,bull
2023-04-10,0.28551447725615847,0.8562463887913107,-0.3474175557816733,bull
2023-04-11,0.2852419738709013,0.8553962766171507,-0.35357876727193394,bull
2023-04-12,0.2845637886291856,0.8550805070075996,-0.35849193610532787,bull
2023-04-13,0.29409739454624445,0.8624993895918924,-0.3597984987937548,bull
2023-04-14,0.27402464883004635,0.8597324782932698,-0.3687492113261272,bull
2023-04-17,0.27106062894915306,0.8606822275144534,-0.36802365943979193,bull
2023-04-18,0.26635915474592287,0.8508864809108203,-0.3696488949332455,bull
2023-04-19,0.26389625140397016,0.8506882001397504,-0.32901386638695473,bull
2023-04-20,0.26446276093151394,0.851418661308345,-0.3285818954927052,bull
2023-04-21,0.26726480712230843,0.8504312879054947,-0.32568435869992324,bull
2023-04-24,0.2667246907679415,0.8428206156147302,-0.3293817814876773,bull
2023-04-25,0.27991316508956926,0.8645812855943257,-0.32583178138796814,bull
2023-04-26,0.27385669442514365,0.8657923600684809,-0.32775700349086684,bull
2023-04-27,0.26965034914462,0.8766016490859296,-0.3318796400403456,bull
2023-04-28,0.2732746757196813,0.8776207518586813,-0.32615134807514923,bull
2023-05-01,0.2872245096390044,0.8700616105055533,-0.34358411082776963,bull
2023-05-02,0.29471507666549235,0.8795199461252657,-0.3267549823701765,bull
2023-05-03,0.29357624172611263,0.8821085423259339,-0.3145868366757865,bull
2023-05-04,0.2935600068161294,0.8733647241365202,-0.3040644402584243,bull
2023-05-05,0.30155105729171455,0.884562912877429,-0.3217483077161502,bull
2023-05-08,0.3012785057857439,0.8879164062460517,-0.29314192664157723,bull
2023-05-09,0.3043169462704118,0.8860994228790132,-0.2739706771743664,bull
2023-05-10,0.2959760348258554,0.8869769112093296,-0.29024666534354937,bull
2023-05-11,0.29690568838359793,0.8954070277907168,-0.2913544827163131,bull
2023-05-12,0.29782660812524814,0.8973727190404279,-0.3031156324570525,bull
2023-05-15,0.28487837738516075,0.9025619257766685,-0.3248761491419292,bull
2023-05-16,0.2904297220392253,0.902922293220843,-0.31830011036998296,bull
2023-05-17,0.27801830508766884,0.9085771472349753,-0.3309528948161631,bull
2023-05-18,0.276593309845065,0.9072048509276158,-0.33225002239028284,bull
2023-05-19,0.27848793691884577,0.9064461988925646,-0.32675047117468664,bull
2023-05-22,0.2659954687202238,0.9056701544074148,-0.3681949278387548,bull
2023-05-23,0.2667847577453988,0.8984226449881058,-0.35344402678774367,bull
2023-05-24,0.2689496719837833,0.8988182471497695,-0.36773838893837285,bull
2023-05-25,0.26018065813271307,0.8999955466209161,-0.33821665002125617,bull
2023-05-26,0.26491325111129577,0.8997870770040566,-0.3452638559129512,bull
2023-05-30,0.25708546631636403,0.8993244454994213,-0.34946660710030336,bull
2023-05-31,0.25583606524766694,0.9002422705320422,-0.34726463814382774,bull
2023-06-01,0.2398053255045432,0.9002005623976546,-0.3730125156779521,bull
2023-06-02,0.252325852462206,0.9029160780197487,-0.38026018370608455,bull
2023-06-05,0.2386169292311714,0.9047719496701567,-0.40168292924106963,bull
2023-06-06,0.23511508975178122,0.9046357363164675,-0.3881906270274899,bull
2023-06-07,0.23445529693207134,0.9062679409799173,-0.3996401478871461,bull
2023-06-08,0.22343309596693833,0.9090501773739167,-0.4727917157056533,bull
2023-06-09,0.2297998622570165,0.8948442503021342,-0.4769359145816885,bull
2023-06-12,0.22252624723870507,0.8979995552332786,-0.4999807162525216,bull
2023-06-13,0.2172560681674881,0.89497793299959,-0.539181282021343,bull
2023-06-14,0.21114686550171188,0.8951447794690663,-0.5455912403688635,bull
2023-06-15,0.21460053908114538,0.8875915683967955,-0.5484793814324217,bull
2023-06-16,0.1975594746911842,0.8839087832193363,-0.5736058638873482,bull
2023-06-20,0.20009352650941195,0.8872159180337286,-0.5908354798092582,bull
2023-06-21,0.20254918767400956,0.8906902271506557,-0.5954687694609175,bull
2023-06-22,0.20276452634835268,0.8889259620547422,-0.5981093127050968,bull
2023-06-23,0.20638310685832942,0.8881948861384691,-0.597450965738646,bull
2023-06-26,0.19770847222011154,0.8911477185610448,-0.5718146780120146,bull
2023-06-27,0.1983835416487474,0.8906650281701026,-0.5811456949744118,bull
2023-06-28,0.18882113563891437,0.8915698983812964,-0.5949830373579229,bull
2023-06-29,0.1886230107426555,0.8744728957506042,-0.5999547140155034,bull
2023-06-30,0.1940718596140127,0.8749746462663872,-0.5832471216045774,bull
2023-07-03,0.19836372065899063,0.8785154192581576,-0.5806999390619927,bull
2023-07-05,0.1985532797591423,0.8768599349233712,-0.5493911365086517,bull
2023-07-06,0.21062508021877568,0.8806154714703016,-0.5483759612220902,bull
2023-07-07,0.2131108852726334,0.8787563606788928,-0.5398078657722399,bull
2023-07-10,0.21167549980235734,0.878909540222287,-0.5402628364897677,bull
2023-07-11,0.20608902060486808,0.8818528547727664,-0.5587515403381313,bull
2023-07-12,0.21599217529408218,0.881366654810522,-0.5517941488525245,bull
2023-07-13,0.21680040725055558,0.882296191970097,-0.5523119965488632,bull
2023-07-14,0.21481893559207882,0.9036749852911573,-0.566380521318901,bull
2023-07-17,0.2142247540229715,0.9030666710092726,-0.5612525399687909,bull
2023-07-18,0.2111404583567835,0.9017407106242452,-0.5563030344647386,bull
2023-07-19,0.212397345538759,0.9046342723451894,-0.5495641263368503,bull
2023-07-20,0.20423132869380528,0.9034582749504015,-0.5841800992091963,bull
2023-07-21,0.19191018810197555,0.8995725532716627,-0.5900732809446243,bull
2023-07-24,0.18970402575309891,0.9045286040273571,-0.5898000712774452,bull
2023-07-25,0.17943674714960733,0.9053015304655609,-0.32924793380141876,bull
2023-07-26,0.1720930136808879,0.9043604612837198,-0.3477879394812997,bull
2023-07-27,0.17168248122911242,0.9111783459405918,-0.31327445561620654,bull
2023-07-28,0.16758616666695808,0.8974982290477782,-0.35282775957380663,bull
2023-07-31,0.1637593163147444,0.9018447810709856,-0.39552988842627324,bull
2023-08-01,0.15806263621800903,0.9072517614780186,-0.38352624741657665,bull
2023-08-02,0.15712215529667717,0.9028681043692075,-0.3891361227279616,bull
2023-08-03,0.15682745809138318,0.8929804696991961,-0.38966091600733543,bull
2023-08-04,0.154006852002141,0.8922621781147329,-0.3953576598036195,bull
2023-08-07,0.16026175802150203,0.8893207244894274,-0.3850625483885499,bull
2023-08-08,0.15849107676216068,0.8920412517825898,-0.3732513239095989,bull
2023-08-09,0.16065075624989875,0.8831066036052427,-0.37663782150014874,bull
2023-08-10,0.16132903846841093,0.8834311786668083,-0.375050785597438,bull
2023-08-11,0.15636642128901096,0.8777372701020006,-0.35290865758493656,bull
2023-08-14,0.1501099336307926,0.8764422944068094,-0.3498206951984806,bull
2023-08-15,0.1614126750248126,0.8892678840689049,-0.3528038810483963,bull
2023-08-16,0.16562687088073366,0.8836685202766035,-0.33431457966790895,bull
2023-08-17,0.17009192957767896,0.8861286083961506,-0.31791996149685803,bull
2023-08-18,0.16882567043292895,0.8924969675891622,-0.32138031253284016,bull
2023-08-21,0.16429643811492106,0.8926956798907402,-0.32747182700430016,bull
2023-08-22,0.17314158808333074,0.8893240751575554,-0.3289302320375244,bull
2023-08-23,0.1699338979255551,0.8853607990886314,-0.3368569918162062,bull
2023-08-24,0.18110387974676234,0.8854107375711061,-0.33717828836734526,bull
2023-08-25,0.18631850490652613,0.8793222060759627,-0.313500608148815,bull
2023-08-28,0.18980507410034386,0.8786646460913413,-0.30779929386365834,bull
2023-08-29,0.17558379949031105,0.8708136368896754,-0.32375937255243326,bull
2023-08-30,0.174407256469624,0.8680021497743593,-0.32805580677564083,bull
2023-08-31,0.17685467216677322,0.8688221678441751,-0.3308391304163819,bull
2023-09-01,0.18178085123631546,0.8686089255615677,-0.33978666878841707,bull
2023-09-05,0.1827261499680012,0.8593320084950632,-0.316964742596596,bull
2023-09-06,0.1861666641793478,0.8576087955972423,-0.2996105930401143,bull
2023-09-07,0.184640855520346,0.8551316951073527,-0.298672047898562,bull
2023-09-08,0.18373921070846447,0.8543184836687737,-0.3105760302553299,bull
2023-09-11,0.18710353653740475,0.8526527458478855,-0.3101763071128559,bull
2023-09-12,0.17736227611898592,0.8573762699411046,-0.30494987383492744,bull
2023-09-13,0.17790078214829202,0.8560530548960533,-0.3251172506958131,bull
2023-09-14,0.18316800032461805,0.8443909801729538,-0.3365031188235944,bull
2023-09-15,0.19186949458188096,0.8408037507768095,-0.2968064973001396,bull
2023-09-18,0.1949575250345315,0.8436547957439356,-0.2905709764057627,bull
2023-09-19,0.1920636602882221,0.8416836782927688,-0.29051541996400565,bull
2023-09-20,0.19992355074853924,0.8376869294987755,-0.311684332029293,bull
2023-09-21,0.21522971159621726,0.8416646873877398,-0.30044799829102997,bull
2023-09-22,0.21662771017727772,0.8395872321009892,-0.282280626436222,bull
2023-09-25,0.21930194664994543,0.83913039745704,-0.285004801538316,bull
2023-09-26,0.2242648329671628,0.8367146156065852,-0.2890086500839427,bull
2023-09-27,0.2200569489125318,0.843234038001023,-0.2655360979483669,bull
2023-09-28,0.22052765160016055,0.8427842044180562,-0.26598535467885764,bull
2023-09-29,0.2040852986248147,0.8350343096730961,-0.2710962986249089,bull
2023-10-02,0.20124462707077265,0.8421379323587644,-0.27414571568401114,bull
2023-10-03,0.209219527109599,0.8425180460854941,-0.2738354554939648,bull
2023-10-04,0.20501072882514998,0.8554493229429783,-0.27471124814508285,bull
2023-10-05,0.19821770999514435,0.8265840517744426,-0.2870671085246664,bull
2023-10-06,0.20390477350030847,0.8248979302840275,-0.2882595018253852,bull
2023-10-09,0.20816139560404712,0.823683450258129,-0.28337978687612303,bull
2023-10-10,0.2122138407779448,0.8249398233865664,-0.2676704973441179,bull
2023-10-11,0.2130404007259844,0.8454252743512186,-0.27719660243660754,bull
2023-10-12,0.21329043031764466,0.8449834459727336,-0.27816583134401296,bull
2023-10-13,0.219256171196191,0.8471665115562456,-0.2681946206888497,bull
2023-10-16,0.22953864311171152,0.8493380963046129,-0.25023140975946967,bull
2023-10-17,0.22719988030080945,0.8498827693207995,-0.24662450599153898,bull
2023-10-18,0.23316510544592747,0.8512636916401902,-0.26376367616511853,bull
2023-10-19,0.24085952631202534,0.8509409386287115,-0.2652665575423863,bull
2023-10-20,0.24910453207850292,0.862475000401118,-0.25082936260569455,bull
2023-10-23,0.24177984378906242,0.8409762588601882,-0.26117826231727476,bull
2023-10-24,0.24722707089093648,0.8232930879115169,-0.2747778535087572,bull
2023-10-25,0.2468379445802641,0.8214768498599776,-0.27238670939768184,bull
2023-10-26,0.2386307486703999,0.8202992712135486,-0.2892178526127687,bull
2023-10-27,0.23537763307688214,0.7639664413266158,-0.2981380703611001,bull
2023-10-30,0.2536515937506461,0.7624035238339812,-0.2953287161971141,bull
2023-10-31,0.24328090498510538,0.7637846583509437,-0.2948170870622568,bull
2023-11-01,0.2513779179956861,0.7628164414687841,-0.2934017261746773,bull
2023-11-02,0.2721400190897869,0.7838236089359801,-0.268636749290242,bull
2023-11-03,0.2698929568041615,0.7929644419908195,-0.27176767061711876,bull
2023-11-06,0.26886274212503153,0.7908099544719156,-0.27534340938719365,bull
2023-11-07,0.2693669341376842,0.791462515684766,-0.28901616848874534,bull
2023-11-08,0.26239187136943665,0.7895813749442018,-0.3237672291683705,bull
2023-11-09,0.2637490830046046,0.7943905349475837,-0.3266706620401738,bull
2023-11-10,0.2719433230716398,0.7986492883388747,-0.3103469054564592,bull
2023-11-13,0.27030489942552655,0.7964961679422847,-0.31077752873855485,bull
2023-11-14,0.28289600918888547,0.8157171198363237,-0.2977313992435744,bull
2023-11-15,0.27884455089468396,0.817197798132618,-0.3022882370339347,bull
2023-11-16,0.2704696375681246,0.8141428978969707,-0.29935335333149715,bull
2023-11-17,0.26301329464867224,0.8125859006933296,-0.29353837337212263,bull
2023-11-20,0.26190099009489165,0.8128376597993859,-0.29837256141156715,bull
2023-11-21,0.260275343247194,0.8079378756945437,-0.29585461454629924,bull
2023-11-22,0.2547547056852105,0.8005818013379644,-0.2915764043405059,bull
2023-11-24,0.2551129406993526,0.8006079091768421,-0.29165430270236015,bull
2023-11-27,0.256843426449454,0.8016520205521201,-0.3020908306022168,bull
2023-11-28,0.257030866872543,0.801764911220732,-0.30805620631326436,bull
2023-11-29,0.2552323728540307,0.8030046704227404,-0.3015315794199478,bull
2023-11-30,0.2514226268789173,0.8017478508444394,-0.3004014338584265,bull
2023-12-01,0.25178248368996275,0.8065868984573256,-0.2999865367228032,bull
2023-12-04,0.2502339067466004,0.8050215725148059,-0.3207728050803323,bull
2023-12-05,0.24976989627065346,0.805222305427337,-0.3239066317321389,bull
2023-12-06,0.2527951785523697,0.7983799132998413,-0.31734831812219383,bull
2023-12-07,0.2523075974393987,0.7970416181939173,-0.3392247397449805,bull
2023-12-08,0.247179035303421,0.7974498121581172,-0.3409500622092211,bull
2023-12-11,0.23919446415219778,0.8150265443189371,-0.3263000100440491,bull
2023-12-12,0.24103453353690343,0.8188629555551541,-0.3262031899052532,bull
2023-12-13,0.24450790367166222,0.8330640264380633,-0.3142190421802637,bull
2023-12-14,0.23204713097192337,0.8384971497567,-0.3309225011458814,bull
2023-12-15,0.21865424467021066,0.8386598783882807,-0.34010413833567094,bull
2023-12-18,0.21573378857028228,0.8399176613673329,-0.35373212210338223,bull
2023-12-19,0.21714976524844268,0.8416140089370225,-0.34831750472934425,bull
2023-12-20,0.2219713196687777,0.8407964294042756,-0.3370400094453548,bull
2023-12-21,0.22648609188298024,0.8404164194377126,-0.33509296661552024,bull
2023-12-22,0.22388156018600117,0.8367463961341065,-0.33623076721973993,bull
2023-12-26,0.22521636103326603,0.8371396119651198,-0.33500174428683727,bull
2023-12-27,0.22897704439134814,0.8352636513896932,-0.3283531798245147,bull
2023-12-28,0.22084356581249773,0.8335659537553901,-0.32955429892684596,bull
2023-12-29,0.2238655974781033,0.8338530667644926,-0.31389166749942204,bull
2024-01-02,0.21833322135350458,0.8298525070539469,-0.3747561735592576,bull
2024-01-03,0.2151823819402552,0.839120453431191,-0.38409089813231606,bull
2024-01-04,0.21613610276926482,0.8399399010977502,-0.3834490348660971,bull
2024-01-05,0.21549371477694662,0.8365570064507369,-0.38258112504465913,bull
2024-01-08,0.215366611733071,0.85118868631528,-0.37877259991028117,bull
2024-01-09,0.2144329124830069,0.8449263567475536,-0.38243841840780385,bull
2024-01-10,0.21601445019853452,0.8206514933869222,-0.3836044671524359,bull
2024-01-11,0.21291354780280825,0.821466301178183,-0.3823543631165248,bull
2024-01-12,0.21393162722367906,0.8606416945316637,-0.3845764194394707,bull
2024-01-16,0.20850565226041756,0.8496316789719474,-0.4232662199231389,bull
2024-01-17,0.2063314871221056,0.8510454424473447,-0.4232794103446503,bull
2024-01-18,0.20118433989654716,0.868747109272749,-0.40546071171307974,bull
2024-01-19,0.20352442919730243,0.8664195481321547,-0.3994562110530684,bull
2024-01-22,0.20480338059626899,0.8658336203865687,-0.3962550136656688,bull
2024-01-23,0.19788794649280483,0.865567137320659,-0.40298306479682267,bull
2024-01-24,0.19066190978392802,0.8680656674162051,-0.3887936736326758,bull
2024-01-25,0.1873843905022692,0.8637032494846913,-0.377107550033131,bull
2024-01-26,0.17058518706159082,0.863403429468081,-0.3938451580410766,bull
2024-01-29,0.1742297254217426,0.8744722230577732,-0.3886236788182727,bull
2024-01-30,0.16706485623626896,0.8657150442318201,-0.3832450679676459,bull
2024-01-31,0.16195162957167505,0.8543361173075883,-0.43725339934580076,bull
2024-02-01,0.16450795465928236,0.8510068545828468,-0.44406809612609816,bull
2024-02-02,0.1574673255572252,0.8310726401407975,-0.42164488655155336,bull
2024-02-05,0.15828921012638034,0.8339099518870224,-0.42406931179841856,bull
2024-02-06,0.15784371662366745,0.841941644822998,-0.4210196523587955,bull
2024-02-07,0.1478189016405157,0.8396003169732291,-0.4163300501179094,bull
2024-02-08,0.14244191108418686,0.842933107306674,-0.4297620400996881,bull
2024-02-09,0.14206852205837703,0.8424501960045654,-0.41923725470731793,bull
2024-02-12,0.12733281927624912,0.8202232255943553,-0.419337099333925,bull
2024-02-13,0.14684405940324244,0.8308326253921635,-0.41449821015359295,bull
2024-02-14,0.15215174314424987,0.8275904726292389,-0.39974099116935735,bull
2024-02-15,0.1566977169422815,0.8320410410320723,-0.39827294314588746,bull
2024-02-16,0.15618940576174706,0.8303596140883648,-0.40246516677656347,bull
2024-02-20,0.15417021474806586,0.826386086722511,-0.42158564117473235,bull
2024-02-21,0.1537842022564505,0.823519912991124,-0.4225185683166969,bull
2024-02-22,0.16013504194617573,0.8214322271378387,-0.3989336499396018,bull
2024-02-23,0.1588434580135309,0.8210577376477477,-0.4099866349435639,bull
2024-02-26,0.16017854348609536,0.8269016950995796,-0.4054855326657175,bull
2024-02-27,0.16183458202712678,0.8057721229564639,-0.39469016538165624,bull
2024-02-28,0.16165754002383254,0.8040831236232253,-0.38469559886892213,bull
2024-02-29,0.16110987776527627,0.8038622780944803,-0.38089679154219824,bull
2024-03-01,0.1617348156457334,0.8034287564553185,-0.36950508837270535,bull
2024-03-04,0.15914250507246092,0.8012087634943569,-0.36860933913001465,bull
2024-03-05,0.16139020610973384,0.8043116457315966,-0.33596149328669095,bull
2024-03-06,0.16133341819447655,0.7891939459784724,-0.3325859643476059,bull
2024-03-07,0.16195996604971513,0.7869639603220376,-0.3229372104345196,bull
2024-03-08,0.1627231276509424,0.7861311036697913,-0.3030070344963142,bull
2024-03-11,0.16045702799756398,0.7795219120539513,-0.32605402500642583,bull
2024-03-12,0.15426695196543103,0.7837254223147421,-0.344355475593229,bull
2024-03-13,0.1607168715393472,0.7793863549225775,-0.30055094138013727,bull
2024-03-14,0.1614461491103416,0.776574081243139,-0.30920894004519106,bull
2024-03-15,0.16399949072319014,0.7791699262600312,-0.31155015889309995,bull
2024-03-18,0.16065254728139577,0.7793332491272198,-0.3160096143050238,bull
2024-03-19,0.13937582580359426,0.7773584998611013,-0.36939745929561596,bull
2024-03-20,0.13753123177200346,0.7777485960713325,-0.3877906859271843,bull
2024-03-21,0.13852109609277646,0.774418882735881,-0.38129197943191945,bull
2024-03-22,0.13792241282920076,0.7731481252539946,-0.3890300609141188,bull
2024-03-25,0.13789858539984443,0.7677191984982275,-0.38998216242581957,bull
2024-03-26,0.13673993392632397,0.7692779541766324,-0.3912541941785532,bull
2024-03-27,0.14716052131397533,0.7642109683959296,-0.383103644019147,bull
2024-03-28,0.1519760076837931,0.7731381052463364,-0.3393274415203288,bull
2024-04-01,0.15340494929707865,0.776418320490022,-0.3400954577709122,bull
2024-04-02,0.15856052479023758,0.7783299037201015,-0.3135906053614363,bull
2024-04-03,0.15706349541552092,0.7791083956323425,-0.3136061500735774,bull
2024-04-04,0.16829230094881648,0.7745014703033168,-0.2692497603163264,bull
2024-04-05,0.17093225839318654,0.7849707078633069,-0.25976562895571453,bull
2024-04-08,0.17051640481632127,0.7808241199844499,-0.26038672493759574,bull
2024-04-09,0.16985110087019864,0.7834621627561584,-0.2660626390732393,bull
2024-04-10,0.17806048398768679,0.7867323540274826,-0.2605894431720452,bull
2024-04-11,0.16857266965978587,0.7800924576421113,-0.31053137656565316,bull
2024-04-12,0.17963600728687873,0.7866504851247678,-0.2901951811232777,bull
2024-04-15,0.1788280975917935,0.7891626171405787,-0.32524288721139455,bull
2024-04-16,0.17379048064039135,0.7883280132601905,-0.35151751606261067,bull
2024-04-17,0.17010467430857998,0.7888909306348685,-0.35018210869983185,bull
2024-04-18,0.17128605137923608,0.781034164454114,-0.3473423924079191,bull
2024-04-19,0.16737540809332185,0.7872259802212446,-0.35894517978829105,bull
2024-04-22,0.17466394763862045,0.7857156721699463,-0.32459623564527895,bull
2024-04-23,0.18191577226227104,0.7885392221376201,-0.33301674938648407,bull
2024-04-24,0.17820325320256256,0.7817685510980946,-0.3341741351477771,bull
2024-04-25,0.17730903723715424,0.7866975403185907,-0.3702667926403758,bull
2024-04-26,0.1661337370279507,0.7849114832813363,-0.286778216576458,bull
2024-04-29,0.16450186130487673,0.7945002309662196,-0.3384199199600349,bull
2024-04-30,0.17856621695930827,0.829689106602303,-0.3394016403975598,bull
2024-05-01,0.17271829531293487,0.8327270266443224,-0.30691767889284954,bull
2024-05-02,0.17392733840367264,0.8237368203678916,-0.30241217617965743,bull
2024-05-03,0.17222977657501556,0.8223883142156985,-0.31061361705081647,bull
2024-05-06,0.17532325310726213,0.8245597691833896,-0.2810419315248059,bull
2024-05-07,0.176760102394175,0.8174400164841831,-0.27105566872327125,bull
2024-05-08,0.1766013410653955,0.8120107590363465,-0.27152635242604817,bull
2024-05-09,0.16576519599134656,0.8038635773215296,-0.2732512268408022,bull
2024-05-10,0.16422558670257337,0.7894686580423776,-0.27157832714927843,bull
2024-05-13,0.15662066704596225,0.7882574566110228,-0.27243566018445103,bull
2024-05-14,0.1568211598668668,0.7872917562923262,-0.27968879122990864,bull
2024-05-15,0.16308856037496977,0.7878679043680759,-0.24092908890832795,bull
2024-05-16,0.1607220428152836,0.7877452374696882,-0.23296726600921436,bull
2024-05-17,0.15560240709210985,0.7898775100934858,-0.2457046599615796,bull
2024-05-20,0.15525073187554858,0.7918868582154093,-0.2590453521314316,bull
2024-05-21,0.1545967930801711,0.7844354559820309,-0.2594312530212937,bull
2024-05-22,0.15551072221954257,0.7819274975771413,-0.2684190281672533,bull
2024-05-23,0.17092467887779925,0.7818604836944045,-0.3316023776471134,bull
2024-05-24,0.1722307289369339,0.7902694818568595,-0.3409664483514998,bull
2024-05-28,0.17117134135056597,0.7944146286389664,-0.3847633848584507,bull
2024-05-29,0.18032289907836646,0.8023301804939478,-0.3736219671767444,bull
2024-05-30,0.17024705673231524,0.7827267872678939,-0.38206101672564124,bull
2024-05-31,0.18246379050957925,0.8002368979322286,-0.38351283066990693,bull
2024-06-03,0.17775901624652016,0.7939780733353022,-0.3604134498480061,bull
2024-06-04,0.17630686409808427,0.7935870499312878,-0.3560860281041727,bull
2024-06-05,0.1793916306944242,0.7950075705215819,-0.3617054964634276,bull
2024-06-06,0.1781941353077638,0.7980135199403913,-0.4131788064237434,bull
2024-06-07,0.1799404638322006,0.8037866861990638,-0.4233564015878,bull
2024-06-10,0.1800493928625578,0.8023296271134278,-0.4515612910208071,bull
2024-06-11,0.1762723804931081,0.8013105035378396,-0.4528681422479567,bull
2024-06-12,0.17435520458868153,0.800699455760522,-0.46060606751570016,bull
2024-06-13,0.17320979392284583,0.7988725215883445,-0.4551701952444078,bull
2024-06-14,0.1702626199014225,0.791956781455658,-0.4534888848285106,bull
2024-06-17,0.17339775111041889,0.7619967214069988,-0.45517786714448916,bull
2024-06-18,0.17339951171621754,0.7492552844189725,-0.4532131542718373,bull
2024-06-20,0.17377832716174452,0.7478467101538585,-0.469823882327621,bull
2024-06-21,0.17566618505719264,0.7422285494258796,-0.47365366680461146,bull
2024-06-24,0.16469948757728015,0.764967058244882,-0.454245455648847,bull
2024-06-25,0.16423784516917483,0.7579864210993944,-0.470000850373436,bull
2024-06-26,0.1617865663680235,0.7419807120628208,-0.4702493932132558,bull
2024-06-27,0.15850327900123007,0.7494965959723948,-0.46097474591245835,bull
2024-06-28,0.15348130040366675,0.7500867890760632,-0.4877879404515208,bull
2024-07-01,0.14125610130478375,0.7498725132811848,-0.5182094934337595,bull
2024-07-02,0.1381957013128726,0.7468614637138556,-0.5157893663606979,bull
2024-07-03,0.13833912040619728,0.7457714412774573,-0.5185732970839012,bull
2024-07-05,0.1390422018295741,0.749696652466024,-0.5191267758836782,bull
2024-07-08,0.13069260598895724,0.7439071319543147,-0.5201057612462371,bull
2024-07-09,0.13248888361670713,0.7463747450085826,-0.49783700486665217,bull
2024-07-10,0.12196309089322219,0.7468136230757011,-0.49297254173565974,bull
2024-07-11,0.11779668070580193,0.7402316710703513,-0.5024896718324783,bull
2024-07-12,0.11813184880295087,0.7577815247342682,-0.49432647295437476,bull
2024-07-15,0.1176493987855011,0.7551796899737651,-0.4939489660992096,bull
2024-07-16,0.12165737116092566,0.7552320508809777,-0.5010317132469043,bull
2024-07-17,0.12227232474536703,0.7503145401731582,-0.540113208727364,bull
2024-07-18,0.12825948533869666,0.7699094709669,-0.5624823616298484,bull
2024-07-19,0.12677724093794307,0.7577142851197013,-0.5551957207491822,bull
2024-07-22,0.12757284269763994,0.7581580300366304,-0.5781973504680656,bull
2024-07-23,0.1250910553782282,0.7674819019012594,-0.5546588154783912,bull
2024-07-24,0.13653318447414373,0.8175456139403018,-0.5910783490446939,bull
2024-07-25,0.13262548185858117,0.828474500481341,-0.5932512437598476,bull
2024-07-26,0.12699141420189325,0.8412159133070044,-0.6189446409633786,bull
2024-07-29,0.12969385118489143,0.8421888914591543,-0.5948786464242523,bull
2024-07-30,0.12250896674883967,0.8495064197488281,-0.6103510481792919,bull
2024-07-31,0.11963157111434755,0.8493330765259057,-0.645058170438721,bull
2024-08-01,0.11554292369990202,0.805095891032784,-0.6595541843848669,bull
2024-08-02,0.12667675866411812,0.8383265833580349,-0.6597198894013464,bull
2024-08-05,0.16369629979117883,0.8428453623699,-0.5789274566656921,bull
2024-08-06,0.15948813018384134,0.8387355181087192,-0.5849512977608482,bull
2024-08-07,0.1592938463532682,0.8328931361555832,-0.5724670527013448,bull
2024-08-08,0.1769149398084716,0.8425184085767199,-0.5493883241571164,bull
2024-08-09,0.17640900453104721,0.8405949042587275,-0.5496603977586869,bull
2024-08-12,0.17250878286472232,0.8335221459329691,-0.5655801694018624,bull
2024-08-13,0.1821492444766222,0.834133922239751,-0.5741729591755268,bull
2024-08-14,0.1815304449089561,0.8291815612860347,-0.5739797226283239,bull
2024-08-15,0.18732269502516444,0.8287072130685208,-0.564405188032211,bull
2024-08-16,0.1880152991829651,0.8275926798990166,-0.5637521957124761,bull
2024-08-19,0.1900611726300752,0.8282431775305283,-0.5613295121215617,bull
2024-08-20,0.17792206071446293,0.8291856996388789,-0.5252266299213917,bull
2024-08-21,0.1783442024893942,0.829887309222085,-0.5208033055817273,bull
2024-08-22,0.17896346808757194,0.8294200440421352,-0.4974715702060917,bull
2024-08-23,0.17888157453336243,0.8315905415827759,-0.4743806327056704,bull
2024-08-26,0.18737961103940146,0.8317616181068554,-0.47224559512110015,bull
2024-08-27,0.18007095471517198,0.8321897426656866,-0.4725097332095003,bull
2024-08-28,0.18394240156530065,0.8291831139551833,-0.49080288698396796,bull
2024-08-29,0.1846124890584923,0.8298768176977845,-0.47909697017935543,bull
2024-08-30,0.18708637664559094,0.834042441946894,-0.4560098042302966,bull
2024-09-03,0.1979523011473776,0.85821509792743,-0.4539282920760854,bull
2024-09-04,0.19764452553677295,0.8613679054455237,-0.45304904942593893,bull
2024-09-05,0.1993432592190559,0.8620108770741891,-0.4504088619210842,bull
2024-09-06,0.21018459732712566,0.8627854378520398,-0.43911094587863875,bull
2024-09-09,0.21869406433001004,0.8659710620076174,-0.4072903563206241,bull
2024-09-10,0.2133299685931732,0.855163831800586,-0.40485932270079455,bull
2024-09-11,0.21046238465680298,0.8556241113179861,-0.434811492020927,bull
2024-09-12,0.21093209983909603,0.8529296581743395,-0.4360029208414004,bull
2024-09-13,0.21146343370399476,0.8530514903710134,-0.4331451287555197,bull
2024-09-16,0.21290353442091312,0.8535846574502485,-0.4272021946956123,bull
2024-09-17,0.2125362850593161,0.8515687966366068,-0.4239493488140249,bull
2024-09-18,0.211893120311605,0.8548065402052158,-0.42457518716475584,bull
2024-09-19,0.21279960139212187,0.8557624602228794,-0.4117039139855953,bull
2024-09-20,0.2127964947962672,0.834856420507331,-0.40682437040659164,bull
2024-09-23,0.21414333610482927,0.8499655789860188,-0.4152338115210337,bull
2024-09-24,0.22108493286952438,0.8487755614074036,-0.41831514485847227,bull
2024-09-25,0.22388124326247918,0.8462807547019113,-0.42290127854071613,bull
2024-09-26,0.22407063535965016,0.8471630336839311,-0.4252610194411821,bull
2024-09-27,0.2241054896209223,0.8477050370398834,-0.4206482467286464,bull
2024-09-30,0.2241825888630143,0.8460200429857125,-0.43280913894692,bull
2024-10-01,0.22398805910785027,0.8455455048925421,-0.4096456058099849,bull
2024-10-02,0.22292157186989392,0.8437858636505318,-0.42464330010898405,bull
2024-10-03,0.2193191830221528,0.8476219788859566,-0.45242133706825166,bull
2024-10-04,0.2235735396230421,0.8427853964252514,-0.45937577062202867,bull
2024-10-07,0.22678284486302108,0.8479448058201674,-0.46264409117535615,bull
2024-10-08,0.22781053903009083,0.8418150803608696,-0.46179866827773497,bull
2024-10-09,0.22518799131736106,0.8403146139241142,-0.45902467771919875,bull
2024-10-10,0.23234241190061886,0.8491774520237101,-0.41371766488867523,bull
2024-10-11,0.22797769054112077,0.8351745313002477,-0.40835795758972737,bull
2024-10-14,0.2283257889091742,0.8389849062478263,-0.41718904667452583,bull
2024-10-15,0.22744925071372066,0.8390100351477828,-0.43238271128284983,bull
2024-10-16,0.2328800723700448,0.8292382846085085,-0.44355431657447636,bull
2024-10-17,0.23669932490405715,0.8272797429049321,-0.39873149514285844,bull
2024-10-18,0.24523972538194666,0.8288813256899312,-0.39583823586684397,bull
2024-10-21,0.24261201250138878,0.8279261494165909,-0.412185610883411,bull
2024-10-22,0.2429975862757025,0.8269980920728977,-0.4331346463346522,bull
2024-10-23,0.24960067421188953,0.8219169663437791,-0.47277193832848874,bull
2024-10-24,0.2437830957267301,0.831654592628921,-0.47823466038272083,bull
2024-10-25,0.2541212113800499,0.8303033250691217,-0.41893005294331365,bull
2024-10-28,0.25874284781246915,0.8169230085595106,-0.42041034910578334,bull
2024-10-29,0.20835391105996015,0.8187651136880036,-0.4884569583974988,bull
2024-10-30,0.204846042036301,0.8200923384786044,-0.4824143018237497,bull
2024-10-31,0.2120331483226751,0.837135480407799,-0.42924161344194167,bull
2024-11-01,0.187529337115552,0.7705709668837517,-0.46017782617635045,bull
2024-11-04,0.18895944037376372,0.7744293582240022,-0.46105107176221644,bull
2024-11-05,0.19145164714162463,0.7684057140723022,-0.4312018642319802,bull
2024-11-06,0.16659568319097098,0.8882473914328523,-0.4755278847640687,bull
2024-11-07,0.16422401488859817,0.8836089211334812,-0.4579693956012633,bull
2024-11-08,0.15435208221410965,0.8831617874837675,-0.4606295781336907,bull
2024-11-11,0.15018098732409033,0.8818827693967775,-0.46207520490325177,bull
2024-11-12,0.1493148927894395,0.8777360085446406,-0.46044340979461207,bull
2024-11-13,0.14886959683478831,0.8785290995315749,-0.4637777408734583,bull
2024-11-14,0.15020328148344683,0.8758364734897836,-0.46419150678493704,bull
2024-11-15,0.1501402894965143,0.8762954196213348,-0.46787874386061135,bull
2024-11-18,0.14363716620244904,0.8779144092989073,-0.4620014387233567,bull
2024-11-19,0.1420870989048928,0.8793399835919481,-0.4675570029328433,bull
2024-11-20,0.14107214542044416,0.8783679121556485,-0.4704976286612501,bull
2024-11-21,0.1397859800324801,0.882473017569394,-0.4463812484501778,bull
2024-11-22,0.14314832435866975,0.8831966996304149,-0.456006633486759,bull
2024-11-25,0.14079342550759139,0.882826088094337,-0.4693789670364635,bull
2024-11-26,0.12429747697256205,0.8877283981595753,-0.41968993467302207,bull
2024-11-27,0.12387093769518534,0.8894864627135133,-0.41218945194273465,bull
2024-11-29,0.12312359671826567,0.8887846341024481,-0.4112021125606863,bull
2024-12-02,0.10972754790983588,0.8870418629056483,-0.43183355764324916,bull
2024-12-03,0.10204306046806684,0.8857211973981066,-0.48362160996862996,bull
2024-12-04,0.1020843311987236,0.8770240339845466,-0.506309115857586,bull
2024-12-05,0.10200538248784818,0.8830651559542146,-0.46180549358078987,bull
2024-12-06,0.10093168777501295,0.8816117520262398,-0.4610243811227588,bull
2024-12-09,0.09933753744956328,0.8832094424040687,-0.46491009404446365,bull
2024-12-10,0.09619826090204306,0.8830035165807345,-0.44526090048173733,bull
2024-12-11,0.09540229497270998,0.8830393506305269,-0.46329589706274743,bull
2024-12-12,0.09546685063383498,0.8839638721045004,-0.4715323754762503,bull
2024-12-13,0.09136053212743342,0.8930914199515254,-0.4674929322959597,bull
2024-12-16,0.09160792804007836,0.9026022346628912,-0.42377412025663413,bull
2024-12-17,0.09020441844490874,0.9065370921619832,-0.42723234355474166,bull
2024-12-18,0.1294833603135181,0.9158165980149322,-0.41706224090129335,bull
2024-12-19,0.1299658755335545,0.9106645420399097,-0.4096627502274016,bull
2024-12-20,0.13491582361717344,0.9141417391011973,-0.3856367252939978,bull
2024-12-23,0.13620354561386694,0.9126595060028573,-0.3556552271130068,bull
2024-12-24,0.14090793457878495,0.9140410541105535,-0.354000849139883,bull
2024-12-26,0.14214399505562883,0.9130613248643802,-0.35852187073136477,bull
2024-12-27,0.14701831571137602,0.9132791939766405,-0.34871939550556746,bull
2024-12-30,0.15367159644036044,0.9158938010444344,-0.3446916452906424,bull
2024-12-31,0.1508596318760067,0.9145581669085922,-0.3609660941605263,bull
2025-01-02,0.14774148817260685,0.9132267328618439,-0.359601444197408,bull
2025-01-03,0.15153842824935224,0.9137239795080243,-0.35635084059006433,bull
2025-01-06,0.1471642900867942,0.9049020512594899,-0.35617765507258053,bull
2025-01-07,0.14450701691868215,0.9044067489750989,-0.41822568519796977,bull
2025-01-08,0.13991148506841086,0.9048951605649305,-0.3921297399732204,bull
2025-01-10,0.14636209042506534,0.9064562494022269,-0.396359827407552,bull
2025-01-13,0.14927491617789224,0.9065927693887108,-0.37196597857400215,bull
2025-01-14,0.14673403457350706,0.9334696546305794,-0.3862326310740632,bull
2025-01-15,0.15651127947914872,0.9384068267687884,-0.37408835381041045,bull
2025-01-16,0.15353778080520733,0.9285019467095118,-0.39055590921097993,bull
2025-01-17,0.1513332158484636,0.9273750749790216,-0.3711309249243716,bull
2025-01-21,0.15221503642502174,0.9222285374665836,-0.3520594560462202,bull
2025-01-22,0.14871978810682268,0.9219500417118215,-0.36585644739867457,bull
2025-01-23,0.15623566768556582,0.9222380248209033,-0.3618742483793983,bull
2025-01-24,0.15496626730464658,0.9204478067091747,-0.36270319162324804,bull
2025-01-27,0.15168190454564334,0.9198142605974529,-0.5644290158584883,bull
2025-01-28,0.14902948609571637,0.9189592342798973,-0.5843318058806588,bull
2025-01-29,0.1500424062767991,0.9209941816681674,-0.5860700531056835,bull
2025-01-30,0.13593566330134288,0.9212244750779143,-0.5917584208348127,bull
2025-01-31,0.13962071794315434,0.9212964418776535,-0.58434142570637,bull
2025-02-03,0.1392851447377343,0.9226338657295126,-0.5822574079357139,bull
2025-02-04,0.13435845985617142,0.9248234752686023,-0.5722578287501774,bull
2025-02-05,0.14287729343023867,0.8623282235522669,-0.5445191185534463,bull
2025-02-06,0.14459897436257896,0.8579619450241056,-0.5455415857594489,bull
2025-02-07,0.15004040162531057,0.857822240535594,-0.5502958214388807,bull
2025-02-10,0.15479234314488702,0.8525010158973801,-0.5390999919948367,bull
2025-02-11,0.15315017850781731,0.8499410258593663,-0.5323899715208014,bull
2025-02-12,0.1521238228256293,0.8484402470114801,-0.527363458358237,bull
2025-02-13,0.1538508128294455,0.8503740871054718,-0.5042634004591542,bull
2025-02-14,0.1535219653393579,0.8526176483231338,-0.5001362133587536,bull
2025-02-18,0.15168392157599547,0.8562030516661727,-0.49887753302936677,bull
2025-02-19,0.1517766101393155,0.8527245151901874,-0.4772179328927239,bull
2025-02-20,0.14762407712899586,0.8718476053204549,-0.47097547054903655,bull
2025-02-21,0.15071971768444142,0.8694353912472377,-0.49380018691830874,bull
2025-02-24,0.1463606360117519,0.8695469174521768,-0.5055964369199466,bull
2025-02-25,0.14145358496752874,0.8632496019783592,-0.512998524937138,bull
2025-02-26,0.14252400946939273,0.8756596989702321,-0.5244040989880281,bull
2025-02-27,0.1437664369801419,0.8772195932438591,-0.5099836290806181,bull
2025-02-28,0.15511676675561892,0.8833825630052815,-0.49281192423276754,bull
2025-03-03,0.1608016962532067,0.8891270642563354,-0.5059007434703212,bull
2025-03-04,0.1737215705952754,0.8979930949111553,-0.509466865068526,bull
2025-03-05,0.18192210653053598,0.8994675746409667,-0.5014457481815215,bull
2025-03-06,0.18257439412115345,0.9049119930437179,-0.49947729558491955,bull
2025-03-07,0.18183338144484187,0.9017331511294573,-0.4976237275275923,bull
2025-03-10,0.19357260692049433,0.9121952660498348,-0.4994118143747642,bull
2025-03-11,0.19659316086372974,0.9115235563372346,-0.5078834479725486,bull
2025-03-12,0.19521953863126382,0.9114049068425335,-0.5215931790454656,bull
2025-03-13,0.1948898902798129,0.9128857347584872,-0.5243583300745945,bull
2025-03-14,0.20516401944233212,0.9174054316457071,-0.523007269999036,bull
2025-03-17,0.21146097396548882,0.9206652633119136,-0.5473597024504574,bull
2025-03-18,0.21404002608878012,0.9225971370456146,-0.5536728844773456,bull
2025-03-19,0.18975857275581176,0.916016647634473,-0.5672194592001533,bull
2025-03-20,0.190647567091513,0.9181826894670778,-0.5666242679319415,bull
2025-03-21,0.18497334395789605,0.9154481455462512,-0.5745197613306592,bull
2025-03-24,0.18774686827463583,0.9177034334639678,-0.5847908805244639,bull
2025-03-25,0.18326414293284154,0.9163661746020003,-0.5739002709716068,bull
2025-03-26,0.18226484076795016,0.920154024916186,-0.5706218815250932,bull
2025-03-27,0.179642748709667,0.9219125706747416,-0.5775004868361131,bull
2025-03-28,0.18127211972122625,0.9244829948898122,-0.581784936745773,bull
2025-03-31,0.1828836799627865,0.9242771367522147,-0.5785308717561137,bull
2025-04-01,0.18118077780162092,0.9241448610120554,-0.4626940555364278,bull
2025-04-02,0.1793462548533297,0.9261914886921732,-0.46275224693810435,bull
2025-04-03,0.23406922814818248,0.9477243878416062,-0.4878006769426278,bull
2025-04-04,0.3178720339529002,0.9547203526287588,-0.3683646323292495,bull
2025-04-07,0.3151222141506857,0.949549538736623,-0.3844429737398059,bull
2025-04-08,0.31646178531771924,0.9483395522301346,-0.38559674916427794,bull
2025-04-09,0.42009891840580255,0.9598262466513809,-0.3195464415307544,lateral
2025-04-10,0.4326945254452244,0.9617282368197755,-0.29442629085747507,lateral
2025-04-11,0.43564520020010755,0.9612604384156282,-0.2783433916721156,lateral
2025-04-14,0.4393306270784635,0.9667496027250545,-0.27263349270740284,lateral
2025-04-15,0.4403380535524543,0.9667378828396216,-0.2713320949361601,lateral
2025-04-16,0.4439485383226013,0.9697367927431739,-0.27333224692342384,lateral
2025-04-17,0.43758120171220116,0.9695610858643108,-0.5100804356679932,lateral
2025-04-21,0.4401898063701778,0.9686948408180327,-0.4757164644314972,lateral
2025-04-22,0.449228297988281,0.9698372209269692,-0.4797584117230609,lateral
2025-04-23,0.4558980353032172,0.9701173609518605,-0.4956333699368079,lateral
2025-04-24,0.460926239130336,0.9709491687861399,-0.49161009882192414,lateral
2025-04-25,0.4593072670205967,0.9707952390497804,-0.4916522099056882,lateral
2025-04-28,0.47195013540238195,0.970704396550672,-0.5016529611161304,lateral
2025-04-29,0.47335100368503186,0.9708917264721376,-0.5042582199774669,lateral
2025-04-30,0.47517661911593667,0.9708576912663328,-0.5009576388586724,lateral
2025-05-01,0.4715266465362441,0.971215691214261,-0.3993529120115812,lateral
2025-05-02,0.47846071981246213,0.9710751705257231,-0.39341026272381213,lateral
2025-05-05,0.48313438035709205,0.9706885014366298,-0.39108725241163056,lateral
2025-05-06,0.4818355509529268,0.9703562243738804,-0.36519334212131677,lateral
2025-05-07,0.48025048640402457,0.9713911607916874,-0.3641744710400639,lateral
2025-05-08,0.47957729035495633,0.9722650346390652,-0.3577059859829746,lateral
2025-05-09,0.4809528010158764,0.9726635313509153,-0.3540019782703824,lateral
2025-05-12,0.487640801026933,0.9736226487604732,-0.3518554222770886,lateral
2025-05-13,0.48525170572731635,0.9736319274782494,-0.2804565055356864,lateral
2025-05-14,0.48299859899461245,0.9738770989545951,-0.2713464460849436,lateral
2025-05-15,0.48250953395296536,0.9740805742411895,-0.29418628516932555,lateral
2025-05-16,0.48897324545309084,0.9730147783960965,-0.2587861116847616,lateral
2025-05-19,0.491238549519883,0.973192665376851,-0.25458293800461407,lateral
2025-05-20,0.4924047152554946,0.9748963866402978,-0.25567281292632166,lateral
2025-05-21,0.49872118030922086,0.9766346764290381,-0.24627467323655794,lateral
2025-05-22,0.4980141442802647,0.9769666041051843,-0.24395773041864988,lateral
2025-05-23,0.49959090999295586,0.9769037787568634,-0.24299800526130416,lateral
2025-05-27,0.5000293088887883,0.9766829182187865,-0.2466801294562867,lateral
2025-05-28,0.5037572324348135,0.976413593928683,-0.2462389161411356,lateral
2025-05-29,0.5038011033528093,0.9770218057712022,-0.24253493547398416,lateral
2025-05-30,0.5036665489385632,0.977057633682798,-0.23987903787226486,lateral
2025-06-02,0.5067156292475351,0.9766553957158782,-0.23293206257407878,lateral
2025-06-03,0.5099976141035972,0.977971949275171,-0.22788047769298442,lateral
2025-06-04,0.5154883715672959,0.9781841346736965,-0.23646642532004572,lateral
2025-06-05,0.5143349119274723,0.9777782334012755,-0.23572250377948534,lateral
2025-06-06,0.5196270428370158,0.9783896680082572,-0.23262209038651074,lateral
2025-06-09,0.5247723914222671,0.9781187747921886,-0.2310386494542979,lateral
2025-06-10,0.5225044022150329,0.9776011161173729,-0.22777068900787695,lateral
2025-06-11,0.5224658370310555,0.9751880104914257,-0.2315605715638943,lateral
2025-06-12,0.5224693730259384,0.9751897913995827,-0.22897541443324887,lateral
2025-06-13,0.5239756107155077,0.975604902905099,-0.23128344625108416,lateral
2025-06-16,0.5224626039320501,0.9743848981142568,-0.23269929338467443,lateral
2025-06-17,0.5247360478175223,0.9748960203717812,-0.2337027699257812,lateral
2025-06-18,0.5251302330490704,0.9752731023333359,-0.23850774047077397,lateral
2025-06-20,0.528091134974693,0.9747950513519681,-0.23476219198163797,lateral
2025-06-23,0.5310210915537951,0.9746213248459826,-0.23034671822000477,lateral
2025-06-24,0.5305498203672001,0.973504685844378,-0.2267782858388494,lateral
2025-06-25,0.5303101441081485,0.9729153275145117,-0.22700709149668533,lateral
2025-06-26,0.5311200737886991,0.9724277726706578,-0.22804834012002748,lateral
2025-06-27,0.5314290324883284,0.9738257782801129,-0.2329713835626824,lateral
2025-06-30,0.5310180974623739,0.9682881578870576,-0.23361649569371573,lateral
2025-07-01,0.5376607264333486,0.9584924775911289,-0.2222597459819615,lateral
2025-07-02,0.4864264452791667,0.9466308744644529,-0.24521680327410617,lateral
2025-07-03,0.49083549514017905,0.9567468592294053,-0.24416710708451034,lateral
2025-07-07,0.48838651765060664,0.952355357856204,-0.24782616325492948,lateral
2025-07-08,0.35980189488523884,0.9207890791304031,-0.27321145865961677,bull
2025-07-09,0.3200687605423599,0.9014640910433561,-0.26059688384175045,bull
2025-07-10,0.3149752758642816,0.902144872337664,-0.27511227063886823,bull
2025-07-11,0.31476892962622355,0.9051957580474734,-0.28084831174198605,bull
2025-07-14,0.3152833381800673,0.9065367919653983,-0.28039042189382285,bull
2025-07-15,0.2984855635757089,0.9062405498304694,-0.32134619636797224,bull
2025-07-16,0.30012966647250905,0.9011930537988162,-0.2383115313203016,bull
2025-07-17,0.276316115601349,0.9004720632640935,-0.26802665405381343,bull
2025-07-18,0.2561583750089532,0.8740771076956706,-0.35414124375534506,bull
2025-07-21,0.2535326963573626,0.8715751047480337,-0.3507753824069316,bull
2025-07-22,0.2448921022331711,0.8702603350662659,-0.36775295440604244,bull
2025-07-23,0.2498538757006422,0.8711282609007874,-0.37118088210618116,bull
2025-07-24,0.24702026134918992,0.8716842065183539,-0.3584583463370831,bull
2025-07-25,0.24682840287024227,0.8719456319120085,-0.35942320010530315,bull
2025-07-28,0.24630693072813412,0.8640990809939587,-0.35597910467508376,bull
2025-07-29,0.2507002125758194,0.8612013208718664,-0.315462800411029,bull
2025-07-30,0.2448182584765444,0.8587029530635236,-0.31354935691869984,bull
2025-07-31,0.23777991474928886,0.8551580283725627,-0.3043693806887452,bull
2025-08-01,0.23119491087667696,0.8609232289793604,-0.3026562292990187,bull
2025-08-04,0.23645917059421834,0.8642213051309541,-0.3240296697228083,bull
2025-08-05,0.234913119569388,0.8601323616025092,-0.3058711391300245,bull
2025-08-06,0.22986435852523573,0.8601225626490756,-0.30207355298141025,bull
2025-08-07,0.17795476010496694,0.8368428475707802,-0.2956829323112917,bull
2025-08-08,0.18519824421458086,0.8184938717723848,-0.28769044836705593,bull
2025-08-11,0.18907441658126117,0.8189446192108589,-0.3669801308024959,bull
2025-08-12,0.19497660749006024,0.8255454648316083,-0.3384804194789927,bull
2025-08-13,0.1918018295815043,0.827328351075954,-0.3243399165631791,bull
2025-08-14,0.19184356193245738,0.8233567729517965,-0.3084480088862771,bull
2025-08-15,0.18550851355490947,0.8325024070925812,-0.3181586220329516,bull
2025-08-18,0.16470890473207545,0.8229179787954681,-0.34733401522823365,bull
2025-08-19,0.160322783252003,0.8226090482100752,-0.35003424045864096,bull
2025-08-20,0.15818670708488936,0.8225949115154755,-0.3344133845195036,bull
2025-08-21,0.14240207952923584,0.8087466254529901,-0.3612472846917756,bull
2025-08-22,0.15195104830189965,0.8224904182955326,-0.3713807984543113,bull
2025-08-25,0.15664372490343922,0.8298441346575728,-0.40104711478430366,bull
2025-08-26,0.15615325567444385,0.8305872545166755,-0.3751609766902304,bull
2025-08-27,0.15652381237083599,0.8321812413942157,-0.36921917559342987,bull
2025-08-28,0.15614576672634248,0.832340840503224,-0.3741241818339405,bull
2025-08-29,0.15422538026599175,0.8300838861111732,-0.37976603450311947,bull
2025-09-02,0.15457256315506265,0.8387174867932072,-0.3880620044391592,bull
2025-09-03,0.14313583318699255,0.8375834400738627,-0.41353964967497725,bull
2025-09-04,0.14287142582289716,0.8401100740586699,-0.4155596861012359,bull
2025-09-05,0.14082744652816367,0.8448856047061498,-0.38519848763836145,bull
2025-09-08,0.14048273803400546,0.8533842159461399,-0.36880325268992376,bull
2025-09-09,0.1406813833675515,0.8615567411596556,-0.3716103933789941,bull
2025-09-10,0.13282057385171112,0.8529861601048235,-0.39335278156358155,bull
2025-09-11,0.13546507950648737,0.8569824267705778,-0.3943328560201243,bull
2025-09-12,0.12833372425528156,0.8555336195567236,-0.4362900178254533,bull
2025-09-15,0.12910841614833726,0.8519843760274245,-0.4507634228598645,bull
2025-09-16,0.1291667253155829,0.8536054176596923,-0.4493813240770439,bull
2025-09-17,0.12695927223046113,0.853999432565847,-0.4872175959530284,bull
2025-09-18,0.12255905892379487,0.852735305168986,-0.49187166498897744,bull
2025-09-19,0.12291939009737696,0.8513717700896734,-0.4795733386466268,bull
2025-09-22,0.11981385958883069,0.8475528422746055,-0.4968460478709784,bull
2025-09-23,0.12106438322096626,0.8476958357439714,-0.4922459792798491,bull
2025-09-24,0.12152548010589645,0.875744326844145,-0.49147840968569895,bull
2025-09-25,0.11882118484888815,0.8752626222042889,-0.4715940913933283,bull
2025-09-26,0.12067331471802259,0.8741048488743972,-0.4799057308020959,bull
2025-09-29,0.11898472231138578,0.8719775605635565,-0.45903561643632906,bull
2025-09-30,0.10973340408269627,0.8800910649851784,-0.4513081298779664,bull
2025-10-01,0.1090752773945857,0.8773150223853154,-0.44924084037362,bull
2025-10-02,0.10807709911606621,0.879243173958294,-0.45121268967026257,bull
2025-10-03,0.10570434017681908,0.8801478126288171,-0.45764547998628036,bull
2025-10-06,0.1037150303104749,0.8783078870105764,-0.43422720684372895,bull
2025-10-07,0.10432444958107984,0.877553885925202,-0.4671765688588981,bull
2025-10-08,0.0977570627770388,0.8652369533731432,-0.47408079693038646,bull
2025-10-09,0.09867620849886442,0.8939725359018335,-0.47529891394891866,bull
2025-10-10,0.12865567526445384,0.9018527867679577,-0.43075347547922377,bull
2025-10-13,0.13522165784735657,0.9073282886189303,-0.4500910612120288,bull
2025-10-14,0.13145844014203104,0.8879226570518902,-0.4736043400464912,bull
2025-10-15,0.12726694145759668,0.8153013824860962,-0.4486599358231359,bull
2025-10-16,0.12423364435665779,0.8208534020137395,-0.4479550654611999,bull
2025-10-17,0.126112501508866,0.8218915713454289,-0.4481080242973212,bull
2025-10-20,0.13154947813772055,0.8237835427550918,-0.44493057551600634,bull
2025-10-21,0.1309852354428266,0.8239908258309052,-0.406766424165894,bull
2025-10-22,0.13648536230184333,0.8298767065212407,-0.41064516985650873,bull
2025-10-23,0.13181808590890004,0.8289966715888337,-0.3875723531661473,bull
2025-10-24,0.13098763835115337,0.8346286185809311,-0.3859023429479822,bull
2025-10-27,0.1278524846055166,0.8341598809160714,-0.39577716188406004,bull
2025-10-28,0.12005559709484886,0.835812675644859,-0.4000746924095965,bull
2025-10-29,0.12016281383562559,0.8658768725103021,-0.44870964960877874,bull
2025-10-30,0.11904646516245516,0.8659941532734342,-0.45294954888133354,bull
2025-10-31,0.11711933202956146,0.8552132228924029,-0.45692969567315,bull
2025-11-03,0.11770768867993138,0.8153424635708941,-0.4711111862642182,bull
2025-11-04,0.1196742296180295,0.7941236582340176,-0.433756554093642,bull
2025-11-05,0.11459321528843208,0.7961570439021172,-0.41389656077191517,bull
2025-11-06,0.1140086137193257,0.7943958749314514,-0.42512583385470476,bull
2025-11-07,0.11390751030860871,0.7981107464814879,-0.41964822493394505,bull
2025-11-10,0.1196309947262866,0.7932475741487044,-0.42804190587221036,bull
2025-11-11,0.12616681179906267,0.8142090999546736,-0.4646484880665421,bull
2025-11-12,0.12728613151361814,0.8123712254262827,-0.43580913408802513,bull
2025-11-13,0.1348244145970569,0.8139572738545935,-0.4289951178553113,bull
2025-11-14,0.13439710930746587,0.8197013532243197,-0.43008737122143215,bull
2025-11-17,0.12239445457918188,0.8194141675928834,-0.4062556413881489,bull
2025-11-18,0.11928219549092109,0.8184000817185583,-0.4195389215083575,bull
2025-11-19,0.11911090604162941,0.8178591648771,-0.4228789984852581,bull
2025-11-20,0.12151849506740801,0.8220596165685723,-0.42468165380539796,bull
2025-11-21,0.12741600038674028,0.8229744867860864,-0.43053269391750315,bull
2025-11-24,0.12693635461181568,0.8114462785649981,-0.4268470892860355,bull
2025-11-25,0.13330655958004922,0.8167221787721863,-0.43344719994039005,bull
2025-11-26,0.1362716758297484,0.820055055915792,-0.43291067077888296,bull
2025-11-28,0.1375975771086711,0.8157375579653527,-0.4362729836506097,bull
2025-12-01,0.13911457952489545,0.8296551426047393,-0.4320875153247145,bull
2025-12-02,0.1367197600884177,0.8269145867470923,-0.43222644780359243,bull
2025-12-03,0.1404506952781135,0.8246389669759566,-0.4410729762247951,bull
2025-12-04,0.14107149813184972,0.8175933523341806,-0.4298413101276713,bull
2025-12-05,0.13613802378995632,0.7991021123198762,-0.42178775101224925,bull
2025-12-08,0.1394010349215918,0.7954851621694864,-0.41999941650849204,bull
2025-12-09,0.13820214942598041,0.7976153634548072,-0.42002091593842145,bull
2025-12-10,0.14318041193373499,0.7955440779215884,-0.4147038579503261,bull
2025-12-11,0.1428921472826585,0.7823298228352519,-0.40357665065651604,bull
2025-12-12,0.14440507287635412,0.7811025795137921,-0.4323549478308084,bull
2025-12-15,0.1445662412314691,0.7804870104954487,-0.43654125898907564,bull
2025-12-16,0.14991618371231755,0.7826084762296579,-0.4283603106260827,bull
2025-12-17,0.14956479433992936,0.7839983659384202,-0.42091068402377524,bull
2025-12-18,0.14999116342133526,0.7708762231828167,-0.4244289315243312,bull
2025-12-19,0.14756053556996462,0.7765625516796802,-0.4404588060565967,bull
2025-12-22,0.14526546694985867,0.7741088239451006,-0.4405162355422274,bull
2025-12-23,0.14604760222722696,0.7740991551200055,-0.4416187798489795,bull
2025-12-24,0.15129779107172434,0.772809647695658,-0.44417808054890173,bull
2025-12-26,0.15575360821107445,0.7681350685214259,-0.44506844792994676,bull
2025-12-29,0.15697263185995383,0.76990113346224,-0.43935541140640183,bull
2025-12-30,0.157878668662667,0.768748855499477,-0.4470922044290075,bull
2025-12-31,0.16292555528456262,0.7705001297913354,-0.45179942972831383,bull
2026-01-02,0.16352139946689928,0.7774535988804454,-0.46182945331202174,bull
2026-01-05,0.16280482473677746,0.7898621206891453,-0.4663134012165766,bull
2026-01-06,0.15972657304842386,0.8027114071179744,-0.4659654716812411,bull
2026-01-07,0.13363862069900126,0.7906955832254136,-0.4594290298254816,bull
2026-01-08,0.12831818585140758,0.7976763543162939,-0.4592016695984562,bull
2026-01-09,0.1309255960662123,0.8012257467674833,-0.44989399746002884,bull
2026-01-12,0.13300951861924737,0.8803202541209577,-0.4488497013470341,bull
2026-01-13,0.12905545699644488,0.8777829696219113,-0.4664073756025372,bull
2026-01-14,0.1276354213490299,0.8765230210565297,-0.4781553080333096,bull
2026-01-15,0.11770231657646539,0.8834983449377835,-0.4862054115370415,bull
2026-01-16,0.11842781178847217,0.8880831849258095,-0.4876175259687683,bull
2026-01-20,0.12324851702275269,0.8855994834799215,-0.5120986939550349,bull
2026-01-21,0.13068478932972813,0.8856121566305999,-0.5161828454143819,bull
2026-01-22,0.1299702174550968,0.881463657727558,-0.49973819539681086,bull
2026-01-23,0.12563053812052108,0.8838916474055214,-0.48604995540378504,bull
2026-01-26,0.1273049577876682,0.8857714759932234,-0.49733285985196185,bull
2026-01-27,0.12223816219589394,0.883727681354474,-0.48257774995512415,bull
2026-01-28,0.12315011614730342,0.8815184638467468,-0.48350392041206436,bull
2026-01-29,0.1222860693171073,0.8813041544703415,-0.46838009012451226,bull
2026-01-30,0.12162120710454163,0.875858078449981,-0.45643343873816794,bull
2026-02-02,0.11910121260406463,0.8766443930277802,-0.4955443856616809,bull
2026-02-03,0.11659810939861268,0.878132485032391,-0.5242340321877146,bull
2026-02-04,0.11053859906324237,0.8783483512968168,-0.5404825436018773,bull
2026-02-05,0.11690846452046834,0.8835973333639141,-0.5449385001997035,bull
2026-02-06,0.12444470284075217,0.8835652341576753,-0.4707413674775006,bull
2026-02-09,0.11870544742477758,0.8845660073949334,-0.4629021100571103,bull
2026-02-10,0.1185028633200949,0.8597486328845314,-0.4641880385102053,bull
2026-02-11,0.10922949947030988,0.8553401144311862,-0.4761326392694735,bull
2026-02-12,0.11239012066289457,0.8717319443971981,-0.47831179932098356,bull
2026-02-13,0.10985027887592014,0.8593861057793274,-0.48546839991837243,bull
2026-02-17,0.10787213008709919,0.8581710556798354,-0.4836953829369909,bull
2026-02-18,0.10745885921066084,0.8577027540203096,-0.4959468688330802,bull
2026-02-19,0.10419256368446236,0.8564693086713896,-0.49046149165537056,bull
2026-02-20,0.09899315565482114,0.8566055287919775,-0.4740148407258802,bull
2026-02-23,0.09783670805634498,0.8616589561105035,-0.44194923948844794,bull
2026-02-24,0.09339299032861684,0.86110928745503,-0.45132956337510943,bull
2026-02-25,0.09121847751889699,0.8613058465829416,-0.4651379804521158,bull
2026-02-26,0.08884120480104064,0.8571132736863397,-0.459098608918853,bull
2026-02-27,0.08054599552233613,0.8841726039159883,-0.4971292994581363,bull
2026-03-02,0.08162255579094226,0.8843778402196438,-0.4873210343881484,bull
2026-03-03,0.0841176208592926,0.8806571746223836,-0.4819089583279879,bull
2026-03-04,0.08333252724564955,0.8810245740820909,-0.4781268700309227,bull
2026-03-05,0.092643501515884,0.8857862224196118,-0.44310402425317785,bull
2026-03-06,0.0930938082464375,0.8884416054609227,-0.43662783469741484,bull
2026-03-09,0.09365384296542553,0.8860214887314575,-0.43621089294685833,bull
2026-03-10,0.08823935160643115,0.8867653824769943,-0.4355744059509055,bull
2026-03-11,0.08764385821783369,0.8899552647215138,-0.4445189620352157,bull
2026-03-12,0.0988527299416314,0.8997706074587701,-0.4406416222933674,bull
2026-03-13,0.09936570517818784,0.8983323341821243,-0.43445430621070885,bull
2026-03-16,0.10063407098816861,0.8973263562611302,-0.4308666135880212,bull
2026-03-17,0.10002040018555437,0.8981442127690962,-0.4322835710512865,bull
2026-03-18,0.10972815675339424,0.9006397959852008,-0.43346186158835315,bull
2026-03-19,0.11329534133212865,0.8981340566174433,-0.43332582377267403,bull
2026-03-20,0.11963081540818306,0.8965691795036501,-0.4521712683484564,bull
2026-03-23,0.12467190722994226,0.8983560249515533,-0.4461149663015391,bull
2026-03-24,0.12207845633463736,0.8978287891861206,-0.45387804259564596,bull
2026-03-25,0.12416332264694055,0.8972202552300645,-0.44444427464758707,bull
2026-03-26,0.12839255876192812,0.897246651863397,-0.43995857825165763,bull
2026-03-27,0.13354844013713987,0.8992227826211793,-0.43930497631448134,bull
2026-03-30,0.132706239663835,0.8987622769825847,-0.44676398159584363,bull
2026-03-31,0.15264793214584846,0.9041410502146805,-0.3966715236788644,bull
2026-04-01,0.14596749396452696,0.9024643308463414,-0.3986642437738213,bull
2026-04-02,0.1463492560156035,0.9017760825829458,-0.4118177096998259,bull
2026-04-06,0.14673301071160003,0.9011644405130078,-0.410506959580268,bull
2026-04-07,0.14452414166253746,0.898683146469654,-0.40837040087819293,bull
2026-04-08,0.1609654681946661,0.9061756912301498,-0.4636801408740751,bull
2026-04-09,0.163086248027346,0.9042242811318554,-0.4716321415376569,bull
2026-04-10,0.16637167971819272,0.9037628925660306,-0.47491771432175994,bull
2026-04-13,0.16729886658238008,0.8809326189564409,-0.44794973083674605,bull
2026-04-14,0.17006414291098207,0.8716466546587219,-0.4730900161453223,bull
2026-04-15,0.16816650962226845,0.822617235448556,-0.4731013560614868,bull
2026-04-16,0.1641712919914599,0.8226939767598096,-0.47824106855713133,bull
2026-04-17,0.16342985534768592,0.8327240584885467,-0.5192908037363689,bull
2026-04-20,0.1636198328791748,0.8286710040669516,-0.5208485595942456,bull
2026-04-21,0.16703560592693892,0.8279472303444844,-0.518034937884023,bull
2026-04-22,0.16704283205676332,0.8279919347031803,-0.5071968462151428,bull
2026-04-23,0.1667412550853517,0.8276412898453854,-0.511688494225906,bull
2026-04-24,0.16386564321663824,0.8287593529114902,-0.5173341398510071,bull
2026-04-27,0.1683881577258271,0.8310709767254261,-0.5295039910813324,bull
2026-04-28,0.1677033804879207,0.8523167554054034,-0.5283104080287363,bull
2026-04-29,0.16634696246773029,0.8527752483681952,-0.512427266344256,bull
2026-04-30,0.16770102469157547,0.8466838992109484,-0.4644379263388146,bull
2026-05-01,0.17386870378162012,0.8528581002897607,-0.4711130582507212,bull
2026-05-04,0.17272163775277885,0.8541543317430856,-0.4993584388685247,bull
2026-05-05,0.16618148681176484,0.8488395026038209,-0.4967769154569952,bull
2026-05-06,0.1695632853488735,0.8562364685621697,-0.5111904619196542,bull
2026-05-07,0.17218194617761323,0.8583234818163652,-0.5126547762276901,bull
2026-05-08,0.1715985198776618,0.8538432661542167,-0.5033143114818638,bull
2026-05-11,0.17053946380129967,0.8504735389273241,-0.5375564139873873,bull
2026-05-12,0.17019947422958348,0.8582103733904651,-0.5375919537055406,bull
2026-05-13,0.1705384752876576,0.8572004871266116,-0.5345511452010823,bull
2026-05-14,0.17049785592980876,0.8543730776146379,-0.5570512008503277,bull
2026-05-15,0.17179700153770233,0.8589948268049059,-0.568060500944519,bull
2026-05-18,0.17148997890975606,0.864650676417552,-0.5594309194126404,bull
2026-05-19,0.17410917556985345,0.8710189982214877,-0.5715578371788929,bull
2026-05-20,0.1725987633649834,0.882418817508798,-0.6052453655222605,bull
2026-05-21,0.17095981760472265,0.8826438058048576,-0.6043352949134568,bull
2026-05-22,0.1734864464429701,0.8823074388608158,-0.6033992564894566,bull
2026-05-26,0.1871923233481967,0.8887771496231733,-0.6046862395837742,bull
2026-05-27,0.18595260965865604,0.8892100894635239,-0.6104240118636067,bull
2026-05-28,0.18151579563814246,0.8889723005009109,-0.6075551178404605,bull
2026-05-29,0.18060503626991975,0.8869871354876178,-0.6081255588348677,bull
2026-06-01,0.17316297638925765,0.8937308872942122,-0.5684370052771428,bull
2026-06-02,0.16925037131096113,0.892209398024591,-0.5832213274944733,bull
2026-06-03,0.16784360993385056,0.8925689854203914,-0.5592846085038766,bull
2026-06-04,0.1706657055739971,0.8910441160707135,-0.5813308101131761,bull
2026-06-05,0.16714256783465664,0.8887926654199019,-0.574022433354771,bull
2026-06-08,0.15785037331669252,0.894531144507138,-0.5485454475869704,bull
2026-06-09,0.15411224895611256,0.901455673907209,-0.5463922148526623,bull
2026-06-10,0.1543496998830622,0.9022678002342929,-0.5580381020278237,bull
2026-06-11,0.15865024006531261,0.9047006345056798,-0.5712513428828264,bull
2026-06-12,0.15066381750408436,0.9068345495114627,-0.5741832264322774,bull
